id,text,n_tokens
c_cb6af52d1d53,13 janji akan mencari solusi banjir jakarta dan kemacetan jakarta ketika jadi presiden bahkan statemen di 2014 akan menggunakan cara lain namun faktanya kini banyak barisan pendukung yang menyalahkan anies sandi dengan fakta jakarta masih banjir dan macet ingat janji ini,41
c_3b8ed3a75c86,ingin tenangkan diri di musim banjir ? -memancing -sukat air -bakar ikan -berehat di atas rumah rakit khas musim cuti rm20 seorang ( termasukhomestay ) p/s ikan dibekalkan minimum 8 orang,31
c_00e6b2935e72,intensitas dan curah hujan yang tinggi telah menyebabkan banjir di berbagai daerah di tanah air kala banjir melanda tetap tenang dan tingkatkan kewaspadaan berikut beberapa poin yang dapat dilakukan guna mengurangi risiko banjir,33
c_81855da6169b,ayuh kita bersama menjayakan misi bantuan mangsa banjir di mersing pada 3 jangan ( 9 pagi - 1 petang ) di ibu pejabat saj ranhill larkin,26
c_0874cbf16b25,anak buah bantu set up pusat pemindahan banjir di balairaya tg bungor syabas ! ! !,16
c_f6644ea5ecc9,`` : video kenangan gub dki jaman old menegaskan masalah banjir bukan masalah jakarta itu kewenangan pemerintah pusat dia menegaskan jika terpilih sebagai presiden maka segala persoalan di jakarta dapat mudah teratasi ``,33
c_dd5d722d47dd,laporan awalan bencana jenis kejadian : banjir & air melintas di atas jalan tarikh kejadian : <PHONE> daerah,18
c_76c49e428bfb,anggota rela pekan sedang membantu memberi sajian makanan kepada mangsa2 banjir di pusat pemindahan suka merchong jaya,17
c_fddb83a9b5ee,banjir di jalan pagarsih,4
c_eebfe0c0751e,keadaan banjir di seberang jaya jam 6:45pg tadi,8
c_d22b54df8bc4,anifah lawat mangsa banjir di membakut -,7
c_6a957b0fd1fc,sekarang nih kan musim hujan risau juga kalau air banjir naik lagi-lagi yang suka park kereta di tempat terbuka meminta jauh tapi andaikata ini terjadi kepada kereta anda boleh amalkan tips ini kalau tak amalkan rm 3 0 melayang !,40
c_fe265466345f,anggota rela wanita daerah pekan membantu mengangkat barang-barang keperluan untuk mangsa2 banjir di pusat pemindahan suka merchong jaya merchong,19
c_eedf2d23faab,kondisi terkini banjir luapan kali wulung di terisolir sabar nggih cc :,12
c_bac5509648c7,terdapat perubahan untuk situasi banjir tahun ini terdapat 5 lokasi kawasan berpagar di bahu jalan untuk lembu,17
c_fa36f1c300a8,banjir lahar hujan membawa material piroklastik dari erupsi gunung agung terpantau di sungai di desa dukuh kubu kabupaten karangasem siang ini jangan melakukan aktivitas di sungai tunggu sampai reda setelah itu silakan ambil pasirnya ini adalah berkah dari gunung agung,40
c_4d8dbd93ac3b,saya di pusat pemindahan banjir di suka temai tadi alhamdulillah saya lihat ramai dalam kalangan mangsa meskipun ditimpa musibah tetap bersikap positif dan tabah hadapi dugaan ini kerajaan akan terus bantu,31
c_6d277cdb9139,pekan : perdana menteri datuk seri najib razak melawat mangsa banjir di pusat pemindahan sekolah kebangsaan ( sk ),19
c_293c8f0c46a9,tengah hari ini melawat mangsa banjir yang ditempatkan di dewan kg seri damai bantuan akan terus kerajaan berikan bukan sahaja untuk keadaan semasa banjir tetapi juga untuk pasca banjir kelak,30
c_5a31267f8bb6,8 januari 2018 banjir di kg chegar perah kuala lipis,10
c_184234c8c525,bencana banjir di dusun krajan desa winong kecamatan tugu,9
c_fd778c41b59b,dampak fenomena supermoon adalah adanya peningkatan pasang air laut maksimum yang dapat mengakibatkan terjadinya banjir rob ( genangan air laut di daratan ) maka masyarakat yang berada di pesisir pantai diharapkan agar tetap waspada terhadap dampak yang ditimbulkan,38
c_41b4b743d0dd,puji tuhan sekarang jadi enggak terlalu malu kalo ada airport di indonesia yang kebanjiran wong airport di amerika saja bisa banjir airport di new york kebanjiran,26
c_b7885a8f97a0,banjir di wilayah tlogopojok perempatan petrokimia gresik video kiriman : roby_fan,11
c_df4b9efc02a6,abah ku kota malang amat cantik dengan taman tata kota & jalan yang indah tapi itu sebelum banjir di jalanan utama dikata hujan deras tingkat kemacetan meningkat dan parkir liar menghiasi tiap gerai di malang masih 'beautiful malang ' kah ?,41
c_edf328551082,tkpm ara kuda pulih sepenuhnya selepas banjir november 2017 semoga pengeluaran sayur sayuran dapat di tingkatkan tahun ini,18
c_1fe1b4f7fd4d,sedang berlangsung pengobatan massal dari untuk korban banjir di monggo merapat,11
c_ccd1bd692029,hanyutkan dua jembatan banjir di banyuwangi juga terjang lima desa : kabid kedaruratan dan logistik bpbd banyuwangi eka muharam menginstruksikan supaya segera menurunkan tim reaksi cepat ( trc ) petugas juga diminta segera melakukan assesment perihal,36
c_c76beea55c9f,bpbd pemerintah dunia usaha dan masyarakat gotong royong penanganan bencana banjir di kecamatan pesanggaran,14
c_6a917944529d,konsumsi siap di bungkus untuk kemudian akan segera di distribusikan ke masyarakat terdampak banjir di wilayah kecamatan pesanggaran,18
c_722af2560244,anggota rela pekan sedang membantu mengangkat barang-barang dan membersih bahan kperluan mangsa banjir di pp suka temai pekan,18
c_d659012920a6,bantuan sumbangan banjir diserahkan kepada staf ump yang terlibat di dalam banjir di pekan,14
c_badfac9c8a8c,anggota rela pekan sedang membantu memasak menyediakan barang-barang dan membersih bahan kperluan mangsa banjir di pp suka sri mutiara sg miang,21
c_aca58b4603cd,memiliki visi dan misi mampu mengatasi banjir sangatlah diperlukan oleh pemimpin pontianak di masa mendatang meninggikan badan jalan bukanlah solusi jangka panjang imbasnya rumah warga tergenang,26
c_5555b99ba2b4,banjir lahar hujan membawa material erupsi gunung agung di sungai yeh sah mulai 13/1/2018 pukul 0:16:15 wita jangan menonton di atas jembatan berbahaya,23
c_1affb4564391,polling : menurut anda apa faktor utama penyebab genangan banjir di kota pontianak hari ini ?,16
c_134db2358459,naik motor di lombok pas banjir lalu snorkeling di gili cek video full-nya di :,15
c_dde0204753d6,rt : pekan anggota rela membantu mengagihkan barang-barang kperluan mangsa2 banjir di pp suka temai,15
c_570870e97335,petugas perawatan jalan rel sedang melakukan penambahan batu ballast di sepanjang rel yang terkena banjir di porong dengan menggunakan kak hokuriku,21
c_6952fe6b6cbd,| banjir : 3 sekolah di kluang ditutup,8
c_c71ad03ec013,alasan para pedagang bahwa kenaikan harga beras disebabkan banyaknya petani gagal panen akibat banjir dianggap tidak masuk akal o/ para petani di desa ngeluk kecamatan penawangan kabupaten grobogan nasibmu petani kini masih mau 2 periode ?,36
c_45c71a093286,cuaca semakin baik membolehkan anggota 1 kad bantu mangsa2 banjir di pp balai raya kg setajam rompin pulang ke kediaman masing-masing,21
c_a5f1129fd795,15/1 - sekitar penghantaran bantuan bekalan makanan banjir untuk ladang-ladang di kahang ke bilik gerakan di kg sri lukut menaiki trak atm terima kasih kepada anggota 7 briged atm dan semua yang terlibat membantu melancarkan pergerakan,36
c_bad463fd3e91,akhir tahun identik dengan musim hujan di indonesia intensitas dan curah hujan yang tinggi meningkatkan potensi banjir di berbagai daerah di tanah air tingkatkan kewaspadaan kita simak tips-tips siaga banjir berikut,31
c_326ede8625ca,meski kinerjanya tengah jadi sorotan menteri susi banjir doa dari netizen di ultah ke-53 tahun,15
c_116e79c677e0,hujan dengan intensitas tinggi mengguyur kawasan puncak gunung agung menyebabkan banjir lahar hujan di sungai tukad batu niti desa tulamben kecamatan kubu karangasem yang berhulu di gunung agung selasa 16/1/18 jam 440 sore,33
c_446ea68f22bc,banjir di pekan kian pulih,5
c_876e543a680d,sisi lain penyuluh pertanian dalam pemantauan banjir pada persawahan di kota pekalongan,12
c_cdc390fee877,antisipasi banjir susulan bendungan oneha di kolaka dibenahi,8
c_9973aed82ae8,18/1 banjir di kuala semantan kali ke 3 untuk bulan januariujian dari allah untuk melihat kesabaran dan ketabahan di atas bencana yang menimpasemoga mangsa banjir dalam keadaan baik dan sehat sejahtera,31
c_dc8d673c1e15,sinergritas tni polri gotong royong bersama muspika dan masyarakat perbaiki jembatan rusak akibat banjir di situbondo,16
c_5f7e952e3c73,banjir lumpur mohon pihak memantau perkara tersebut untuk keselamatan pengguna jalan raya di sekitar,14
c_d98acf7d0e99,banjir rob kembali rendam sekolah di muaragembong,7
c_3970283c9ac2,disebabkan banjir kilat diantara stesen bangi > btg benar komuter ke laluan seremban/sg gadut/tampin akan ditamatkan di stesen bangi buat masa ini tiada perkhidmatan terus untuk ke seremban/sg gadut/tampin maaf,30
c_a44684e2e9c3,semasa terperangkap dalam banjir besar di temerloh saya lukis nih 2015,11
c_c091c7655351,kemarin disambangi direktur cyber crime di griya gus dur matraman polri sudah siap-siap hadapi banjir hoax & sentimen sara di tahun politik <PHONE> tetap tegas & humanis ya pak !,30
c_7db24fc0ca68,banjir di perempatan kebomas arah lamongan,6
c_b6aef371e74e,banjir di jalan dari wahidin sudirohusodo gresik,7
c_99d1572f1dd1,banjir di rejoso pasuruan ( sinpo 1929 ),8
c_b2232c28a93d,banjir bencana berulang yang terjadi di kalimantan barat,8
c_fc9d3dcd0a29,genangan banjir merendam beberapa ruas jalan di kota denpasar jalan by pas ngurah rai mumbul terendam banjir kendaraan terjebak di jalan potensi hujan lebat masih tinggi waspada dan hati-hatilah,29
c_42b07b4df417,apa ceritamu kala itu ? -- -- -- -- -- -- -- -- -- -- -- -- -- -- -- - kilas balik banjir besar di kudus tahun 2014,29
c_4cfd64ca153a,pantau banjir di kp karet desa citeureup dan desa mekarsari kecamatan panimbang kak puskesmas survailance kak desa dan ksb,19
c_f7e1bcf98331,perjuangan banget tadi mau pulang ke rumah dari marlboro ke begini sanghyang - padangsambian tegal buah yang ada warung mina : banjir sedada puter balik - mau ke gunung salak banjir juga biasanya yang di depan bali arum banjir besar enggak berani masuk - akhirnya muter ke pengubengan,48
c_ffbcb909a4b3,banjir di daerah jalan dewi sri bali tim sar sedang evakuasi warga hari ini,14
c_01bd0edf17c2,selasa 23 januari 2018 untuk sampai saat ini situasi banjir di desa bojongmanik dan pasiloa,15
c_6b9672005c51,banjir kilat di kota damansar petang tadi hati-hati,8
c_db2749c13872,tiga desa di kecamatan mojo dan ngadiluwih diterjang banjir tadi malam ( 24/7 ) diduga penyebabnya dipicu luapan dari sungai brantas setelah hujan deras turun seharian tiga desa itu adalah desa keniten dan desa petok di kecamatan mojo dan desa badalpandean kecamatan ngadiluwih,43
c_227fab0f5610,banjir durian di majalengka aseeeek info lengkapnya di sabtu 27 januari 2018,12
c_82c2a5202e58,keadaan banjir di rawang lori pun tak lepas,8
c_96e235d998ae,banjir sekitar 25 cuma di jalan palang merah medan mohon berhati hati cc :,14
c_3f8b9a118d53,nganggur 4 bulan lebih lalu ada panggilan intvw tapi lokasi intvw jauh motor lagi enggak benar & musim ujan kalo banjir pasti mogok pajak mati emak : emak doain semoga perjalanan lancar enggak ujan enggak banjir enggak ada polisi terkabul terus diterima kerja di situ : ' ),48
c_a2ec4d837826,untuk menjaga mesin tetap aman pastikan kecepatan mobill 40 km/jam saat melalui banjir menurut bpk arsyah regional manager area dki yang berpengalaman selama 25 tahun di mobil88 bila kecepatan kurang/lebih dari 40 km/jam risiko air masuk mesin lebih tinggi sehingga mobil jadi rusak,43
c_9a320c24b6be,bersama forum komunikasi kecamatan panimbang pantau banjir di kp keusik desa mekarsari kecamatan panimbang,14
c_ad28ef754fd2,sudah seminggu banjir di kp keusik desa mekarsari kecamatan panimbang belum juga surut,13
c_44dea31bd971,semua mangsa banjir 2014 di kuala krai sudah dapat rumah -,11
c_7edefd13068e,polsek panimbang bersama muspika laksanakan pengobatan gratis kepada warga yang terdampak banjir musiman di pustu kp keusik,17
c_65a640c1851f,crew pmi membantu bpbd dalam memilah bantuan untuk masyarakat yang terkena banjir di sjngaraja goblek dan munduk bersama-sama pekerjaan akan terasa lebih ringan,23
c_4a6164b9126f,desa bangko makmur belum bisa mlaksnkn kgiatn karena kondisi banjir & material telah di order mudh2n dalam 3 hari air bisa kering,22
c_6a96b46b4e5e,banjir diskon di lombok sumbawa great sale 2018,8
c_ec53442d1881,3 pilar kamtibmas kecamatan bungatan cek lokasi bencana banjir di dusun bretan,12
c_0ea8fa4f862c,pemandangan dari atas kwsn perkhemahan kuala marong selepas mengalami musim hujan dan banjir kini keadaan kembali seperti biasa & beberapa perubahan telah dijalankan untuk keselesaan pengunjung marilah menikmati hidupan alam semulajadi di endau rompin peta !,36
c_ad6e95948068,banjir hadiah di jne loyalti card award 2018,8
c_4733289c3e36,banjir dukungan dan tuntutan tegaknya keadilan terhadap korban pelecehan seksual di hollywood,12
c_333ae384476c,siaran pers 29/01/2018 meliputi 1 fenomena langka super blue blood moon diikuti 2 gerhana bulan total ( gbt ) terlama di abad ini ( 31/01/2018 ) 3 waspada banjir rob ketika supermoon dan 4 hujan lebat dan angin kencang hingga sepekan ke depan di sebagian wilayah indonesia,47
c_4d7e75d6caa5,enggak bisa atasi banjir alasan sabotase emosi ditanya di stasiun tv bilang ta * k-ta * k sudah salah jadi narapidana bukan di lp tapi di mako siapakah dia ? ahok~,31
c_1f0de36eb888,banjir diskon di mobile shopping day,6
c_8735066eaacf,gerhana bulan total bakal picu peningkatan banjir rob di jalur pantura,11
c_50c1901e91dc,bmkg : fenomena gerhana bulan total memang indah tapi warga harus waspada banjir rob punya tips atau berita warga lainnya ? yuk posting di atmago !,26
c_4840e3a77477,awas peningkatan banjir rob di jalur pantura saat gerhana bulan total,11
c_3b65c3c4d7f3,lpbi nu bali lakukan aksi peduli kepada korban banjir di buleleng singaraja,12
c_ed43012069f4,dampak gerhana bulan banjir rob rendam jalan desa di subang,10
c_33cdc053aaa8,ratusan ayam diterjang banjir air hujan di dusun pegubugan desa duda kecamatan selat kabupaten karangasem kandang berada di bantaran sungai tukad sabuh tembus di banjar bangbangbiaung,26
c_9dda6e2b2886,inilah bukti kecintaan pemimpin pada rakyatnya dan beri solusi bupati kunjungi banjir dan rumah juanda di kp keusik desa mekarsari kecamatan panimbanh,22
c_f840338d2fde,pembagian bantuan banjir di desa idaman kecamatan patia,8
c_6d4ee2f82d69,jember diguyur hujan lebat banjir dimana-mana - hujan lebat jember dilanda banjir di sejumlah kecamatan,15
c_7386055aa55c,pengendalian banjir dan rob kota semarang di targetkan akan selesai 2019 nanti kolam retensi banjardowo dan tanggul di belakang terminal terboyo sedikit lagi selesai jangan buang sampah di sungai ya lurr kita rawat lingkungan kita biar enggak banjir lagi yang setuju share ya,43
c_a844bbf59e99,bupati tinjau banjir di kecamatan sukaresmi dan kecamatan panimbang kamis ( 1/2 ),13
c_4d447ef03d3d,peta prakiraan daerah potensi banjir harian di dki jakarta - minggu 4 februari 2018 punya info warga yang bermanfaat ? yuk posting di atmago !,25
c_d76a4a1deace,korban banjir bandang empat desa di probolinggo dapat bantuan,9
c_4014edd43a05,terpidana pembunuh suporter sfc banjir dukungan di medsos,8
c_0791f94f77fa,banjir di jalan pemuda ngrame pungging/mojosari mojokerto depan pom bensin,10
c_e0edbad266f7,semarang banjir macet total info dari sopir alletamex cargo yang lagi di jalan menuju ke bali,16
c_7d6b20a505eb,kemudahan terbaik disediakan buat mangsa banjir di pps,8
c_17dac3ae886e,: tangani banjir pemkot surabaya tambah hutan kota di sejumlah kawasan,11
c_f2404e17b070,jakarta hujan deras ya tweehearts ? tolong update dong di daerah mana banjir apa enggak ya stay safe stay warm stay kelonan saja lihat jendela di luar,27
c_08871c007f6e,puluhan rumah di daerah bidara cina terendam banjir setinggi 3 meter akibat kejadian ini warga langsung di evakuasi oleh petugas,20
c_f90d5480e9af,presiden jokowi melakukan rapat terbatas dengan pihak terkait membahas tentang banjir dan longsor yang terjadi di jakarta dan puncak,19
c_d084b51d462d,lanjutkan normalisasi sungai jika ingin mengurangi banjir di bantaran sungai ciliwung bantaran sungai di daerah srengseng sawah rawajati kalibata pengadegan pejaten timur kebon baru bukit duri balekambang cililitan dan bidara cina perlu dinormalisasi lanjutkan !,35
c_9ce27877101d,tak peduli banjir jualan harus terus jalan istri menunggu setoran di rumah,12
c_7a0e01acb2ec,pasukan siaga banjir tni au yang terdiri dari 305 personel gabungan dari wing i paskhas lanud halim p dan makoopsau i hari ini melaksanakan apel siaga di marshalling area lanud halim p seiring tingginya intensitas curah hujan di jabodetabek dalam beberapa hari terakhir ini,44
c_038f6274df54,pasukan siaga banjir tni au sore hari tadi langsung bergerak ke lokasi untuk memberikan pertolongan dan evakuasi warga setelah mendapat laporan terjadinya banjir di daerah kalibata dan cililitan jakarta timur,30
c_3e85ad651abe,saya orang bogor menyaksikan dahsyatnya katulampa 2 hari yang lalu mungkin paling dahsyat jakarta beresiko tinggi banjir besar di malam harinyatapi maasya allah air lewat begitu saja well done pak pemimpin adil akan selalu bawa keberkahan,36
c_6ae8dfbd96aa,ternyata agama enggak bisa mencegah jakarta dari banjir nalar di dengkul justru yang bikin banjir balik lagi,17
c_f5a84d68a5dc,ggd anambas peduli korban banjir dan longsor selengkapnya di tembusan : ayahanda sinaga,13
c_fc6d289275ca,beredar sebuah video permadi arya tentang banjir yang menjadi bahan bully pada ustad kita sahabatku jokower sejati jangan memviralkan atau meretwetnya saya akan unfoll bagi yang muncul di tl saya,30
c_96bdf7101bf1,di antara korban banjir pasti ada ebong apa enggak malu ? ikut fitnah harus n fpi tapi yang di caci maki mereka malah yang nolong mereka !,27
c_ad8dc3ec46bb,mendengar curahan hati warga yang terkena musibah banjir di daerah bale kambang condet jakarta timur,15
c_885b067d0300,banjir di jakarta 6 500 penduduk dipindahkan jakarta - beribu-ribu penduduk,11
c_d5d4a3da2885,lurah kampung melayu berani katakan penanganan sampah banjir lamban dari pemkot pasukan oranye tidak lagi kelihatan memang beda ! di tempat lain anies sibuk istirahat karena tadinya begadang sekarang bangun sibuk mencari yang hilang : kambing-kambing hitamnya !,38
c_c253c5e281fc,adakan bakti sosial pindra bantu korban banjir di dusun peras desa kidang lombok tengah,14
c_0fcf9833376a,9 feb : atm membantu mangsa banjir melalui pemeriksaan dan rawatan kesihatan rawatan pergigian di pusat pemindahan dewan serbaguna & dewan suarah seramai 200 orang telah mendapat rawatan sepanjang program dilaksanakan ! -,33
c_c0dbbdb3eaa6,anies baru paham kalau air banjir bukan dari jakarta banjir datangnya air bukan dari jakarta datangnya dari hulu sana bogor dan malam itu saya bayangkan semua warga di sini ya ? air enggak bisa milih-milih kalau api bisa kelewat satu rumah air enggak bisa `` kata anies,47
c_603291b601f2,reaksi fz soal banjir di jakarta dulu : - jangan umbar janji ! - kampungan sekarang : - percayalah enggak bakal ada yang sanggup,24
c_9ab718804801,sudah 3 hari ini tim sar membantu korban banjir mulai dari bersih2 rumah masjid terapi pijat dlsb agenda hari ini bersih2 mushalla nurul intibah pengadegan jakarta timur buat yang di lapangan tetap semangat !,34
c_c331c25f6fbc,artikel tentang banjir berita hoaks di tengah pemberitaan media yang semakin partisan,12
c_30756777d316,kabtegal - jateng ( 10/2 ) pmi membuka dapur umum untuk warga terdampak banjir di dspadaharja - kramat & sidakaton - dukuhturi,22
c_f90478f45ea4,program anies atasi banjir anggota dprd dki : apa ya ? membingungkan dan tak jelas kalau bagus pasti di pakai pak jokowiwong enggak becus makanya dpecat,26
c_e94204eefd46,kabtegal ( 10/2 ) malam ini pmi distribusikan logistik bahan makanan untuk warga terdampak banjir di dstembok banjaran,18
c_6298dc7f863b,ini upaya pemkab sidoarjo atasi banjir di tropodo ( odp-pr ),11
c_d7f65b3a9f80,pks enggak ada liburnye ahad jadualnya gebyar baksos di pinggir ciliwung kelurahan rawajati terdampak banjir tepatnya di kolong flyover kalibata gembira kita,22
c_7f4fa6b38b33,banjir di daerah lubang rw01 pengadegan sudah mulai surut lumpur2 masih menempati rumah2 warga kader pks bareng warga gotong royong bersihkan lumpur ahad 11 februari 2018,26
c_6f65ba142615,ramai-ramai tangani banjir di jakarta | kanal : dki-banten |,10
c_03d0aeb5f57a,banjir di desa temuireng luapan kali jamuran minggu ( 11/2/2018 ),11
c_2cca4b007953,banjir diskon buah dan daging segar di transmart carrefour kubu raya,11
c_635d7c55645f,pemulangan pengungsi gunung agung dari kabupaten buleleng ke kecamatan kubu terjebak banjir di tukad dalem desa tianyar menunggu banjir surut,20
c_1955c068654d,di video ini jelas kok cara mengatasi banjir di jakarta bukan rahasia lagi : air hujan jatuh ke bumi jangan dibuang ke laut,23
c_d48a0335e220,kabtegal - jateng ( 12/2 ) sukarelawan gabungan sampai saat ini masih berusaha evakusi warga terdampak banjir di beberapa wilayah kabtegal,21
c_ed3c90c0fb0d,kabtegal ( 12/2 ) packing logistik ( makanan & air minum ) untuk di distribusikan ke wilayah terdampak banjir di kabtegal,21
c_c8dd4ebeb6b8,ribuan rumah warga di 6 kecamatan di tegal terendam banjir hingga 2 meter wilayah terparah di kecamatan surodadi,18
c_3c561d845ada,masih dengan kondisi banjir di beberapa wilayah tegal untuk di margadana genangan air masih cukup tinggi bagi para korban semoga airnya cepat surut selalu diberi kesehatan kesabaran dan semangat untuk menata kembali lingkungan rumahnya,34
c_b26a5fa527e5,luhkan kecamatan gabus mendata kolam air tawar yang terkena banjir di desa wuwur kecamatan gabus kolam yang terkena banjir 65 ha dengan kerugian rp 600 juta,26
c_9aff273909b4,akankah anies baswedan belajar dari data-data banjir yang terjadi sebelum ia berkantor di balai kota ?,16
c_75d560030609,presiden joko widodo didampingi menteri desa pemb daerah tertinggal & transmigrasi meninjau padat karya di desa batu merah ( 14/2 ) yang bertujuan menanggulangi bencana banjir yang sering tjd di musim hujan dengan anggaran rp296 juta & lama pekerjaan 28-30 hari,41
c_1912804fbace,dpk kecamatan slawi mengawal distribusi bantuan logistik untuk korban banjir di kelurahan kudaile rabu ( 15/2 ),17
c_268be234a650,pmi demak kerahkan tim satgana dan tim sibat untuk bantu masyarakat terdampak banjir di desa margohayu dan desa teluk keckarangawen demak sore ini,23
c_b0a83cdefdbe,esensi pancasila itu gotong royong bukan saling memanfaatkan demi keuntungan penyerahan bantuan korban banjir di kabupaten buol,17
c_fb6158895517,hujan lebat sebabkan banjir dan longsor di padang,8
c_9c3707923e6e,warga dki harus bersyukur karena gara-gara banjir merendam ibukota di era justru menarik perhatian para bidadari surga dikhotbahi terlihat jelas seperti penghuni alexis keluar & menikmati indahnya berbanjir ria di dki & kami di luar dki iri banget,38
c_5ef534db6aad,penempatan semula mangsa banjir dan setinggan di taman dato ' ajib,11
c_8e6bd6f3a6a9,baru beberapa bulan lalu banjir di dki jakarta dan sekarang banjir lagi dan lebih parah ? ? ? lalu kemana 73 orang tim gubernur untuk percepat,26
c_6e4d6b4d168e,congrats ya dua lipa banjir nominee di brit awards 2018 moga menang banyak,13
c_1ab20111caf7,banjir bekasi utara meluas ketinggian air di wilayah kaliabang - < - komentar ?,14
c_e64ff74c691a,kunjungan lapangan ke kelompok banjir rob di pangkaln ikan dan mendapati salah satu anak hiu di rumpon,17
c_4741750ccae1,bantuan beras dan obat-obatan abi rescue untuk korban banjir di cililitan jakarta timur -,14
c_fe879b31fcb4,little electrical generation atau untuk buat menjadi dam besar atasi banjir/tampunh serapan sampah ( sedikit modified ) di sungai citarum cc,21
c_49cc6ab3d91f,hati-hati lewat jalan porong lama selain banjir banyak truk berhenti di sisi kiri jalan untuk ambil keuntungan dengan mencuci truk masing-masing,21
c_8a0fceb8f113,waduh ! tinjau lokasi banjir di jaktim teriakan wanita ini bikin anies ngacir,13
c_637f4c90ce55,salah satu kebijakan rahasia gabener dalam mengatasi kesulitan warga jakarta melintasi banjir adalah memperbanyak pagar di sepanjang jalan jakarta banjir sih boleh saja datang dan pergi tapi memberikan fasilitas pagar agar warga bisa melintasi banjir tanpa basah kuyup ini baru jenius,41
c_c389f3608e2a,banjir di porong sudah surutkah ?,6
c_88d53a0ce94b,hujan deras yang melanda pontianak seharian menyebabkan banjir merendam di beberapa titik tidak terkecuali senkom mitra polri kota pontianak bersama komunitas-komunitas di kota pontianak berpartisipasi pada kegiatan bersih parit wisata jawi '' minggu 18 feb 2018,36
c_5ea78cdd96b5,banjir dan longsor terjang pesisir jawa tengah setelah ibukota dki jakarta dampak hujan deras melanda wilayah pesisir pantai utara ( pantura ) jawa tengah di kota semarang puluhan titik terendam banjir selengkapnya :,33
c_e188f4a9d81d,relawan ldii kabupaten demak minggu 18 pebruari 2018 bergabung dengan relawan yang lain di dalam menyediakan nasi bungkus untuk korban banjir di kecamatan sayung demak,25
c_ab78d661788b,ubaloka melakukan penyedotan air sumur warga dampak banjir di rw 2 slawi wetan jum'at ( 16/2 ) kecamatan slawi,19
c_493403c7b36e,pramuka peduli salurkan donasi bantuan untuk korban banjir di posko induk sidakaton dukuhturi jum'at ( 16/2 ) berbagi itu indah semoga manfaat,22
c_11f76182c134,hati-hati banjir di daerah becirongengor wonoayu,6
c_f42cab16dcd3,hari minggu kemarin ( 18/2 ) sejumlah siswa sma/smk/ma yang tergabung dalam fkos ( forum komunikasi osis ) se-kabupaten tegal menggalang dana di beberapa titik untuk membantu korban bencana banjir di kaligangsa & dampyak,34
c_e391e1139426,ybm meninjau perkembangan projek membina sistem perparitan mengatasi masalah banjir di smk panglima bukit gantang,15
c_a92200b54d11,jangan salah kaprah peristiwa banjir & longsor di sekitar cisarua bukanlah bencana alam '' tapi konsekuensi puncak telah kehilangan hutannya lebih dari 66x luas kebun raya bogor,27
c_e8d2fdf783c1,banjir di desa kalibuntu kecamatan losari brebes,7
c_f29a6ba0e2c8,sudah hampir seminggu banjir masih merendam tiga dukuh di desa jati wetan kabupaten kudus warga pun terpaksa meninggalkan rumahnya dan mengungsi ke posko banjir,24
c_647cdf3c4903,setelah air surut sahabat banser dengan sigap mmbuat penanganan untuk mengantisipasi banjir susulan di keclosari brebes,16
c_f551e31b3503,eaaaaaaaaaaa bu bupati coba urus dulu lah masalah lingkungan banjir tahunan contohnya di karang ligar jalan-jalan yang tiap tahun berlubang kualitas pendidikan di kabupaten karawang juga perlu masalah publik lainnya yang lebih berguna daripada cuma mengurusi masalah privat warga,39
c_b12fa6edfda9,para insinyur negeri ratu elizabeth ii merancang penghalang banjir bergerak inovatif untuk mencegah banjir di sepanjang sungai thames atau thames flood barrier penghalang ini terdiri dari 9 gerbang baja berongga dengan panjang me,33
c_c9a97c19c390,banjir di pasuruan dan jombang pemprov lakukan pendataan dan penanganan darurat,11
c_e0253b43b656,pertolongan malam initrjadi banjir dengan arus deras di kpcikaro dekat alun2 majalaya air sedada dewasa & warga panik,18
c_211e597276c0,sejak gslamet diacak2 proyek keserakahan ! susul-menyusul lah banjir & longsor didaerah sekitar gunung slamet ! nastaghfirullah ! ! ! kisah perjuangan suami istri di brebes selamat dari timbunan longsor lari dikejar tanah bergerak,34
c_5d2781a9b499,dmn-dmn sekarang memang banjir di kampung saya juga banjir lawong musim ujan kok sudah wajar kalau banjir tapi mski banjir alhamdulillah kami warga jawa timur tidak lebay kayak warga kota lainnya yang banjir dikit gubernurnya yang di salahkan,38
c_49171d441a12,jalur kereta api lumpuh di brebes akibat terendam banjir jebolnya tanggul sungai cisanggarung di losari kabupaten brebes jadual 130 keretaapi terganggu,21
c_d3e884dc53d5,18:40 | truk polisi turut membantu proses evakuasi warga yang terkena banjir di losari brebes,15
c_ba6e9332c413,banjir di brebes tolong bantu di rt biar teman-teman yang lewat jalur sana bisa terhindar dari bahaya semoga tidak ada korban amin,22
c_5e3c892502ed,banjir dukungan maju di pilpres 2019 ini tanggapan,8
c_5663144d6caf,banjir dukungan maju di pilpres 2019 ini tanggapan cak imin,10
c_b248f337526d,banjir di cirebon timur akibat meluapnya aliran sungai cisanggarung rendam ribuan rumah,12
c_94e86b272f96,beserta warga membantu warga korbn banjir di losari brebes yang sudah menjadi lautan,13
c_139379bcad09,24/2 600 - bungah manyar ketinggian banjir di atas mata kaki - foto kiriman mursyid028,15
c_ece43a25803b,jika anda menerima informasi korban hilang dan meninggal di banjir kuningan itu adalah hoax nama-nama itu adalah korban longsor di kecamatan salem kabupaten brebes semoga yang menyebarkan hoax dibukakan mata hatinya agar menjadi orang yang amanah,36
c_4c12bb441e39,brebes - jateng ( 24/2 ) pmi kabtegal hari ini sabtu ( 24/2 ) memobilisasi sukarelawan untuk membantu penanganan banjir di kabbrebes,22
c_508807df36df,bersama kepolisian disbanser ikut serta membantu warga banjir di kecamatan benjeng,11
c_cc51b2bc4b92,banser langsung turun membantu korban banjir di gresik,8
c_3916af60d390,ansor banser bersama kepolisian turun langsung membantu korban banjir di gresik,11
c_1d143ac1efcb,29000 warga terdampak banjir di kabupaten bandung,7
c_05285559fb82,tim sar gabungan berhasil menemukan dua jasad remaja yang sempat dilaporkan hilang terseret arus banjir di sungai,17
c_cf6a6825edb3,( laporan warga ) waspada banjir ancam lamongan ! ada kejadian banjir/longsor di lingkunganmu ? yuk laporkan di,18
c_f9db069bc515,* kompak peduli * mengajak teman-teman semua untuk menyisihkan sebagian rezekinya untuk membantu saudara-saudara kita yang tengah ditimpa musibah letusan gunung sinabung dan banjir di brebes mari membantu sesama,29
c_6fedf40b5302,semangat tim dapur umum persiapan produksi makanan ( nasi bungkus ) untuk korban banjir di brebes,16
c_13fbed6caa40,penyaluran bantuan kepada korban banjir di desa pamasongan ciledug lor kecamatan ciledug dan babakan losari kecamatan losari kabupaten cirebon oleh ams kabupaten cirebon barang bantuan ini berasal dari penggalangan bantuan yang dilakukan tim ams rescue di blok pahing desa karangsuwung,40
c_ebeb6e18cd2c,dikomandoi oleh pak ta kawan2 pendamping desa kabupaten cirebon bantu korban banjir di cirtim,14
c_50e7201e0cf3,banjir yang sudah 3 hari merendam ribuan rumah warga di kabupaten bandung menyebabkan ratusan warga menderita,16
c_e508354d04aa,demi kemanusiaan tim prabowo menyapa sambangi korban banjir dan longsor di kuningan,12
c_3246d5aafd29,detik-detik banjir bandang menerjang jalan utama di kecamatan gunung sugih lampung dan menelan 3 korban jiwa,16
c_fac67fe394b6,pesan kamar di airy room pas sampai kamar banjir karena kamarnya di airy pansih,14
c_f7277ccaf6f5,banjir melanda jalan sutaatmaja panglejar 1 dan 2 mungkin juga sampai panglejar 7 tolong di perhatikan untuk para pejabat yang masih memimpin di pemkab subang ini terjadi terus menerus apabila hujan besar,32
c_34c6a6bef019,terdampak banjir di ponpes alkarimiyyah kabupaten sumenep,7
c_e4c5de5e4afc,sambung rasa support pada masyarakat korban banjir di benjeng kabupaten gresik,11
c_073f41613424,calon gubernur jawa tengah mengatakan bahwa penanganan banjir dan rob yang terjadi di jalur pantura kota semarang perlu dilakukan berbagai pihak secara bersama agar hasilnya bisa optimal cc :,29
c_e82bb19ee75f,meninjau lokasi banjir bandang dan jalan longsor di desa sumberagung kecamatan ngaringan kabupaten grobogan,14
c_4210cacecae2,tim sar polres lampung timur evakuasi seorang anak yang bernama arya saputra terseret banjir kejadian ini berlangsung di desa pasar sukanda lampung timur,23
c_652d1a92cdd1,teringat saat banjir besar di desa kertajaya muba akhir desember 2017 dodi terjun langsung ke lokasi kakinya menyeruak banjir besar itu bukti dodi adalah pemimpin sejati,26
c_4888262d3d25,projek ini yang bernilai rm108 juta merupakan sebahagian daripada kesemua projek tebatan banjir kerajaan yang berjumlah rm564 juta di sini insya-allah bandar pekan tak akan dilanda banjir lagi,28
c_ac5d71e005b0,aksi pekerja migran indonesia peduli banjir dan longsor di korea selatan,11
c_f63b0814b62b,dedi mulyadi tawarkan solusi atasi banjir di bekasi,8
c_d4bc4771c60c,banjir di daerah driyorejo arah ke cangkir hati jika teman '' ada yang otw ke daerah sini,17
c_b75280449d1b,gotong royong warga membuat dapur umum untuk korban banjir di brebes alhamdulillah bantuan dari pemerintah bpbd kemnsos bumn peduli & masyarakat berdatangan terus menerus matur nuwun sanget,27
c_6af1e9d29588,banjir di jalan borobudur jam 17 32,7
c_ba3075f6ae23,ditengok dedi mulyadi korban banjir bandang di cirebon meminta peralatan mandi,11
c_741cbecd7115,pmi mendistribusikan bantuan untuk korban banjir di kota metro,9
c_94b5569f2de6,situasi & kondisi masyarakat di sepanjang sungai yang meluap banjir di salem brebes terima kasih kepada semua pihak yang telah membantu,21
c_d74599404ae3,kondisi rumah yang rusak akibat banjir di salem brebes,9
c_3a44298dc20a,kemarin diminta hadir oleh warga korban banjir bandang di cirebon alhamdulillah bisa bercengkrama dan mendengar keluhan para korban tidak boleh lagi kita mengabaikan hutan dan sungai atas nama pembangunan hutan harus tetap hijau air sungai harus tetap mengalir,38
c_ac6d44087ca3,korban terdampak banjir dan longsor di jawa barat capai 44 ribu orang,12
c_7b19201e8865,assalamu'alaikum wr wb alhamdulillah pendistribusian untuk korban bencana banjir sudah kami salurkan di kantor balai desa kecipir kecamatan losari rabu ( 28/2 ) malam kami ucapkan terimakasih kepada semua donatur atas kepercayaan yang telah diberikan kepada kami,37
c_3427871b714e,1 ) sahabat peristiwa banjir yang melanda negeri masih terjadi di beberapa daerah dan diantara kejadian banjir ini ada sebuah kisah yang menarik untuk dicermati ini kisah tentang salah seorang pengantar kami ia bernama sumarjono,35
c_765848653139,kopassus beri bantuan ke korban banjir di brebes,8
c_d4cf4be67622,contoh di kota samarinda masalah utama : pdam keruh listrik byarpet banjir parkir liar kurang rekreasi bisa memanfaatkan sungai mahakam menyulap tempat kongkow yang cuma lesehan jadi tontonan atraksi air mancur seperti song of the sea di sg,38
c_2f5c06206cd5,di tengah bencana banjir yang sedang melanda bandung selatan inilah salah satu komunitas yang turun tangan ke lokasi bencana wanita gandawesi berikan trauma healing untuk korban bencana banjir di bandung selatan,31
c_930b89506912,banser itu memang suka bikin ulah banser sigap tangani korban banjir dan longsor di kuningan lewat jabar online,18
c_90016eddb69e,baguslah kalau mca sudah di cidukbyngin kalau enggak msihh banjir hoax di sosmed,13
c_a0694742c83d,654 : rt : masih ada genangan banjir di cijagra bojongsoang,11
c_7a2bb02c2f54,1350 : makin tinggi banjir di cikadut hati-hati |,9
c_3b60e1b009e0,dpc xtc cirebon kota memberikan bantuan kepada korban banjir di desa ciledug wetan kabcirebon,14
c_f433196d2665,tadi saya ke kecamatan majalaya menengok korban banjir saya rasa solusinya sgr hulu citarum harus dihijauka mengatasi endapan aliran sungau dan buat kanalisasi air atau bendung di beberapa titik lalu tegas terhadap aturan tindak siapa saja yang mencemari atau polusi di citarum,42
c_533624287835,ketinggian banjir di kawasan kebon pala capai 1 5 meter,10
c_138bc19d7b94,begini cara informasi banjir disebarkan di bekasi - warta kota < - komentar ?,14
c_f85848f07704,bedah rumah korban banjir jakarta di ujung jalan sawo condet balekambang salim sedang sibuk menggotong,15
c_d2ed8443710d,pemantauan banjir oleh kapolsek jatiuwung di wil regency kecamatan periuk tangerang,11
c_ba7995f189ba,regrann from - pmi siap bantu masyarakat yang terdampak banjir di perumahan,12
c_4a5793cfa653,lapor pak mohon atensinya buat banjir bandang di dompu sore ini terimakasih,12
c_4ba754ef05ea,dapat kabar dari saudara di kecamatan dompu ntb banjir melanda beberapa wilayah di dompu semoga segera surut banjir nya,19
c_ee96f385733d,meskipun keras hidup di jakarta yang tiap hari saya harus rela bangun pagi2 mengalahkan ayam jago pulang pergi ngantor ketemu macet belum lagi banjir yang suka datang tanpa diundang katanya sih jika bisa bertahan hidup di jakarta artinya bisa hidup dseluruh negara di dunia sahih !,46
c_9f18c263c081,bukan sesuatu mengejutkan wujud penyelewengan agihan wang bantuan banjir di ppinang,11
c_dd24217de33f,landasan ulin banjir wali kota banjarmasin terjebak di bandara syamsuddin noor,11
c_209956611080,potensi hujan lebat meningkat waspada banjir dan longsor di wilayah indonesia 7-10 maret,13
c_de7c9fab3382,peduli banjir di kabupaten gresik ansor melakukan beberapa hal praktis 1 diskusi dengan warga ( serap aspirasi ) 2 menghubungkan dengan stakeholder setempat 3 memberikan rekomendasi penanggulangan terhadap pihak terkait sederhana tapi bermanfaat,33
c_abd6e381a70c,| potensi hujan lebat meningkat waspada banjir dan longsor di beberapa wilayah indonesia * slh 1 nya jogja 7 - 10 maret 2018 via,24
c_95cb1a5c9708,terus berbakti untuk negeri sahabat2 banser banser saat banjir di brebes kemarin cc,13
c_8109f302cd97,banjir melanda desa kami hingga 5kali dalam seminggu dibulan februari kemarin yaitu di desa jagalempeni kecwanasari kabbrebes,17
c_be920e3c3fc2,1803 : kendaraan yang mau ke arah cileunyi hati-hati ada banjir besar di cinunuk setelah pom bensin macet hingga kampus uin bandung tidak bergerak sama sekali |,27
c_f496dd6996c6,ini satu lagi usaha antisipasi banjir di kota padang baca nih biar kita lihat sama-sama pembangunan infrastruktur untuk kota padang,20
c_f6c998e7716d,2249 via : pantauan banjir di kompleks griya caraka - cingised imbas dari bobolnya tanggul di jalan senam arcamanik,19
c_9dc808e27fd0,penampakan banjir di kabupaten bandung dari pantauan udara,8
c_059429e1840c,yb menziarahi mangsa banjir di kampung lubuk kulit jelai cameron highlands menyampaikan sedikit sumbangan selaku ahli parlimen bagi meringankan beban mereka,21
c_410ee30f5fcc,musim hujan telah tiba waspada ancaman banjir di sekitar kamu ya gaesss video :,14
c_be7796c9bf1d,hadapi musim hujan anies siapkan antisipasi banjir di jakarta,9
c_f2270ce78503,rp15 6 miliar untuk 3 jembatan rusak akibat banjir di desa talang dan jarum kecamatan bayat serta desa ngandong kecamatan gantiwarno,21
c_b1b916653b69,antisipasi banjir malam-malam anies sidak di cipinang melayu,8
c_b5ccf61e3c0a,bagaimana nanti kita cek di bmkg titik banjir di jakartaapa gabener pecahkan rekor banjir barudi jakarta,16
c_bc106056ffdd,info 13/11/2018 kerja2 membetulkan pacang banjir terbalik di t138 jalan permaisuri hulu seladang aht ( norlan united ),18
c_9ddad955003c,kopdar perdana imnu pemalang banjir order dari instagram marketing pemateri : riva anisa ainatun pematerinya bakal bikin kalian super fokus loh kak pendaftaran bisa menghubungi nomor wa di gambar guys kuuy yang di pemalang merapat ! !,37
c_2783055311da,selamat buat pak anies yang berhasil kembalikan ( lestarikan ) banjir di jakarta salam ok oce,16
c_597d813b6423,rumah zakat distribusikan bantuan untuk korban banjir di palembang,9
c_04f11694dd84,[ infografik ] persediaan banjir di seluruh negara,8
c_9b64d1aa0f37,kuwait dihantam hujan deres sekolah & kantor diliburkan banjir di mana-mana karena saluran air tertutup pasir yang menggenang jadi lumpur ( foto dari page kuwait up tapi date ),29
c_f6fedb14015e,banjir di jalan dagang sukajadi diakibatkan hujan deras bagi kendaraan sepeda motor hati-hati saat melintas instagram : hawaiianhaar,18
c_4850cbe7ada1,[ bhuwana charity ] ayo donasi ! untuk saudara kita korban banjir bandang di kelumbayan lampung bantuan seperti uang pakaian layak pakai dsb hubungi : 1 tf : bni <PHONE> an guruh r ( <PHONE> ) 2 jemput donasi : <PHONE> ( tasya ),44
c_6ec002fa70bc,foto : 11000 karung pasir disiapkan untuk antisipasi banjir di jakarta utara,12
c_990a0c720b42,musolah ini kena banjir di renopasi agar bisa di gunakan lagi untuk shalat oleh penumpang2 travel natal -padangsidimpuan semoga adek2ku tetap semangat,22
c_d5c9423b595a,* foto banjir di tangerang disebar sebagai banjir di jakarta * dalam hati netizen : jangan komen jangan komen jangan komen jangan komen jangan komen jangan komen jangan komen jangan komen jangan komen jangan ko- jempol netizen : maaf itu bionya tolong di-update jadi pengecer hoax,46
c_c909de1b6860,baru beberapa hari yang lalu saya dikirim gambar sama adik saya yang terjebak macet dari depan lipo supermal karawaci lah kok ada yang bilang banjir di jakarta,27
c_03d056ac4a03,banjir di tangerang anies baswedan yang diserang,7
c_4fc14e3ca62b,buahahahahahah nanti banjir di zimbabwe juga anies diserang ya,9
c_918d91f99558,gubernur tinjau korban banjir di simpanggambir warga setuju pindah dari bantaran sungai,12
c_773868c69b7f,banjir malam ini di daerah pidie jaya aceh sungai meluap akibat hutan yang dihancurkan alfatihah kiriman video tim ranger kepada saya apa yang bisa kita bantu ?,27
c_ed44470c9ff7,mari sahabat kita bahu membahu untuk membantu saudara-saudara kita yang terdampak banjir bandang di tasikmalaya kirimkan kepedulian anda melalui rekening : bni syariah # 66 0 4454 atas nama aksi cepat tanggap,32
c_6e90e8ddcf52,wow ! pks gerak cepat bantu korban banjir di medan maimun,11
c_fe070af491cc,polisi bantu evakuasi korban banjir di aceh utara,8
c_dcb51e7c19ef,banjir landa 6 kecamatan di aceh utara lebih dari 1400 rumah terendam banjir ketinggian 20-130cm 4 unit rumah hanyut terbawa arus sungai 5 tanggul rusak berat tidak ada korban jiwa penanganan darurat dilakukan bpbd dan aparat lain,37
c_60b8459a77d7,semalam punya cerita menyelesaikan masalah banjir dan kemalangan di kulim,10
c_0b448427f704,innalillah semoga tak ada korban lagi dalam benjana banjir di jeddah ini senoga tak ada narasi meme bahwa kejadian ini karena saudi kuwalat mas imam yang besar kuwalat bendera tauhid '' yang mereka bilang simbol2 radikalisme,36
c_ccfffdb372c4,lah ini kan banjir di pekanbaru kok bawa-bawa anies ?,10
c_10642db2cc7c,tim kbri dan atnaker kuwait blusukan menyambangi akomodasi pmi perusahaan domain furniture di area jleeb al-shuyoukh sebagai program pembinaan rutin bidang ketenagakerjaan sekaligus meninjau dampak kejadian banjir di area tersebut yang terjadi sehari sebelumnya,34
c_686dd605304f,laporan kejadian banjir daerah seremban lokasi : kg gadong sc 19 nov 2018 jumlah hujan : stesen sendayan : 85mm punca banjir a hujan yang sangat lebat > 85mm ( sendayan ) limpahan air sg gadong b terdpt kwsn pembinaan baru di kawasan hulu menyebabkan kuantiti air ke sungai meningkat,50
c_bce3c543752c,mengunjungi cut meutia di dapur umum lokasi banjir akibat tanggul sungai pecah di syamtarila aron kejadian ini berulang saban tahun dititik yang sama tanggul tak sanggup menahan limpahan air yang turun dari aceh tengah karena tanggul penahan terbuat dari tanah tanpa batu dan besi,44
c_dfb045cff33d,dapat kiriman dari update banjir di padang pasir hari ini,10
c_e7b316b250cc,kabtegal - jateng ( 21/11 ) rapat koordinasi mengahadapi bencana banjir dan tanah longsor di wilayah kabupaten tegal tahu 2018 - 2019 yang diselenggarakan oleh di gedung pertemuan pmi kabtegal,30
c_beb49a9d0b12,info 21/11/2018 kerja2 filling shoulder akibat banjir di jalan t168 chalok/gong terap/ bukit putera sec 15 `` road users convenience is our priority '' aht ( norlan united ),29
c_53ad55500190,imbn bantu korban banjir di batang natal madina,8
c_10b92e5094bd,laporan rodja peduli banjir pangandaran 2018 klik tautan : jazakumullahu khairan kepada para muhsinin yang telah menginfaqkan rizkinya semoga allah mudahkan urusan kita semua di dunia dan akhirat amin,29
c_f4da663c6f25,pembangunan saluran drainase sangat diperlukan untuk menghindari terjadinya banjir di musim penghujan,12
c_0645b34eecdf,pembangunan saluran air untuk mencegah banjir di desa wonorejo kecamatan srengat kabupaten blitar,13
c_a8655ac3d003,0:15:33 wib terpantau banjir di sekitar kiaracondong berhati-hati ya sobat,10
c_fa39d8cf8853,1520 : banjir di cicadas sudah 3 hari tiap hujan selalu banjir |,13
c_77fd06074b7f,musim hujan telah di depan mata sampah yang ada di kawasan kali grojogan berpotensi menjadi penyebab banjir di kawasan blora kota sehingga aksi kerja bakti membersihkan sampah di kawasan ini digelar,31
c_b7585d4a0dc2,sebulan dilanda banjir warga di sri meranti pekanbaru enggan mengungsi,10
c_b1c59df8771f,mangsa banjir di alor gajah kekal 45 orang,8
c_90332ed988c1,banjir di jalanan swiss airnya sungguh sangat jernih fakta atau hoax ?,12
c_f19bd084690b,mulai meninggi debit banjir pasang laut ( rob ) di kampung beting desa pantai bahagia,15
c_8073e64fbcff,p mau pantun boleh ? boleh ya waktu semarang kaline banjir seng di sayang ratau mikir,16
c_f57ad6add8ae,jembatan jebol dihantam banjir di lembata,6
c_a8a2be460536,rt woelannnn : proyek penanganan banjir solo paket 3 saat ini telah mencapai 98 9 % selain untuk penanggulangan banjir disitu juga dibangun fasilitas untuk rekreasi yaitu jembatan kaca & taman di bantaran sungai yang bisa untuk jogging & bersantai nanti disitu saja,43
c_8709b65c812b,banjir bandang terjadi di daerah alas malang kabupaten banyuwangi cc :,11
c_e47394245880,penanganan banjir dan pembersihan sampah di saluran rumah pompa summarecon oleh urc pemeliharaan sda dpu cc,16
c_af5529fc6d3f,alasmalang banjir lagi semoga saudara2 kita di sana di beri keselamatan amin,12
c_0cbea91a86ba,sigit setyawan kepala dinas pekerjaan umum dan penataan ruang kabupaten sidoarjo menjelaskan banjir juga terjadi di pasar larangan kata dia ini juga karena belum selesainya pengerjaan saluran yang memang sedang dikerjakan oleh dinas pasar,34
c_43aa500b5ccb,aku yakin penyebab banjir di jakarta itu 100 % karena air ada yang bisa bantah ?,16
c_3e0160dacb32,min banjir di perum telaga pasiraya,6
c_98b43dad2526,banjir di depan exit tol cikarang barat,7
c_e46f294cc7e1,butuh karung pasir dari wan badud sabaaar ini ujian air pasang banjir rob rendam kampung nelayan di penjaringan,18
c_8408a67d6a63,pemprov memiliki aplikasi bernama pantau banjir yang bisa diunduh di google play store melalui aplikasi itu masyarakat bisa mendapatkan informasi mengenai ketinggian air secara tepat dan akurat,27
c_1547acea1687,kepala bpbd kabupaten mojokerto mengatakan ada beberapa lokasi yang masuk daerah rawan banjir dan genangan air pihaknya mengimbau agar masyarakat turut menjaga lingkungan dengan melakukan kerja bakti dan tidak membuang sampah di selokan air dan di,36
c_04db34f78961,jalan ciledug raya macet total cendrung tak bergerak mulai dari taman puring akibat banjir di jalan swadharma depan pool taksi ratax,21
c_d148f903bcde,jakarta banjir hari ini di kawasan kelapa gading jak-ut yang era gubernur ahok btp daerah kelapa gading pernah sampai enggak banjirklu kata anus bas ini bukan banjir tapi genangan,29
c_2d24354b08e1,`` jadi pak gubernur ini simulasi bagaimana menyetir kendaraan di tengah-tengah banjir di jakarta '',15
c_f2fd549ff367,salah satu riset di lrsdkp dalam menangani dampak banjir rob di pantura khusunya daerah desa surodadi demak,17
c_2986756f4b8b,banser bagana bersama santri dan masyarakat berbaur untuk bakti sosial terjadinya bencana banjir dan longsor di berbagai titik kecamatan kabtrenggalek,20
c_f118a53c339a,bagana ( banser tanggap bencana ) satkorcab trenggalek berbaur bersama santri dan masyarakat bakti sosial bersih2 diberbagai titik bencana banjir dan longsor di kabupaten trenggalek jatim,26
c_1f447602b1b3,puing2 bangunan yang porak poranda disapu banjir bandangmaterial kayu dan batu yang berserakan di mana2 menggambarkan betapa besarnya air bah yang meluap dari sungai menyeret perumahan warga di pinggir sungai di kecamatan kelumbayan tanggamus lampung,35
c_0e857c29de6a,jakartans iri menengok surabaya padalan masih mending kalian di jakarta sana masih ada usaha narok karung goni ngatasin banjir kami di medan ? disuruh doa,25
c_979f1481c7c6,bu komentarnya mengenai banjir yang melanda akhir2 ini ? ya namanya jakarta ujan pasti banjir ada perbedaan jaman ahok dan anies bu ? era ahok banjir juga sih tapi agak mendingan cuma banjirnya kan azab kalo di era anies banjirnya itu ujian dari allah,44
c_dd51354f8eef,banjir rendam 700 rumah di kecamatan katibung lamsel,8
c_6aa8734005fb,banjir bandang tadi mafrib di desa natam - kutacane alfatihah,10
c_8163b7837dc1,ini cara kami berjihad membantu saudara yang lagi kena musibah gambar 1 sd 3 itu dihari yang sama namun tempatnya beda ada tanah longsor ada kena banjir ada yang kena puting beliung berjihad dengan nyata dan bermanfaat bukan berkumpul dan terik di jalan,43
c_d6059b93eb31,banjir musiman di pasar kepanjen sampai kapan ?,8
c_aa0285150868,cegah banjir dan longsor warga tanam ribuan batang pohon di gunung buthak,12
c_6c64828483be,detik-detik banjir bandang terjang desa di aceh terekam video amatir,10
c_739e36d411fe,tim reaksi cepat satuan tugas penanggulangan bencana bpbd kabupaten way kanan mengevakuasi masyarakat korban bencana banjir di kampung sungsangkota bumitanjung dalomdan kampung segara midar,24
c_653c98ca09f5,antisipasi banjir sungai di surabaya terus dikeruk,7
c_a58d3fbda6b2,alhamdulillah ilmu magic orang yang mau bikin hujan lebatguntur banjir n bhrap ada yang mninggal ilmunx tidak blaku n dtolak o allah shg memang jtan mnsia yang dtng dengan cuaca yang adem di monas n konsumsi yang blimpahjgn jadi mnsia itu sombong n mmbeci agama lain beda pilihan jangan bawa-bawa agama,51
c_7c5c1428ae72,usai mencabut status siaga darurat asap pemerintah provinsi riau menetapkan satus siaga banjir dan longsor di riau penetapan status tersebut seiring telah ditetapkannya status tersebut di lima kabupaten di riau,30
c_51a60693f4db,tahun 2014 silam mas mengunjungi banjir di semarang utara dan alhamdulillahnya lagi sekarang kota semarang sudah tidak banjir lagi,19
c_ea7a0a650904,untuk menangkal banjir serta mempercepat resapan air hujan di surabaya,10
c_ae0adc97c5fe,musim penghujan datang banjir hampiri beberapa desa di kecamatan grobogan,10
c_6bff9817af1f,banjir bandang di mosa telan korban ini penyebabnya lewat coid,10
c_c4bba9d8632f,gunung pati smarang banjir gede mugi2 di selamat sing gadah putro/putri kuliah ten unnes dan sekitarnya monggo dikonfirmasi rumien njih pak buk kon ati ati,25
c_b44f59ea3273,melawan arus adu kekuatan mobil dengan arus banjir di depan kampus unnes semarang lain kali kalau bangun jalan jangan lupa bangun drainase banyak kota yang dibangun jalan tanpa drainase makanya saat hujan deras jalan berubah jadi drainase habis banjir jalan pasti rusak,42
c_8c7e9c56714d,di semarang banjir seperti ini saja gubernur aparat warga & netizennya adem masih bisa tertawa dan hidup harmoni dengan banjir suasana tetap akrab rukun dan informasinya saling melengkapi coba kalau hal ini juga bisa berlaku di banjir jakarta alangkah ademnya hidup ini,42
c_d117af2c3b15,orang yang dulu sesumbar banjir dan macet di jakarta bisa diatasi kalau ia jadi presiden ke mana ya ? ?,20
c_a5236e6ccfcd,penanggulangan banjir dan rob kota semarang lokasi bendung tenggang kami terus berupaya untuk membasmi rob yang terjadi di kota semarang mohon support dan dukunganya agar segera teratasi dan semarang menjadi bebas banjir,32
c_54485c201523,pemasangan pompa di bagian muara sungai merupakan bagian dari penanganan masalah banjir yang menjadi langganan di wilayah timur kota semarang khususnya di kecamatan genuk dan sekitar,26
c_0b9884a85879,kisah unik saat polisi live report pengendara motor jatuh saat seorang polisi tengah live report menyampaikan kondisi lalin yang dilanda banjir di kabupaten lampung selatan lampung dengan sigap akp reza khomeini langsung bergegas menolong pengendara,35
c_1de7ff13eec1,video banjir bandang di wonosoco undaan ( 4/12 ) tidak ada korban jiwa sudah ditangani petugas gabungan sumber : ig,20
c_7d702539d2c2,bintik meminta tolong rt nya kemarin pas banjir ketemu mereka ciri2 loreng2 di badannya yang merasa kehilangan/mau adopt dm saja enggak mampu adopt soalnya di rumah sudah ada 17 gabus terima kasih bintik,33
c_275ad367604d,terjadi banjir bandang di desa wonosoco undaan kudus relawan kudus bersama menbantu memberikan lumpur selasa ( 4/12 ),18
c_583c99acb1ba,info 05/12/2018 kerja2 pemantauan banjir di jalan kg bukit / alur lik aht ( norlan united ),17
c_1eebc05a5014,dana desa bronjong penahan banjir di desa talang paruh kecamatan lembah masurai kabupaten merangin 2018,15
c_276d3bea4715,evakuasi korban hanyut banjir malah ketemunya barang begini di dasar sungai punya siapa ya ? bagi yang merasa kehilangan silakan hubungi posko bnpb kami akan evakuasi dengan baik-baik,28
c_4d9109dd586b,kemarin terjadi banjir bandang dan di temukan se orang gadis hanyut di bawa arus,14
c_19bb162eb34a,selamat pagi mata-mata musim hujan tiba sejumlah daerah terkena dampaknya seperti macet banjir pohon tumbang bahkan sampai longsor bagaimana pantauan di sekitarmu ? jangan lupa share infonya ke,28
c_e2349be65a9c,banjir beberapa titik di kawasan teritip balikpapan timur akibat hujan deras sejak kamis ( 6/12/2018 ) dinihari hingga subuh tadi,20
c_5208090d1149,usai didera hujan lebat empat hari lalu banjir masih menggenangi sejumlah titik di kota semarang kamis siang walikota semarang hendrar prihadi meninjau langsung sejumlah fasilitas publik yang terdampak banjir full videos,31
c_933cdae7825f,semarang jateng banjir masuk koran btw itu motor yang kebanjiran di dorong apa di naikin ya ?,17
c_4d1092f46f9a,johan rosihan sampaikan bela sungkawa atas banjir bandang di empang - tarano,12
c_ea75c4be68cd,banjir kilat di miritok jalan nak ke luak berdepan kfc tanjung lubang,12
c_6af2a9459b0e,habis diguncang gempa 5 3 sr pada 6/12/2018 pagi sorenya diterjang banjir di kecamatan kempo kabupaten dompu ntb 9 rumah rusak dan 120 rumah terendam banjir hutan makin rusak saat banjir sungai berisi kayu & sampah salah satu penyebab banjir di ntb adalah maraknya penebangan hutan,46
c_44a83580db53,kondisi banjir di desa sukoharjo pacitan semalam,7
c_ee260fe6e5de,bagana ( banser tanggap bencana ) kota semarang membantu membersihkan kotoran akibat bencana banjir di kaligawe membantu sesama walaupun berbeda agama sekalipun,22
c_98a57990a945,bagana ( banser tanggap bencana ) kota semarang membantu membersihkan kotoran akibat bencana banjir di kaligawe yang kami tahu membantu sesama merupakan tugas mulia tak perduli apapun agama budaya suku dan latar belakangnya,33
c_f772489296d5,8 orang tenggelam dalam banjir minuman bir di london pada tahun 1814 [ wikipedia ],15
c_02d5e7137d94,penduduk di kch samarahan serian bintulu kapit dan sibu diminta berjaga-jaga bagi menghadapi sebarang kemungkinan berlaku banjir jabatan pengairan dan saliran mengeluarkan amaran berhubung paras air sungai dan curahan di beberapa kawasan di bintulu kapit sibu dan betong,38
c_4f418475399b,banjir di kecamatan sekar anggota polsek sekar bersama petugas gotong royong bantu warga,13
c_9961198936cc,mohon doa nya agar banjir di kabupaten kampar riau khususnya pasar rumbio tak meluas,14
c_0d174e1e33eb,aktiviti kemasyarakatan pembersihan rumah yang di landa banjir di kubang semang,11
c_7d3bf49fc29d,hari kedua banjir semarang bagana masih stay di lokasi semangat sahabat,11
c_fc301ffbfc8a,banjir di kebumen belum surut puluhan warga mengungsi,8
c_e4a3c334fca5,setelah 17 tahun tidak pernah juara liga hari ini persija juara pekan ini pak anies banjir penghargaan 4 hari lalu beliau meraih 3 penghargaan dari kpk atas kinerja pemberantasan korupsi di jakarta selamat pak dan jajarannya serta,37
c_3fb35df2e7be,sunandar p sudarmo macet banjir di depan mandalasena,8
c_90de4007a3f8,malang darurat banjir hati-hati buat yang sedang berkendara pikian jangan kosong btw : ini tadi di daerah blimbing arah flyover,20
c_f212aa85ab1d,malang banjir di beberapa lokasi senin ( 10/12 ) banjir tidak hanya membuat jalur tergenang bahkan satu mobil dilaporkan hanyut ( odp-rt ),23
c_ec6e01ab64a2,terkait banjir di malang tadi sore monggo disimak ke instagram bapake,11
c_e442e8da3ddc,astagfirullah banjir di kemang utara semakin parah,7
c_ac47d492ff88,air terjun lembah anai banjir akibat hujan deras di bagian hulu air terjun setinggi 35 meter yang berada di tepi jalan raya padang-bukittinggi di kabupaten tanah datar debitnya besar sehingga merendam jalan pada 10/12/2018 pukul 0:18:10 wib belum ada laporan korban jiwa dan kerusakan,44
c_73957f68639b,banjir hari ini senin 10-des di pancoran jak-sel kantong suara anies-sandi kok bisa banjir begini ya ? ? malaikat mana malaikat ?,22
c_ceaa9cf9729b,banjir di jakarta ternyata telah terjadi sejak zaman belanda tercatat beberapa banjir besar terjadi pada tahun 1621 1654 1876 dan 1932 bahkan setelah indonesia merdeka yaitu pada tahun 1976 1984 1994 1996 1997 1999 2002 2007 dan 2008,38
c_aaa90ded8994,susah banget blang kna banjir dan suruh kita ambil biar cepat 5 hari krendem air di kerdus barangnya kasihan karyawan di sini di komplain ini tiki di pura demak denpasar bisa info bagi smeton yang pketnya belum sampai langsung ke tiki pura demak,43
c_e9465dcc5ce5,sejak lama ya ternyata banjir di malang problem sosial sejak era kolonial,12
c_715df863e74e,tweeps jika ada banjir di wilayahmu laporkan ke selain terdata akan segera ada penanganan di level kelurahan ini sudah sop dari bpbd akan percuma kalau kamu mention saya bilang 'ci banjir nih ! sudah salah mention kagak ada informasinya pula,40
c_9bffa360519e,banjir bandang dan angin kencang di meikarta,7
c_62044d09bda4,sebenarnya hampir setiap tahun kota malang selalu dilanda banjir saat hujan turun dengan intensitas tinggi sebagian besar saluran drainase di kota ini diklaim tidak mampu lagi menampung air hujan,29
c_ffc34ae7cd91,banjir bandang terjadi di desa dampingan kecamatan juli kabupaten bireuen aceh,11
c_85fbe8f465f7,ha ha mesyuarat banjir yang dipengerusikan yb dap kota laksamana di buat dalam tokong budhapaksa pegawai2 melayu dari pelbagai agensi hadirmelampau sangat dah nih,24
c_3bddf33ed131,aquaman anyut tertarik banjir sampai cakung mampus kau momoa menangis sana di pulogadung !,14
c_9bf265fdf924,baru saja sukses nyemplung di air banjir karena sendal jepit licin akhirmya kepleset di pedal sepeda smpet bengong bagai dugong terdampar ditolongin sih cuma basah saja sama air banjir untung sudah dekat rumah moral of the story : kalo naik sepeda mending jangan pakai sendal jepit,46
c_0620fd3d2e78,via dampak banjir bireuen : tanggul irigasi di juli keude dua patah,12
c_832737160436,banjir di kp tanah baru desa karang baru cikarang utara belakang rs bhakti husada imbas hukan deras dan luapan kali cikarang jumat ( 15/12/2018 ) sore,26
c_adca9617d6e3,sekalipun kena banjir 2066 kotak suara yang terbuat dari kardus tahan air karena kardus di eranya jainuddin lebih kuat dari aluminium '' mbelgedez lo pak,25
c_e66b71f770a8,2313 banjir di kp poncol desa tanjungsari cikarang utara,9
c_c4bb82407030,illegal logging adalah kegiatan penebangan pengangkutan dan penjualan kayu yang merupakan bentuk ancaman faktual disekitar perbatasan yang tidak sah atau tidak memiliki izin dari otoritas setempat dampak dari ilegal loging ini banjir bandang di aceh tenggara,36
c_2f6a9740e23b,banjir di perumahan puri nirwana residences dssukaraya setinggi 40cm,9
c_5c7cb5e780c3,pernah dengar dongeng banjir : kodok ikan dan kakek tua belum ? nah kali ini kak topo eh kak ojan akan mendongeng banjir siap-siap duduk yang manis kak ojan akan memulai ceritanya lengkapnya kamu klik di atau download bnpb tv di playstore atau ios,44
c_3d9a01efc198,aktivis protes kok jokowi tak pantau korban banjir di riau,10
c_340fa04b7f9d,kalian ini lucu bin goblokmasa banjir dibilang airmata malaikat karena reuni umat di monaswah dunia sudah mulai terbalik,18
c_5d8a2fc4ea9e,banjir di jalan kopo sayati,5
c_315e1f96d217,arah ke soreang dan sekitarnya macet karena ada banjir di jalan sayati,12
c_e5f2c2057183,selamat pagi rek wilayah sumput dan petiken driyorejo tergenang banjir sejak kemarin sore masyarakat di sekitar lokasi melakukan aksi spontanitas dengan menggelar spanduk karena selama ini pemkab gresik seolah tak pernah memperhatikan wilayah selatan yang rutin terkena banjir,38
c_2594423c871b,ribuan kotak kardus kpu rusak dan hancur terkena banjir kotak kardus mana tahan terkena dampak air hujan/banjir sdgkan sebagian wilayah di indonesia rawan bencana banjir ! !,27
c_a72c0ae504d6,terendam banjir 2065 kotak suara 'kardus ' di bali rusak katanya sama kuatnya dengan kotak suara aluminium ? aahbohong mulu,20
c_a14ffe10a04d,pemerintah memberikan bantuan kepada korban banjir di kampar riau,9
c_79443d8a2225,banjir di pasirkaliki pinggirannya lebih tinggi lagi banjirnya,8
c_ef2c70a78961,musim hujan telah datang perangkat aparat dan warga masyarakat mengadakan pelatihan penanggulangan banjir di desa plangkapan tambak banyumas,18
c_60de136ee83b,assalamualaikum ketika ini saya berada di kampung merbau menyusut setiu di mana untuk melihat sendiri aaaaa situasi banjir yang berlaku di kampung ini bagaimanapun ianya tidaklah serius allahu akbar abang azih ! allahu akbar abang azih jatuh buk ! allahu akbar !,42
c_cc2c597e01d9,curug ciajeng kemarin telah terjadi banjir lumpur yang mengakibatkan efect coklat di pepohonan selalu berhati hati dalam perjalanan kalian salam foto dari : lilisetiawatii_,24
c_58bdbbeab295,relawan rumah zakat bantu korban banjir di semarang,8
c_4d4e1159137d,banjir merendam rumah warga di kelurahan pagentan kecamatan singosari kabupaten malang,11
c_d6c2d5965ee7,vihara di watugong waduk jatibarang dekat sampokong museum ronggowarsito kalibanteng musium mandala lihat tentang tni puri maerokoco marina banjir kanal barat ( video terlampir ) taman indonesia kayak dekat simpang5 atau waterboom raksasa yang lagi hits di kaligawe genuk,39
c_292b06c823d0,banjir dukungan untuk cinta laura maju di ajang miss universe 2019,11
c_19664f385728,banjir di pelalawan warga inhil yang mau ke pekanbaru harus lewat kuansing jarak tempuh hingga 12 jam,17
c_e8694809dca0,banjir dukungan untuk mewakili indonesia di ajang miss universe cinta laura justru tak tertarik,14
c_b5a207811c4e,pantas banjir notifikasi jebulane di-promote klien,6
c_801f2eef5571,2 korban banjir bandang di dairi berhasil ditemukan,8
c_fd6a71b2a6f8,yess banjir durian '' taman buah mekarsari akan dimulai besok nih fruityzen menggiurkan banget nih ragam jenis buah durian lokal nusantara spesial di pekan liburan natal dan tahun baru taman buah mekarsari 22 desember 2018 hingga 6 januari 2019 info : ( 21 ) 823 18 22,47
c_300741b43d74,pengalihan dari banjir di jakarta yang tidak mampu dia atasi dialihkan kepada persoalan kebutuhan pokok,15
c_a75e8106a793,hubungi <PHONE> segera jika kawasan dilanda banjir di miri - apm,11
c_74e347a07dca,21 dis 2018 hubungi <PHONE> segera jika kawasan dilanda banjir di miri - apm miri : angkatan pertahanan awam malaysia meminta orang awam di sini untuk menghubungi talian <PHONE> jika kawasan mereka dilanda banjir pada musim tengkujuh ini,38
c_a605d6939377,bhabinkamtibmas polsek sentani kota bripka engel mayor & bripka surianto mendampingi dan membantu warga korban banjir di btn gajahmada dalam pembuatan tanggul sementara dengan pasir agar air tidak masuk ke dalam perumahan,32
c_0472aa102253,kabtegal - jateng ( 22/12 ) awal th2018 dssidakaton & dssidapurna terendam banjir akibat meluapnya sungai kemiri untuk mengurangi resiko banjir di moment hari relawan pmi kabtegal bersama masyarakat melakukan aksi bersih sungai,33
c_a6800347437f,akibat hujan deras infonya ada banjir bandang di jembrana jembatan putus semua kendaraan yang hendak mau ke denpasar dan yang mau ke gilimanuk pun harus parkir kendaraaannya di jalan bahkan ada yang mencari hotel untuk bermalam,36
c_debaefe77c2d,semula dan meyakini ombak besar semalam hanya banjir bandang akibat purnama tapi kemudian diralat ini tsunami akibat erupsi anak krakatau tsunami anyer yang diawali suara deguman keras ini juga menerjang pesisir pantai di lampung video :,36
c_6dec1e4f6991,selamat pagi februari 2007 terjadi banjir besar di jakarta teman nyang rumahnya di kebon jeruk ngeli nginep di salah satu hotel di jalan sudirman salah satu maksudnya menghindari mobilnya kena banjir mobilnya justru tenggelam di basement hotel tersebut,38
c_503a5d8c884b,menanggapi keluhan warga yang sering dilanda banjir saat musim hujan kemarin meninjau cekdam di kelurahan cigadung saya ingin kondisi ini harus segera dibenahi saya meminta langsung kepada dinas pupr merespon ini sebelum hal yang tidak kita inginkan terjadi lagi,39
c_9ee7d4d0efad,kondisi banjir yang sering kita hadapi jadi pengingat dimana kita juga harus menjaga lingkungan dan membangun budaya mengingatkan orang-orang di terdekat kita bersama kita jaga subang yang kita cintai ini insyaallah kita bisa subang jawara !,36
c_5944ee990005,lok dusun kedung langkap kecamatan kencong kabupaten jember jawa timur hari ini banjir seluruh desa di sebelah timur tanggul sungai terendam air setinggi lutut,24
c_88eb07e01ab0,efek banjir kemarin malam di wilayah perbatasan tegal cangkring dan penyaringan jembrana bali jalan denpasar- gilimanuk macet,17
c_4ffc2da91354,hujan angin gempa longsor banjir dsb di akhir tahun mari semua waspada agar tetap sejahtera,15
c_e8c9e821e9d7,855 jiwa korban banjir di pelalawan bertahan di lokasi pengungsian,10
c_0f2bc87f4c0d,hujan semalam membuat banjir di bali barat satu jembatan terdampak mobil dari gilimanuk dialihkan lewat singaraja saya sarankan enggak usah berlibur di bali macet di mana2 bali tak ada pembangunan infrastruktur jalan lebih baik dana libur disumbangkan ke tsunami banten/lampung,40
c_bdcd9c5b66ee,belasungkawa dan doa majelis rasulullaah terhadap para korban tsunami dan banjir di anyer dan sekitarnya,15
c_c175190633b0,keseruan yang tercipta di banjir durian '' spesial liburan di taman buah mekarsari pengunjung yang datang hari ini begitu senang sekali bisa merasakan ragam durian lokal nusantara langsung di kebun durian koleksi taman buah mekarsari info : ( 21 ) 823 18 12,43
c_6745c522fc92,kapolres lumajang pantau korban banjir di 2 desa,8
c_5dab4b5958c7,banjir di sg serai buat 11 hulu langat,8
c_749be8d34e05,banjir rendam seribu lebih rumah di jember,7
c_f2138c0cd05d,dan bila terjadi banjir di hulu air sungai tiba-tiba meluap ; manusia yang sudah terlanjur di tengah pasti tergelincir kawatnya pun putus orang tersebut mati kau tak tahu itu karena begitu kau bisa tahu kau sudah putri presiden sebelumnya pun hidupmu bukan di desa,44
c_dd22c535c17c,banjir bandang dairi korban kelima ditemukan pemancing di aceh,9
c_cccc128ceb57,hujan deras sejak sabtu akibatkan banjir besar di jember 1 orang meninggal ratusan rumah terendam,15
c_91d5ac0f6855,jadi ingat masa gubernur dki masih ahok banjir di bilang genangan dan sekarang stunami di bilang air pasang kalau goblok jangan berjam'aah dong,23
c_250254049019,menyikapi bencana banjir yang melanda btn gajah mada yahim sentani bhabinkamtibmas polsek sentani kota bersama warga gotong royong menormalisasi sungai yang berada di samping btn tersebut,26
c_9b820a6c993e,banjir di aceh peneliti zaiyana putri : sekolah & ; outdoor & ; juga menarik,15
c_d9e0a534dd22,setelah banjir ( karena ) tjahaja purnama bukan gempa di banten dan banjir bandang bali yang melumpuhkan kedua bahu tanah jawa dimulailah kericuhan yogyakarta pusat gravitasi katolik di indonesia usai nisan salib patah time is ticking be prepare,38
c_d01fe76cc57c,gus muwafiq orator nu 'zaman now ' oleh ahmad naufa khoirul faizun di tengah banjir media yang mnrt presiden jokowi karena kita memasuki revolusi 40 yang ditandai dengan maraknya informasi digital muncul berbagai pendakwah islam yang populer di medsos,39
c_9d574b4ab095,kado akhir tahun dari banjir rob rendam 4 rt di jakarta utara dan jakarta barat lewat,16
c_5c6a31ae072b,duh gustiiii kado akhir tahun yang pahit dari gabener banjir rob yang meredam 4 rt di jakut dan jakbar,19
c_65be9dfd311d,musim liburan bukan berarti santai2 pks lumajang tetap diantaranya memberikan bantuan di daerah terdampak banjir rowokangkung-jatiroto dengan memberikan bantuan air bersih di perumahan jatiroto yang selama 2 hari ini air pdam mati,32
c_5c5444fd8e17,ijin melaporkan terjadi banjir di dkmberan dssumber kecamatan kradenan ketinggian air 50 cmjln sumber-peting tidak bisa di lewati,18
c_2b2d3f23dc5a,banjir ? banjir air kok di salahkan ? kan air hanya mengikuti sunah allah,14
c_f91a0ac52882,upaya atasi banjir di jakarta jokowi tinjau pembangunan bendungan sukamahi,10
c_a03d116f65b2,presiden : bendungan ciawi dan sukamahi untuk atasi banjir di jakarta,11
c_56abde287881,1511 rt : kondisi banjir di labuan tepatnya di desa teluk kecamatan labuan kabupaten pandeglang banten ketinggian air sekitar 5 sd 6 meter,23
c_0d2d5327098b,jokowi : bendungan ciawi dan sukamahi untuk atasi banjir di jakarta dia tak pernah lupa janjinya !,17
c_d57a94fd127e,info : banjir di labuan pandeglang semoga allah melindungi kita semua dari bahaya dan segala bencana,16
c_0fbe47174eff,gubernur sumatera utara edy rahmayadi meninjau langsung lokasi bencana banjir bandang di desa lokkotan ( longkotan ) dan desa sibongkaras kecamatan silima punggapungga kabupaten dairi,25
c_aaa76de05c16,tim menyalurkan bantuan kepada masyarakat terdampak tsunami serta membantu evakuasi masyarakat terdampak banjir di labuan pandeglang-banten,16
c_e236e1ae3e7e,banjir di labuan hari ini mempersulit akses kami ke lokasi terdampak tsunami paling parah,14
c_3ac3806d4489,untuk menyelesaikan masalah banjir jakarta harus dari hulu hingga hilir hulunya ada dua hulu yang di atas jakarta seperti bogor dan hulu yang dari atas atap rumah kita,28
c_d6f28750aa99,banjir di kamp2 muhajirin ( pengungsi ) di atma dana sarmada suriah utara ya allah izinkan kami bantu mereka sambil terus bantu keluarga2 kami di banten lampung palu dan lombok video,31
c_b53b98e6021c,kondisi di labuan pandeglang banten warga korban tsunami dan banjir bandang mengungsi di sekolah sehat terus dek yang masih berumur 25 hari labuan tanggal 27 desember 2018 siaga iii radius jarak aman 5 kilometer dari gunung krakatau,37
c_c07fc35e14f4,indak perlu heran jika ada proyek dengan berbagi biaya antara pemprov dki & kemenpu proyek lain : banjir kanal timur dan betonisasi ( normalisasi ) sungai ciliwung rusun jatinegara barat dan rusun rawa bebek pun hasil 'patungan ' biasanya dki tanggung jawab di lahan punya di konstruksi,47
c_6eb7d9073219,banjir di takkalasi barru menutup akses jalur poros ( 28/12 ),11
c_51dbc22b76fc,pesan walikota makassar pak danny waspada banjir di makassar semoga indak banjir ji deh,14
c_3e835f427e81,17:23 from banjir di daerah rancakek dekat pt kahatek yang cukup lumayan tinggi untuk wargi bandung yang mau melewati jalan tersebut sebaiknya mencari jalan alternatif video : ule,28
c_283eb67669fd,ikan teri yang asli ikan indonesia saja masih imporbahkan sampai banjir lho di pasar2 indonesiakhan aneh ! ! ? ? menteri nya sampai kewalahanpresiden nya tetap pringas pringistdk paham atau pura-pura tidak pahammmg harus nya deh,36
c_e5e02549d7a7,kondisi banjir dampak hujan dan pasang air laut di kota pontianak,11
c_30eaa78faad7,pasukan penyelam british yang membantu menyelamatkan pasukan bola sepak kanak-kanak terkandas dalam sebuah gua banjir di thailand antara penerima anugerah kehormat tradisi britain bersempena tahun baru,26
c_f28989a744fd,tim rescue basarnas makassar berhasil menemukan 2 korban meninggal akibat banjir barru ( sulfiah/perempuan/14 tahun dan muhammad/l/53thn ) pada sabtu pagi ( 29/12 ) korban kemudian dievakuasi ke rumah duka di kelurahan takkalasi kecamatan balusu kabupaten barru,37
c_d471f6f95580,pemerintah sudah saatnya membentuk menteri urusan jomblo dalam negeri indonesia bisa krisis penduduk jika jumlah jomblo tidak bisa ditekan belum lagi banjir yang diakibatkan oleh tingginya debet air mata jomblo khususnya di malam minggu,34
c_11879a1cbf04,saksikan peresmian semarang bridge fountain di jembatan banjir kanal barat kota semarang bridge fountain pertama di indonesia akan disediakan 2 panggung yang akan diisi oleh j-rocks,26
c_9e3ee0223e83,jokowi bangun 2 buah bendungan u/ menampung air & mengendalikan arus air sungai yang melewati dki supaya tidak terjadi banjir karena volume yang mengalir di sungai dapat terkendali,28
c_5ae8e80bdaa0,di bogor sedang dibangun dua bendungan untuk ngendalikan banjir jakarta bendungan sukamahi dan ciawi dari situ dialirkan bertahap ke katulampa untuk diteruskan ke bkt banjir di dki berkurang buat pak enggak ada yang sulit jrengg saja yang oleh rezim lain enggak terpikirkan,42
c_30d4e8916a56,satu lagi infrastruktur yang ingin dibangun pak jokowi untuk mengendalikan banjir di ibu kota jakarta,15
c_ca74a008a756,rei malang : perumahan enggak pernah banjir cuma jalan di depannya saja,12
c_053e60930bc7,akses jalan lumpuh banjir bandang landa beberapa desa di aceh tenggara,11
c_eb22ad31a814,suasana kutacane aceh tenggara pagi ini <PHONE> terlihat jembatan di lawe bekung kecamatan badar terputus jalan kota & perumahan warga desa gumpang jaya kecamatan babussalam kutacane banjir besar kembali melanda di seluruh kutacane tadi malam,35
c_9e4491d352dd,tahh lamun bandung banjir ieu salah sahiji mobil nu jadi sebabna ngeunah pisan di jalan bengawan parkir nyatu kacang sabari runtahna dipiceun dijalan mikirrrrr ath,25
c_7d54bb67187a,banjir di sejumlah kamp pengungsi utara suriah terus berlanjut para pengungsi terusir dari rumah karena kekejaman rezim assad,18
c_d2c01b1106e9,hal pertama yang dipelajari tahun 2019 : bisa terjadi banjir di gurun pasir,13
c_571400b15d20,banyak gempa banyak longsor banyak banjir banyak musibah mari kita dawamkan zikrullah dan sholawatagar allah swt menjaga dan menolong kita di mana pun kita berada,25
c_c58a13b7014a,polri sigap bencana alam polri evakuasi korban banjir di labuan banten intensitas hujan yang tinggi mengakibatkan banjir melanda desa labuan pandeglang banten,22
c_30dbafe390a2,sepekan banjir ratusan warga di pandeglang luput dari bantuan makanan,10
c_1c523e12dff2,banjir tahun baru di labuan,5
c_5bd468bbbc05,bupati turun langsung meninjau salah satu lokasi banjir di kampung masjid desa labuan ( 1/1 ) saat ini polairud basarnas dibantu relawan sudah mengevakuasi warga yang,26
c_500961610b87,banjir hingga 2 meter rendam permukiman warga di labuan banten,10
c_b635f453b63e,jika sekiranya banjir dan bencana berlaku di sesuatu kawasan berterusan kerajaan seharusnya iktiarkan sesuatu pencegahan daripada sering turun padang untuk membersihkan keadaan semasa,23
c_c61c3f773407,dinas pendidikan anggarkan dana untuk atasi banjir di smpn 28 batam,11
c_aef58cabd194,bencana banjir di desa idaman kecamatan patia ketinggian air 100-150 cuma,11
c_78533fa239e2,kemarin satuan bagana dari satkorcab indramayu beserta banser dari tangerang mengevakuasi warga yang terjebak banjir di kampung teluk kecamatan labuan kabupaten pandeglang banten,23
c_448a1a681013,bismillaah what happen aya naon guys ? banjir keringat kah ? eta mah hyperhidrosis akang/eneng ! hoyong cageur ti hyperhidrosis ? konsultasi di borong produk hyperhidrosis via whatsapp <PHONE>,29
c_351d5421b99f,terimakasih pak atas kerja keras dan kerja ikhlas : buat rakyat dan bangsa indonesia presiden tinjau proyek pengendalian banjir di blitar !,22
c_56d7798ad638,suasana banjir di jalan cimanuk surabaya akhir 1970an,8
c_33b0b1f26c1e,kalian semua itu tanggung jawab abah ! '' `` kalau begitu abah tanggung jawab siapa ? '' menonton lagi dan masih banjir di adegan ini,25
c_7179192c1541,ribut siklon : jps ramal tiada banjir di pantai timur,10
c_80dfec311b52,kondisi terkini banjir masih merendam pemukiman dan pertanian di desa bulagor kc pagelaran pandeglang banten ketinggian air di pemukiman warga ketinggiannya mencapai 40 hingga 60 cuma sampai sat ini belum ada warga yang mengungsi atau arahan dari aparat setempat,39
c_3b8cd6bb7412,someone was clearly cutting onions huhu alias banjir dong sepanjang film klean tida akan rugi melakukan ritual menangis pertama kalian di 2019 dengan ini em can we talk abt ringgo 's performance too here huhu i mean we all deserve abah 's kind of love as a father and husband yagasi~~,51
c_9c2cde45d136,malam ini koordinasi siaga darurat bencana banjir gerakan tanah & angin puting beliung pada musim hujan kecamatan wedi kabupaten klaten bersama kelompok relawan bencana muspika dan bpbd kabupaten klaten bertempat di aula kecamatan wedi,34
c_1a115fb1e182,nyatane seko korban longsor banjir lan tsunami mung korban perasaan sik ora isoh di evakuasi,15
c_fd6b1434bf9a,pks dan tni bahu membahu bantu atasi musibah banjir bandang di aceh tenggara,13
c_44eb444346f2,kawasan banjir setelah tsunami di labuan masih belum surut sd tanggal 4 jangan 19,14
c_2f88408b1cdb,5 januari 1949 rengat kota ku rengat kota bersejarah lebih kurang 2000 nyawa melayang banjir darah mewarnai kota rengat menjadi korban keberingasan agresi militer belanda di tahun itu ratusan tentara belanda tb-tb saja menyerang dari laut dan udara serta darat,40
c_0046daec5071,banjir bandang ditreskrimsus polda sumut terus selidiki pembalakan liar di dairi,11
c_edf2f1a9f55f,durian mekarsari maknnyoos ! ! ! terima kasih kepada seluruh pengunjung taman buah mekarsari yang telah berlibur dan berkunjung ke wahana banjir durian '' taman buah mekarsari selama pekan liburan sekolah natal dan tahun baru cek informasi selengkapnya di :,40
c_0fa67e0388fb,okey benar ini mah water stage sampai banjir di kamar gua,11
c_82cee58ec71c,dahsyat ! ahok sudah banjir tawaran jadi narasumber di luar negeri lewat,12
c_1d2d3dd363ba,info sore ini dapur umum bpbd kabupaten jayapura sudah mulai membagikan makanan untuk para korban terdampak banjir di btn gajah mada sentani di dampingi oleh asda 1 kalak bpbd dan bhabinkamtibmas,31
c_c2ff80b3acb4,kader pks bagikan bantuan kepada masyarakat yang terkena banjir di jayapura,11
c_a4341a5c3b20,kapan terjadi banjir ? jika sampah sudah menggunung di hilir sungai pun kau tak pernah menyadari bahwa sampah itu kau beri setiap hari sedikit demi sedikit hingga air sungai pun,30
c_bd6507fb32c9,alhamdulillah bandung di guyur hujan besar kembali semoga tidak menyebabkan banjir hati hati yang sedang diperjalanan semoga selamat sampai di rumah,21
c_1574d1cacf52,banjir di kupang karangdowo,4
c_a41221ceff68,hujan lebat banjir di beberapa kawasan di kuching,8
c_38c429d5978a,mohon bantu signed dan sebarkan petisi ini banjir dan kemacetan di cisauk tangerang sudah semakin parah,16
c_9dcbe268f172,pasca tsunami dan banjir di banten thank you,8
c_aef4baa6a159,2 tahap yang ditempuh jokowi untuk mengatasi macet dan banjir di jakarta : tahap 1 jadi presiden indonesia tahap 2 memerintahkan gubernur dki jakarta untuk mengatasi macet dan banjir,29
c_394b0e046daa,pemkot bandung alokasi rp 30 miliar untuk penanganan banjir di 2019,11
c_4180f988106c,proyek bendungan di bogur untuk mengendalikan banjir di jakarta,9
c_d47b36825527,iklim di bumi semakin ekstrim ? longsor ? banjir dimana-mana ? panas tak terhingga ? mungkin bumi sedang lelah yuk tanam pohon di sekitar rumahmu demi masa depan yang lebih segar ! selamat,33
c_13fd60f044e9,kami telah menghitung penurunan lahan gambut di abad ini dapat menyebabkan banjir tak terkendali 10 hingga 20 juta hektar di lahan produktif global `` hans joosten,26
c_d0ff7b1142cc,rumah dengan suasana tenang damai lingkungan yang nyaman lokasi strategis tempat terbaik bebas banjir ada kebun belakang dan depan di setrasari v bandung utara spesifikasi : - luas,28
c_2446596b2803,paling gila dan seru dan paling berkesan pas sampai memang walaupun bopung sukanya main serodotan di koridor kelas habis ujan hujan2an pas banjir sampai kecebur got lempar sepatu teman sampai nyangkut di ring basket ah semuanya pokoknya kangen,38
c_a71935b3e3cf,lalin surabaya malang 2 arah merayap banjir dilawang arah mlg banjir di sumberwuni arah surabaya banjir di bedali cuaca hujan deras ambil jalur kanan,24
c_f668d580f6fc,di tengah banjir informasi di media sosial nukman berbagi cara untuk menyaringnya agar kita senantiasa hidup sehat di era digital turut berbela sungkawa atas berpulangnya nukman luthfie,27
c_902a58c9c45b,media sosial itu jendela kecil untuk menafsir siapa kita katamu maka banjir doa & kenangan baik atasmu di media sosial ini adalah tafsir terbaik tentang dirimu yang sungguh orang baik pakde selamat jalan mas semoga allah swt mendekapmu dalam cinta abadi,41
c_ab50917cfc6c,1000 rt banjir di pom bensin andir baleendah masih sedada orang dewasa,12
c_3a706310cfc0,banjir merendam pemukiman warga di tiga kecamatan di bandung jawa barat,11
c_d68c7e6bd4df,banjir bonusnya untuk kamu yang hobi abadikan momen dengan kualitas kamera terbaik ! pilih koleksi warna dan tipenya sekarang disini lebih mudah tanya-tanya dan belanja melalui chat whatsapp di no <PHONE> happy shopping all,34
c_a6107591d0b1,yuk mencoba marenta bandung ada yang baru loh cireng rujak ada cireng banjir batagor banjir cuangki banjir 20rb /cup bisa di kirim keseluruh indonesia,24
c_e72a351e19ce,nih cuangki soto rasa baru juga soto jamur juga rasa baru yang suka pedas mencoba seblak banjir 20rb/cup yuk order di aku,22
c_fa2e145cb401,fpi poso bersihkan lumpur di rumah yang terkena banjir di kayamanya,11
c_074d7b5af1cd,genangan/ banjir di desa rangkah kecamatan buayan rabu ( 16/1 ) pagi ini sebagian masuk ke rumah penduduk foto : kasiman iman/ fb,23
c_b9793741b841,banjir di klepu kecamatan butuh purworejo,6
c_bcdb9501965d,hari ini banyak sekali kejadian bencana alam yang menimpa jepara dari orang tersambar petir kecelakan banjir dibeberapa desa tanah longsor juga terjadi dibeberapa wilayah di jepara semoga tak ada lagi bencana alam di kota ukir maupun di bumi pertiwi ini tuhan aku bolomu,43
c_a99efc22bb8e,proyek rel ganda dinilai picu banjir di gombong - selokerto saluran air tersumbat,13
c_921c1a428fc8,12 program untuk menangani masalah air dan banjir citarum di bandung raya oleh pemerintah pusat dan daerah ada yang sudah selesai ada yang sedang progres dan ada yang sedang direncanakan mari semangat mencari solusi namun tidak boleh takabur doakan lancar,40
c_1d667f16c3dd,penangana bencana banjir di desa wironatan kecamatan butuh purworejo,9
c_11f057eaeb55,hujan deras mengakibatkan sungai tersumbat sehingga banjir di kupang karangdowo klaten,11
c_08a37eebcc60,ada sejumlah wilayah di jawa tengah & jawa barat yang rawan bencana semisal kendal jepara dan bogor di tempat lain justru banjir dan longsor sudah melanda mereka yang tinggal di kebumen & cilacap,33
c_f0a45cb0b68a,banjir lahan sawah di kalibening berubah jadi danau banjarnegara - lahan sawah di kecamatan kalibening banjarnegara berubah menjadi danau lahan sawah yang terletak di desa bedana,26
c_3834162ec280,banjir kemarin di tepatnya di desa kalisari tempuran ( 17/8 ) 0:17 wib cc,14
c_2a4e31243f07,terisolir korban banjir di desa madurejo puring butuh logistik dan air bersih,12
c_49a58e720046,lpbi nu kebumen melakukan assesment membantu masyarakat yang terjebak macet dan membantu membersihkan rumah dalam peristiwa banjir di kebumen,19
c_5294ebc473b2,banjir di kebumen surut pengungsi mulai pulang,7
c_ddecc669c582,survei lokasi banjir di daerah pekalongan utara bersama tim bagana kota pekalongan walaupun tengah malam tetap siaga salam tangguh banser bagana jateng,22
c_b75fc1bad9e6,salut mobil polisi ini terjang banjir di purworejo demi misi kemanusiaan,11
c_be7c23254dfe,jokowi datang ke garut di sambut hujan dan petir sampai sampai sungai cimanuk meluap dan siaga banjir bandang foto banjir di depan rumahku di garut jawa barat,27
c_c5c7f3d6a78b,situasi di perumahan taman surya agung desa wage kecamatan taman sidoarjo kembali banjir efek curah hujan tinggi & gorong di jalan tol waru-sidoarjo sebelah timur perumahan tidak lancar,28
c_57e25492756c,kondisi banjir di perumahan taman surya agung desa wage kecamatan taman kabupaten sidoarjo ketinggian air sudah mncapai lutut orang dwasa,20
c_5679578970d0,sebuah mobil dilaporkan jatuh ke banjir kanal dekat gor haji agus salim pada minggu ( 20/1 ) malam saat ini tim sar sedang melakukan evakuasi karena dilaporkan ada korban di dalam mobil kami masih menunggu data dan kronologi kejadian video kiriman ig ratna_eka_putry,43
c_eb8e049b5212,selain karena lokasi perumahan wisma tropodo yang lebih rendah dari jalan raya pemerintah desa setempat mengklaim banjir yang terjadi di lokasi juga karena warga menutup saluran drainase dengan cor agar bisa digunakan untuk parkir mobil ( odp-rt ),38
c_372db3fc36bc,banjir setinggi betis orang dewasa di jalan h kanan ii peninggilan selatan ciledug,13
c_bf6993866072,hujan sehari mengakibatkan banjir di kabupaten gowa mari kita doakan bersama semoga tidak ada korban jiwa,16
c_ac93dac29cd1,banjir juga landa kota maros hingga petang ini infony kendaraan tidak dapat melintas akibat tingginya banjir di jalan poros,19
c_9dba3f8cd12f,detik2 sebuah rumah panggung hanyut terbawa banjir besar di kecamatan tamaletea kabupaten jeneponto selasa siang ( 22/1 ) via,19
c_295d89915e81,kondisi banjir di kabupaten gowa dan beberapa titik lainnya di sulawesi selatan kurang pemberitaan yah ? iya soalnya kejadiannya bukan di jawa hehe : ),25
c_eadd1b8db391,rumah terbawa arus banjir di gowa,6
c_31ecc57b8444,enam orang meninggal saat banjir di gowa,7
c_fa988155c458,banjir di kota maros lalu lintas dari dan ke makassar lumpuh hingga dini hari ini ( 200 ),18
c_522491bd89ac,banjir bandang melanda 6 kabupaten di sulsel terparah gowa dan jeneponto banjir menghanyutkan rumah merendam sekolah dan masjid sampai ke atap dan menghancurkan jembatan mohon bantuannya,26
c_d1f875d6accc,seorang relawan 'laksana ' fpi yang bernama idham adlu al-gubro yang berada di lokasi banjir sedang mengevakuasi seorang balita di btn nawang poros malino kabupaten gowa sulawesi selatan,28
c_0655146fac4f,keluarga besar dan mengucapkan turut berduka cita sedalam-dalamnya atas musibah banjir di sulawesi selatan semoga teman-teman di sana senantiasa diberikan kekuatan kesabaran dan keselamatan amin,25
c_9632e88a079c,bumiku marah penuh emosi ketika tak tersentuh tangan tangan kasihmu lagi banjir bandang yang menenggelamkan beberapa kota di seberang laut sana mungkinkah sudah merasa tak bersinergi tuhan ampunilah ulah manusia dan redakan bencana yang berkepanjangan buat saudara saudaraku,38
c_be7d27e3df2b,polri evakuasi masyarakat sejumlah wilayah di kabupaten gowa sulsel terendam banjir akibat curah hujan yang tinggi menyebabkan volume air di sungai meningkat juga terjadi tanah longsor di beberapa kecamatan persone polres gowa hadir untuk evakuasi warga,36
c_146027f8faba,update banjir di sulawesi selatan bnpb catat 8 orang meninggal 4 orang hilang via,14
c_71c86ebed083,setelah banjir bandang yang menimpa sulawesi selatan sejak selasa ( 22/1 ) hingga hari ini ( 23/1 ) kantor lembaga layanan pendidikan tinggi ( lldikti ) wilayah ix sulawesi dan gorontalo di kota makassar terendam banjir setinggi orang dewasa,39
c_865db7acefc2,mohon doanya untuk keselamatan saudara2 kami yang tertimpa musibah banjir di gowa makassar maros dan sekitarnya,16
c_0c71803ffe3e,hingga rabu ( 23/1 ) tercatat sembilan orang meninggal dunia dan 10 orang dinyatakan hilang dan ribuan warga mengungsi akibat banjir di sulawesi selatan ( odp-rt ),27
c_892766f474ed,kami keluarga besar gp ansor turut berbelasungkawa atas musibah banjir yang terjadi di sulawesi selatan semoga allah swt selalu melindungi bangsa indonesia dari bencana,24
c_ab641237c6fb,korban tewas banjir di kabupaten gowa bertambah jadi 11 orang,10
c_6bb36a8f4216,sekedar info banjir sudah surut di tamangapa terima kasih banyak do ' a dari semua semoga allah membalas semua kebaikan kawan2ku waktunya bersih2 salamakki,24
c_1b5baae619a2,alhamdulillah tni dan team relawan kemanusiaan front pembela islam ( fpi ) kota makassar terjun langsung ke lokasi banjir di pangkabinanga kabupaten gowa guna membantu dan mengevakuasi korban yang masih terjebak,31
c_eecb9e3f8440,kami selaku keluarga besar fcbindonesia : mengucapkan turut berduka cita dan berbela sungkawa yang sedalam dalamnya atas musibah banjir bandang yang menimpa keluarga kita yang berada di sulsel semoga mereka tetap dilindungi oleh sang pencipta,35
c_eb7df7234ad0,from sedekahkreatif - bismillah assalamu'alaykum warahmatullahi wabarakatuh telah terjadi bencana banjir yang melanda sebagian kota di sulawesi selatan data sementara bnpb mencatat,22
c_1f3929b1f8cd,infografis dampak banjir dan longsor yang melanda 10 kabupaten/kota di sulawesi selatan per 24/1/2019 penanganan darurat masih dilakukan luasnya wilayah yang terdampak dan cuaca hujan menyebabkan kendala dalam penanganan di lapangan,31
c_456806c8848d,banjir di sulsel mulai surut 30 meninggal 25 hilang dan ribuan orang masih mengungsi - - banjir yang melanda beberapa wilayah sulawesi selatan mulai surut debit aliran dari waduk bili-bili juga makin - hati,34
c_2e35bc792c50,banjir kiriman sungai kedungbener di desa bandungsruni kebumen kamis ( 23/1 ) petang tadi setelah wilayah utara diguyur hujan lebat beruntung tanggul yang jebol sudah diperbaiki meski secara darurat kondisi aman video : mahfudz/fb,34
c_a0ca07846961,segenap keluarga besar universitas sebelas maret ( uns ) surakarta turut berduka cita atas bencana banjir bandang yang menimpa saudara kita di kawasan sulawasi selatan mari kita doakan untuk saudara-saudara kita yang berada disana agar diberikan kekuatan dan kesabaran,39
c_979dd44d2b85,nih kelakuan kader mengusur pengungsi banjir yang tinggal di rujab wakil ketua dprd kabupaten maros,15
c_8ba128b8f06a,banjir di desa senden kecamatan kampak kamis 24 januari 2019 pukul 0:21 wib bertempat di rt 19 rw 9 dusun tenggar desa senden kecamatan kampak telah terjadi banjir akronologi : pada hari kamis 24,34
c_ea8fcaf042ba,pasukan sar satbrimob polda sulawesi selatan mengevakuasi masyarakat korban banjir di wilayah sulawesi selatan jumat ( 25/1 ) humaspolri,19
c_e65e48eb4430,hujan lebat yang mengguyur makassar mengakibatkan banjir di berbagai daerah di sana dan banyak warga yang mengungsi di beberapa titik pengungsian karena rumah mereka terendam banjir untuk saat ini bantuan sangat di butuhkan baik tim medis maupun ban,38
c_2d8659c2a4b5,evakuasi korban bencana banjir di makassar banjir telah melanda di makassar sulsel personel polri bahu membahu untuk evakuasi korban ke tempat yang aman dengan menggunakan perahu yang diberi nama joko tingkir '',32
c_ee4a54420f3c,kami keluarga besar polres metro bekasi kota mengucapkan turut berduka cita atas musibah banjir bandang di sulawesi selatan semoga keluarga yang ditinggalkan di beri ketabahan kekuatan dan keikhlasan,28
c_1684248782b3,from - duka menyapa warga gowa makassar dan sekitarnya longsor dan banjir bandang menyebabkan 30 orang meninggal dunia 25 orang hilang 47 luka-luka 3321 orang mengungsi 76 rumah rusak dan 9 jembatan rusak tercatat 53 kecamatan di,37
c_7bf131373011,buang sampah ia di tempat sampah bukan di tempat sungai yang ada di sungai banyak sampah ia kita harus buang tempat smpah supaya tidak banjir di sekitar tempat tinggal kita,30
c_0438d1196d41,suasana cabin campus canteen posko bantuan tim relawan & bantuan kemanusiaan mahasiswa fakultas teknologi industri umi makassar yang insya allah akan berangkat ke lokasi bencana banjir bandang di jeneponto hari minggu 27/1/2019,32
c_1d6431967be3,ini strategi tri rismaharini walikota surabaya untuk menangkal banjir rob di surabaya ( odp-rt ),15
c_9361438d66ed,masih giat di daerah atas dapat kiriman wa dari sobat2 bawah seputar banjir yang meluas di wil pekalongan nanti malam rencana turun sambangi sobat2 di lokasi banjir sampai saat ini hujan masih turun twuips mhn do'anya semoga banjir segera surut & tak ada korban jiwaaamiin,45
c_0f7edaaba3b8,ada kisah mengharukan di tengah bencana banjir yang tjd di gowa seorang nenek berpegangan pada pohon selama 3jam untuk menyelamatkan cucunya,21
c_27d17669d8fd,jika : penyebab banjir ada dua hal masalah cuaca yang tentu tidak bisa kita kontrol tetapi yang terjadi adalah kerusakan di hulu kerusakan di daerah aliran sungai ( das ) bawakaraeng,31
c_75756d343660,auto banjir bandang di atas tempat tidur,7
c_7d6777d84056,saat ini ( 28/1 ) tim kabupaten batang jawa tengah sedang menyisir wilayah yang terendam banjir di desa tenasri wetan untuk mendistribusikan barang bantuan berupa bahan makanan untuk warga yang mengungsi ketinggian banjir terpantau setinggi lutut anak-anak,37
c_5e348efb4c3a,para pegawai kpp pratama pekalongan hari ini memberikan bantuan kepada para penduduk desa kandang panjang pekalongan utara yang terdampak banjir semoga kondisi di pekalongan segera pulih dan masyarakat bisa beraktivitas normal seperti sedia kala,34
c_fc5ad3fdff1b,[ pray ] innalilahi wa innailaihi raji'un himpunan mahasiswa kimia fmipa universitas lampung mengucapkan turut berduka cita atas terjadinya musibah banjir bandang di sulawesi selatan semoga para korban yang hilang dapat ditemukan,32
c_f5795eb7c492,berikut kronologis dampak bencana banjir kota pekalongan badan upaya yang dilakukan pemerintah kota pekalongan atas bencana banjir di kota pekalongan per 28 januari 2019,24
c_ebffaee98548,[ co-meteorite ] istilah banjir memang sangat akrab menyapa telinga kita terlebih kita tinggal di negara yang mempunyai dua musim yakni kemarau dan penghujan di saat musim penghujan tiba maka di berbagai wilayah indonesia akan terdengar berita tentang terjadinya banjir,40
c_d7fc2dda51d4,banyak daerah terkena banjir di musim hujan ini mulai dari sulsel sampai jawa tengah ( pekalongan batang kudus ) infografis ini dibuat agar kita lebih waspada dengan banjir untuk bantu korban banjir pekalongan kamu bisa donasi dengan klik :,39
c_d61f35b811b2,jumlah angka kematian akibat banjir kilat dan tanah runtuh di pulau sulawesi indonesia meningkat kepada lebih 60 orang manakala 6 700 penduduk dari 14 daerah kehilangan tempat tinggal sumbang sekarang :,31
c_528803624d5c,nu care lazisnu jawa tengah memberikan layanan kesehatan kepada warga terdampak banjir di pekalongan,14
c_542a40852f79,elf care indonesia ( banjir bandang sulawesi selatan ) elf indonesia yang mau donasi silakan cek gambar di bawah ya thank you cc,23
c_69c53bd83eda,man teman yang punya info tanah / pekarangan kecil ( sekitar 60-100 m2 ) dijual silakan dm gue ya must ! wilayah dki jakarta akses masuk mobil bukan daerah banjir di dalam wilayah perumahan,34
c_bf0ef7dcaf9f,penyerahan bantuan peralatan sekolah dari dinas kepada korban banjir di kectirto kabpekalongan diterima oleh semoga dapat bermanfaat untuk para korban banjir,21
c_c5d4fda2487f,alhamdulillah akhirnya bp lilik murdianto ( camat pekl utara ) bisa bertemu dengan gubernur pujaan rakyat jawa tengah yang tengah berkunjung ke pekl u/ berikan semangat & bantuan bagi para pengungsi & korban banjir di kota pekl terima kasih pak gubernur,41
c_a9323a4a31a1,sobat tahukah kamu ? sungai ciliwung yang di jakarta sering dijadikan `` kambing hitam '' penyebab banjir ternyata bermula dari hulu yang sangat bening dan indah di daerah puncak kualitas airnya masih bagus,33
c_b3acb2ef434c,tunku azizah bergelar raja permaisuri agong cukup dikenali dengan hobi memasak malah sanggup menyinsing lengan baju semata-mata untuk 'beraksi di dapur ' demi memastikan mangsa banjir tidak lapar sepanjang berada di pusat pemindahan banjir,34
c_e31ddbd12c81,kawasan citraland di surabaya barat dapat dikatakan wilayah terparah yang dilanda banjir berdasarkan video yang dikirimkan santoso netter e100 di taman puspa raya blok b terlihat air sudah setinggi kap mobil ( odp-hm ),34
c_6f4feb9ff1d3,banjir di surabaya makan korban jiwa,6
c_4195944957cc,penyebab banjir di citraland hari ini mohon maaf hanya sekedar lewat,11
c_f5293668f15d,hujan selama 3 jam menyebabkan banjir di beberapa titik di kota surabaya pada 31/1/2019 saat banjir jangan mengendarai di jalan apalagi banjir cukup tinggi sebaiknya parkir di tempat aman banyak kejadian mobil hanyut dan timbul korban karena nekat melawan banjir,40
c_12ef61b85d5b,banjir dan tanah longsor di manado tuhan yesus berkati koataku ini,11
c_770020ab6a91,evakuasi korban banjir di tuminting manado sumber : fb topik sulut,11
c_3b12f39610f7,banjir belum juga surut di surabaya,6
c_1d7fa49b1d3c,seorang polisi yang mengecek warga saat banjir di kota manado,10
c_b5bdc6fdc9cc,anggaran banjir di surabaya rp 400 sama tapi tak mampu atasi banjir begini 'teguran ' vinsensius awey - surya,19
c_7be9b5c036c4,ada dominic dom '' toretto di surabaya saat terjadi banjir di citraland,12
c_4c8647a29cf9,( 2/2 ) banjir di beberapa titik diantaranya di perumahan citraland taman puspa pakuwon bukit palma di kota surabaya pada 31/1/2019 pukul 0:15:30 wib -- via |,27
c_5ed4b32c6d61,1628 : banjir di beberapa kawasan ini 1 kapas lor 2 manyar sabrangan 3 donorejo 4brebek industri 5 gresikan 6 dharmawangsa 7 ngaglik 8 kebalen ( odp-pr ),28
c_90ff00b55681,saat ini dilanda hujan yang cukup deras disertai kilat+gledek dan angin waspada banjir di bypass gedebage ( -nya lagu - rain ),22
c_8bf25f45b96c,kemarin saya memimpin rapat konsolidasi rhl dan penanggulangan banjir tanah longsor di sulawesi selatan di kota makassar,17
c_b123745b3bc8,dia juga cerita di daerah asalnya batang kemarin dilanda banjir besar merata hampir seluruh wilayah saat hujan lebat bahkan beberapa titik sampai sedada orang dewasa banjir ini terjadi di pekalongan dan batang daerah yang sebelumnya tidak pernah ada sebelum tol jadi,41
c_b9b0e1500a8e,kegiatan distribusi bantuan ke beberapa ponpes terdampak banjir di kota pekalongan 2 feb 2019,14
c_542247af859c,minggu 3 februari 2019 kegiatan bersama sekda kabtegal ( widodo joko mulyono ) dengan pramuka peduli relawan bppd dan komunitas pendaki gunung membantu meringankan musibah banjir semedo bantuan yang di berikan 1 3 tengki air bersih 2 makanan siap konsumsi 3 obat-obatan,42
c_d9083238f4f7,pimpinan pusat pemuda muhammadiyah peduli korban banjir di kecamatan tirto kabupaten pekalongan jawa tengah ahad 3 januari 2019 ketua umum sunanto & sekjen dzulfikar memberikan bantuan berupa sembako dan bingkisan yang diterima secara simbolis oleh kades tegaldowo budi junaidi,39
c_3a6137c259eb,gubernur tolol ! ! ! deh 3 hari kagak surut juga nih genangan pakai bacot solusi banjir vertical drainage segalamana hasilnya ? di rezim ahok cukup hitungan jam pasti surut karena pompa jalan dongo lu nies,36
c_47f2a9ba28a0,menerjang banjir pangkep pada kesempatan berkeliling di pangkep akhir januari lalu bertepatan dengan pristiwa banjir besar di bumi sulawesi selatan tak terkecuali pangkep bertemu masyarakat berbagi,26
c_ac39e5b5a585,lpbinu lamongan giat penyaluran bantuan korban banjir di desa drajat kecamatan paciran kabupaten lamongan 4 februari 2019,17
c_de4585c53870,bantuan sosial kepada korban bencana alam banjir dan longsor di desa sapaya kabgowa,13
c_6e690644253f,kabtegal - jateng ( 4/1 ) pmi bersama melaksanakan giat distribusi air bersih untuk warga terdampak banjir di dssemedo keckedungbanteng,20
c_531435979188,australia utara dilanda banjir besar tenggelamkan rumah sekolah dan lapangan terbang memaksa penduduk townsville berpindah berita penuh di,18
c_6686749924d8,titik banjir di jakarta berkurang sejak dijabat ahok sekarang lihat sendiri,11
c_f97a1a337964,selamat pagi sobat kriskes berikut admin ingin memberikan informasi terkait dengan perkembangan kejadian krisis kesehatan terkait banjir dan tanah longsor yang terjadi di manado sulawesi utara,26
c_840330ecdc1e,50 rakyat malaysia terlibat dengan banjir di townsville selamat - wisma putra,12
c_2f99582069ba,aku kira hujan deras imlek tidak akan bawa banjir tapi aku lupa kalau di rumahku hujan deras dan banjir itu sepaket,21
c_89371ce4c82a,kreatif area banjir di kayen ini disulap jadi jadi festival lomba perahu rakyat,13
c_30e6fec98e21,[ donasi sulawesi selatan ] assalamualaikum wrwb duka kembali menyelimuti negeri ini dengan terjadinya banjir di sulawesi selatan status tanggap darurat masih diberlakukan sampai 14 hari kedepan selengkapnya di,29
c_88ffb2b20b0e,bersama binmas dan warganya babinsa koramil 1409-02/parangloe laksanakan kegiatan pengecoran jembatan yang terputus akibat banjir di desa pattallikang kecamatan manuju kabupaten gowa rabu ( 06/02/19 ),26
c_25208500cdbc,yang paling lucu ini enggak hujan enggak becek enggak banjir tapi kok lepas sepatu celana nya di gulung oalah ngaciro ngaciro,21
c_3e48752363e9,saya doakan semoga banjir di semarang cepat surut huhu,9
c_56121794ef4a,6fase ke 2 adalah selepas banjir besar nabi nuh penambahbaikan dilakukan oleh anak cucu adam hinggalah ke zaman nabi nuh rujuk surah al ma'idah ayat 27-30 kemudian selepas banjir besar nabi nuh membina semula kaabah tetapi dengan serba kekurangan & makin lama makin di lupakan,45
c_5c3b01f688ef,kamis 6 februari 2019 penyaluran donasi kepada korban banjir di kabupaten jeneponto sulawesi selatan,14
c_e33dbae1ea54,studi fenomenologi pengalaman kesiapsigaan masyarakat dalam menghadapi bencana banjir di kabupaten maros provinsi sulawesi selatan,15
c_3f9a31e2a184,atau kenapa tidak berkata gempa tsunami banjir di indonesia terjadi karena masih banyak orang yang menjadikan agama untuk menyebarkan teror ke orang lain yang tidak seagama dengannya '' kenapa menganggap semua ini terjadi karena dosa orang bukan karena dosa kita ?,41
c_366bcf2a2202,belum pulih duka di palu sigi dan donggala sulawesi kembali dirundung duka januari lalu banjir melanda sulawesi selatan tepatnya di makassar dan gowa mari kembalikan semangat mereka dengan donasi terbaikmu melalui bni syariah 777 1659 997,36
c_b4a4110296c7,1900hrs : banjir di susur ke bdr puteri puchong lorong kiri ke bdr puteri terhalang sila gunakan persiaran wawasan sebagai jalan alternatif,22
c_b7c2f43d48ce,jumat <PHONE> bupati tegal dra hj umi azizah beserta rombongan bersilaturahmi sekaligus memberikanbantuan sembako & obat2an kepada korban banjir di desa semedo kecamatan kedungbanteng & dilanjutkan menyerahkan bantuan bazda kepada warga korban bencana di desa tembongwah kecbalapulang kabtegal,38
c_ceb8a6131dd7,sungai sringin sebagai daerah aliran sungai cukup ideal untuk dijadikan lokasi pembuangan air banjir dan air rob operasional pompa untuk menanggulangi rob dan banjir di wilayah kaligawe dan genuk semarang,30
c_0a1065f3648c,selain telan korban jebolnya tanggul pasirjati bandung berdampak banjir di,10
c_2011dc61daee,skilas info terjadi banjir bandang di komplek jati endah regency - cijambe ujungberung bdg semalam sktar jam 10 malam korban meninggal 3 orang mohon bantuannya untuk di evakuasi dan ditindaklanjuti selalu waspada saat musim hujan,35
c_8637fdab9a10,imbas banjir bandang di pasirjati ujungberung semalam sedang dilakukan pembersihan saat ini,12
c_7026b51d0f0b,kabtegal - jateng ( 10/2 ) relawan pmi pramuka guru siswa sd serta masyarakat bahu membahu kerja bakti/aksi bersih ruang sdn semedo yang terdampak banjir lumpur satu minggu yang lalu satu hari sebelumnya juga dilakukan kegiatan yang sama di mda ma'arif nu semedo,43
c_801da4e7c3cd,akunnya kok tidak memberitakan soal bencana gagal tanggul di bandung akun tidak ada update juga tak ada twit soal banjir cuma ada di akunnya pak sutopo saja,27
c_952a1e455c25,banjir jakarta selalu di bulan sekitar januari-februari ? sejarah banjir di jakarta '' baca di > >,17
c_c3def2b04552,kondisi banjir di jalan jenderal sudirman,6
c_573ee3aadb98,banjir ya buat yang mau pulang ke arah garut ataupun bandung di rancaekek banyak kendaraan yang mogok juga hati-hati ya ! karena habis ujan gede banget,26
c_4f042b6134ea,tim cepat tanggap bandung dan tim cepat tanggap kabupaten bandung membantu pemulihan kembali pasca banjir di jalan pasir jati / komplek jati endah regency dsjati endah keccilengkrang,27
c_ad6d84315ca7,0:14:32 wib terpantau banjir di sekitar kiaracondong dan pertigaan laswi,10
c_50361120be1c,bandung ( 700 mdpl ) banjir di beberapa jalan utama apa wali mana ya apa wali,16
c_a6397407e825,ahmad dhani dipenjara mulan jameela dicibir maia estianti banjir pujian judul berita gosip di infotainment maha benar haters dengan segala komentarnya seram ya kalo melihat netizen yang enggak paham seluk beluk ranah pribadi orang tapi seolah2 seperti mereka yang jalani rumah tangganya,42
c_1aadd9005622,waktu itu ada yang kena bencana banjir di sulawesi curhat dibilang sandiwara ketika fitnah dan hoax disebar dan kemudian fakta sebenarnya terungkap bukan sandiwara mlipir lagi buzzer jokowi sekarang nasib petani bawang juga mau diplintir,35
c_37bf963e7a07,src pramuka peduli ubaloka bersama membagikan 500 bungkus nasi bungkus kepada warga terdampak banjir di desa semedo jum'at ( 1/2/2019 ) lalu,22
c_29f58b135a5c,sudah 3x rame bapak2 bersihin banjir emak-emak di jendela mobil dan petani bawang semua setelah dikonfirmasi tidak benar apa pola begini mau diterusin serangan fitnahnya sudah ke rakyat kecil lo rakyat kecil yang harusnya dicarikan solusi bukan diserang,38
c_0747dd6b30b5,penak koyone dadi wong ayu ndase miring sitik rodo ngowoh foto cekrek selfie upload langsung banjir tawaran makan dan menonton grates lah dadi wong jele masih selfie ngampek tengeng gulune di like saja ora malah dirasani untung ra diludahi huf aku,41
c_f65f81598b1d,sebuah truk pengangkut pasir terseret banjir di sungai mandar polewali mandar sulawesi barat puluhan warga berusaha mengevakuasi truk naas tersebut,20
c_4d76bdaa632a,banjir bandang di queensland 500 ribu sapi mati,8
c_0e70020e8221,# banjir melanda 3 kecamatan di barito utara lewat id,10
c_c24d16596075,prediksi togel hongkong jumat ekor 9 unitjaya com banjir promo menarik cek link di profile,15
c_95d714d59372,salut buat driver ojol yang tetap bekerja meski banjir melanda namun tetap mengantarkan orderan ke customer di wilayah tegal parang mampang jakarta selatan,23
c_abd4e1f0e425,hujan deras akibatkan banjir bandang di kawasan gunung puntang,9
c_041c20b7e5fe,bencana banjir menjadi sorotan di awal 2019 karena curah hujan yang terjadi di berbagai daerah oleh karena itu pemerintah terus berusaha untuk mengatur pengendalian banjir di berbagai daerah,28
c_93eb0c298fdd,mobil terendam banjir di rumah sakit urip sumoharjo,8
c_5828390db038,partai keadilan sejahtera ( pks ) kota bandar lampung membagikan nasi bungkus kepada korban terdampak banjir dibeberapa titik di kota bandar lampung minggu ( 17/2/2019 ) sebanyak 160-an nasi bungkus,30
c_ae12d902bfae,teringat banjir vs genangan di jakarta waktu pak anu berkuasa mosok dari kolam yang sama ? ? ? ?,19
c_207636c44d36,simpang buah batu - bkr seperti biasa banjir lagi setinggi trotoar lama kelamaan mirip seperti di gedebage,17
c_1c1f482107b8,banjir di bawah flyover kebayoran lama jakarta selatan 16 februari 2019,11
c_caf1544410ac,hujan dan banjir petani sayuran di sentani merugi,8
c_2e19d08eb50a,manusia yang bikin gue belajar jadi manusia tangguh minggu dini hari banjir bandang di rumah buku2 dia habis basah semua seragam kotor semua senin tadi dia malah pengin tetap sekolah selasa besok dia ujian praktik tari saman beberapa bulan lagi mulai uas & un sukses,45
c_80390da4c56d,unggal hujan badag pasti banjir di cikutra barat matak ulah miceun runtah sembarangan,13
c_7fc1558fb1a9,banjir kilat di jalan bentong - teras dekat kampung penjuring,10
c_d61a80b66f0d,terkait banjir di kawasan surabaya barat eri cahyadi kepala badan perencanaan pembangunan kota ( bappeko ) surabaya mengatakan tahun 2019 ini ada kerja sama antara pengembang dengan pemkot surabaya untuk membuat saluran yang menghubungkan dengan,35
c_754feb351760,tim relawan dompet dhuafa sulsel melakukan kegiatan psychological first aid ( pfa ) pada anak anak penyintas bencana banjir di sapanang jeneponto pada hari senin ( 18/2 ) dalam program ini,31
c_64deeaccf52b,banjir di desa mangunharjo putuskan jaringan air minum warga,9
c_b7c13b3489fa,yonarmed 16/komposit bantu warga korban banjir di kabupaten landak,9
c_dced11928bb8,terjadi galian pipa bocor dan mengakibatkan banjir dadakan di jalan kah mas mansyur gondrong ( pertigaan pondok bahar ) cipondoh kota tangerang jumat ( 22/2/2019 ),26
c_a0b367c15db3,sebelum jembatan layang kiaracondong ( jl ibrahim adjie ) banjir hati di jalan,13
c_8f18735bde8a,kopo depan rskia macet akibat banjir di citarip,8
c_f34897976482,banjir di jljakarta depan yomart lebih baik cari alternatif lain efek macet panjang karena banyak kndaraan yang mogok,18
c_d0dd44750056,penggundulan hutan membuat ribuan bencana di penjuru negeri seperti banjir tanah longsor dan kebakaran hutan dan lahan apa strategi kandidatmu atasi penggundulan hutan ? ayo tanyakan dengan sekali klik di !,31
c_5f0b14e7ffe5,layani korban banjir dan longsor tni-polri bangun 4 pos pelayanan banjir di jayapura lewat id,15
c_f8897325acb3,kapolres jayapura kota akbp gustav r urbinas sh sik dampingi walikota jayapura dari drs benhur tomi mano mm meninjau langsung lokasi banjir dan longsor di wilayah kota jayapura,28
c_484ab221fac6,banjir di kabupaten bandung terus meninggi,6
c_0232319e0527,alih fungsi lahan diduga jadi penyebab banjir di jayapura,9
c_86943d5367fb,pengungsi banjir di tulang bawang butuh sembako dan air bersih,10
c_28fad17598c4,beginilah kondisi banjir yang melumpuhkan jalur pantura desa kelaling kabupaten kudus dalam video yang di rekam salah satu warga memperlihatkan dahsyatnya banjir bandang sehingga merobohkan sebuah warung makan di tepi jalur pantura banjir bandang yang membawa material lump,38
c_4c77cff7cd39,bantuan bencana banjir di desa kuala mandor a kecamatan kuala mandor b kabupaten kubu raya yang dilakukan oleh dinas koperasi kubu raya dan team ppkl kubu raya,27
c_17faf3cd1a14,dari pertamina hadir untuk mereka | berita duka untuk sahabat kita di jayapura sabtu lalu ( 23/02 ) banjir besar melanda pasar youtefa jayapura walaupun tanpa korban jiwa kesedihan tampak di raut wajah warga sekitar,35
c_d6385ce1ad3c,ini cara jokowi atasi banjir rob di kota semarang,9
c_ccc49fcfffb2,pelajar hanyut terseret banjir di dayeuh kolot bandung,8
c_883c8ddf8e50,inspeksi daerah banjir andir di kabupaten bdg danau retensi cieunteung dengan pompa raksasa sudah berfungsi di beberapa wilayah air surut lebih cepat namun 1 danau retensi tidaklah cukup akan dibangun beberapa danau lagi juga terowongan curug jompong untuk tol air akan beres akhir tahun ini,45
c_1e01f176dc6b,bagi warga desa liang buaya banjir adalah berkah dan rejeki karena ikan jadi mudah di dapat di jawa banjir itu malau jadi musibah,23
c_40fcb11d622b,setelah kalian menentukan data backup akan disimpan di cloud atau datacenter kalian harus memahami bencana yang sering terjadi di daerah kantor kalian misal nya banjir kalian harus melindungi server dari kerusakan air dan memiliki rencana k-2 jika terjadi hal-hal yang tidak di inginkan,43
c_b7d9e9fa4e85,walau kepanasan dan banjir keringat cak imin tetap ceria dan optimis di acara pembukaan munas nu hari ini di ciamis,20
c_84001a731608,banjir penolakan berhomebase di sleman persis solo sepertinya harus cari markas baru,12
c_c014b3ba2ded,dengan meningkatnya aksesibilitas dan tertanganinya banjir rob pembangunan tol ini diharapkan sekaligus merevitalisasi kawasan industri di sana,17
c_a2fb9d5b9d5f,dari masa yang paling dini semasa kerajaan tarumanagara prasasti tugu sudah menyebutkan adanya banjir di jakarta dan upaya penanggulannya,19
c_8bfe789d770f,banjir lumpur di cilumuh bukan karena ada penembangan pohon di perhutani via,12
c_9c7e3baf1d0c,1404 : banjir di gatsu padahal sebelumnya tidak pernah banjir cc : |,13
c_bc83aefee869,via : jalan menuju stasiun bandung pintu selatan selalu banjir setiap turun hujan dan jalan berlubang membahayakan di tambah trotoarnya begini bolong cc :,24
c_bd5dc404582f,innalillahi sekarang di gunung saja bisa banjir : ' ( posisi di taman uncal kertamanah pangalengan kabupaten bandung,18
c_d92354a40572,lumpur banjir timbun sekolah di mamuju,6
c_fe43b11336a8,untuk kasus banjir kirim ciliwung itu memang banjir istilahnya istilah tergenang dipakai ketika air hujan yang turun di permukaan jalan menggenang dan butuh waktu mengalir,25
c_ca8ce7b477ef,waktu membela warga bidara cina dengan permasalahan sodetan banjir kanal timur itu terjadi di tahun 2017 dan dimenangkan warga bidara cina,21
c_d3b227396b53,bpbd : banjir bandang di pangalengan akibat sungai cibitung meluap,10
c_ba6f01927012,dimulainya pengairan waduk jatigede sumedang yang berfungsi untuk mengendalikan banjir di indramayu pengairan swh di jabar serta pembplta dengan kapasitas 110 sama,22
c_423613cc073b,hujan mengingatkan ku kepada -- banjir bojongsoang yang harus dilalui tiap hari buat pkpa di al ihsan : (,19
c_878e26cdc0a1,banjir siswa sd di dayeuhkolot masih belajar di pengungsian,9
c_38f8ae66e33a,ada banjir di lampu merah gedebage macet,7
c_941222ae09b0,pak tolong dong selesaikan masalah banjir di wilayah kapuk kecamatan cengkareng jakarta barat selama bapak menjabat masalah banjir disini bukan terselesaikan tapi semakin parah,24
c_4f682d737c2b,1552 : jalan muh ramdhan terpantau ramai lancar cuaca hujan ada banjir cileunca di beberapa titik,16
c_54ba9b09de10,breaking news ! aktivitas banjir di jakarta barat terhambat karena warga,11
c_34728167b2f6,mantul sekali kabupaten di riau ini banjir spanduk anda memasuki kawasan militan gonews - wow kabupaten di riau ini banjir spanduk 'anda memasuki kawasan militan prabowo-sandi ',27
c_13e71703bddf,koordinasi evakuasi warga & lansia yang terdampak banjir dengan ketinggian sedada orang dewasa di desa paseban bayat klaten jawatengah,19
c_6f0159d61970,banjir di daerah jawa timur daerah caruban ngawi madiun,9
c_b6def1a352d1,move on ti sapan ayeuna kajebak banjir di dangdeur duh meni hese rek balik kak majalaya teh haha ampun,19
c_bad6e30bf9c2,hujan hari ini mengkibatkan banjir di wilayah hargomulyo,8
c_1dde50b24451,evakuasi warga terdampak banjir di desa kebon bayat oleh sar klaten lpb dan damkar klaten,15
c_138dc015265d,tak sesuai fakta di lapangan gubernur anies anggap berita banjir di jakarta 'lebay ' `` saya berharap teman-teman ( jurnalis ) menulis jumlah rt-nya berapa durasinya berapa lama karena sensasinya enggak sebanding dengan kondisinya '',35
c_ad156da83e37,pray for madiun berikan bantuan bagi saudara kita yang sedang terkena banjir di madiun beberapa daerah tergenang banjir banyak sungai yang mulai meluap,23
c_7a8841a94254,sahabat 2 banser turut serta membantu dalam evakuasi banjir di madiun dan ngawi,13
c_68abff537cd0,mengapa tol ngawi bisa banjir separah itu ? jawabannya sederhana itu karena jokowi memeriksa gorong-gorong di sana,17
c_c05c46eb2919,yang jelas yang hoax bukan pemilih prabowo sandi karena komennya menyerang anies|ramai foto banjir rendam motor disebut di jakarta faktanya di vietnam,22
c_02d0e9e9ea38,ada sebagian saudara kami di ngawi yang dilanda musibah banjir semoga dengan ujian ini mendekatkan kita semua kepadanya amin teman-teman dari mdmc muhammadiyah fpi dll sudah tanggap dengan tugas kemanusiaannya ini foto di dapur umum,35
c_a919f0a3ed44,kamis 7 mrt 2019 kabupaten balendaah bandung banjir setinggi 3 sama gub nya tidak ada di lokasi woee pak anis kamil mengapai saja sih kerjanya,25
c_72dfeae649b3,banjir yang terjadi di tol ngawi-kertosono dinilai tidak hanya disebabkan cuaca ekstrem melainkan karena adanya dugaan salah desain,18
c_ada479048bbc,aiptu sujadi anggota satlantas polsek kediri menolong keluarga yang trjebak banjir di tol ngawi-krtosono pukul 16 ( courtesy radio andika ),21
c_8c62cbabdc23,cerita asli sosok keluarga penolong korban banjir di tol ngawi-madiun yang videonya viral,13
c_f303d2285a54,fakta video viral korban banjir di tol madiun sosok penolong ternyata seorang anggota polisi terima kasih pak sujadi ( 48 ) anggota satlantas polres kediri,25
c_0349b24e702b,mas kapan jadi gubernur asean ? ada rakyat marah dgmu karena vietnam banjir ! ! banjir di bandung dan tol jatim mingkem giliran banjir di vietnam jokower salahkan,28
c_ff432e4a4a44,bisa enggak ngatasin banjir di jakarta dengan gagasan bukan kerja ?,11
c_6a9ca1fc253f,terowongan curug jompong sedang konstruksi jika selesai semester 2 tahun ini maka insya alalh aliran sungai citarum bisa lebih lancar mengalir ke hilir untuk mengurangi banjir di selatan kabupaten bandung semoga lancar hatur nuhun,34
c_66ada8ef5e44,bapak bupati stay sejak bencana banjir sampai hari ini banser siap di belakang bapak bupati madiun,16
c_9cece495cfce,sebuah video menegangkan viral saat sebuah bus menerobos banjir yang terjadi di kawasan jalan tol ngawi jawa timur video tersebut diambil oleh salah satu penumpang bus tersebut dalam,28
c_32292375ae1a,inilah sosok penyelamat korban banjir di tol ngawi- madiun seoranh anggota polri,12
c_3dc5d6dd96f2,dinas komunikasi dan informatika provinsi jawa timur memberikan bantuan kepada penduduk terdampak banjir di beberapa tempat seputaran wilayah kabupaten trenggalek pada sabtu ( 9/3 ) bantuan tersebut langsung,28
c_ec03fc406521,banjir di bandung dan tol jatim mingkem giliran banjir di vietnam jokower salahkan anies baswedan,15
c_f79b01d5f82b,kapolres ngawi dan pengurus bhayangkari cabang ngawi memberikan bantuan kepada korban banjir di wilayah kabupaten ngawi halo_polisi polisijawatimur,18
c_19ee3976f219,semua bisa berbuat kebaikan bagi orang lain termasuk pria ini yang jadi pahlawan bagi keluarga arif rosidi yang terjebak banjir di tol ngawi jatim ia jadi orang pertama yang membantu keluarga tersebut keluar dari kepungan banjir tapi siapa dia ? netizen please di your magic !,46
c_7ef49995c0e7,sudah direncanakan 15 tahun lalu terowongan nanjung baru kita kerjakan tahun 2017 padahal terowongan ini penting untuk mengatasi penyempitan alur sungai citarum di daerah berbukit curug jompong terowongan nanjung salah satu upaya mengendalikan banjir di bandung selatan,37
c_980d1296f6ac,terowongan yang direncanakan hanya rencana sampai 15 tahun ? ? aduh terowongan untuk solusi banjir tahunan bandung selatan mulai direalisasikan era pemerintahan infrastruktur real di tangan wajar,27
c_46db6f88f886,alhamdulillah congratz bandung khususnya dan jabar umumnya oh ya untuk penanganan banjir bandung selatan pemerintah juga membangun embung di gedebage lho,21
c_68e56af976a3,dikaji 15 tahu di eksekusi jokowi proyek pengendalian banjir di jawa barat tlah di kerjakan mantab ! !,18
c_c2b46c977772,aksi heroik selamatkan keluarga yang terjebak banjir aksi heroik seorang pengendara jalan tol membantu menyelamatkan dua anak kecil dan seorang ibu yang terjebak banjir bandang di madiun tepatnya di ruas tol ngawi-kertosono menjadi viral di media sosial,37
c_68b7fb8cae6f,kapolres manggarai barat dan anggota polwan mengevakuasi warga korban banjir bandang di gorontalo labuan bajo,15
c_0922fff88e1b,kapolres manggarai barat evaluative warga korban banjir bandang di labuan bajo,11
c_4c7e896ed0dd,dprd jabar dorong penambahan kolam retensi : banjir di kabupaten bandung,11
c_db9606a1aa6c,polri evakuasi korban banjir dan tanah longsor di ntt telah terjadi banjir dan tanah longsor di dusun gorontalo dan dusun nanganae kecamatan komodo kabupaten mabar ntt,26
c_77158b8390c5,sekurang-kurangnya 10 orang terbunuh selepas hujan lebat mengakibatkan banjir besar di wilayah mozambique kata pertubuhan bangsa-bangsa bersatu ( pbb ) hari ini ketika ahli meteorologi mengeluarkan amaran siklon,28
c_5611e98199b0,ada perbaikan dari pihak pdam di jembatan sawojajar ranugrati mirip2 banjir hehe hati-hati lur jangan ngebut nanti efeknya berasa surfing di laut,22
c_0cf45a687331,kostrad kerahkan dua tangki air bersih untuk korban banjir di ngawi,11
c_66f6ffc848c6,pemberian bantuan diwakilkan dari sd sampai dan sama yang terdampak banjir di 6 kecamatan di ngawi,16
c_9ee9b74b7d3b,polri distribusikan air bersih untuk korban banjir polres madiun polda jatim kerahkan mobil air bersih ke lokasi terdampak banjir di plumpung madiun jawa timur pasca banjir warga minim air bersih untuk kebutuhan konsumsi,33
c_d150782a99bd,aksi teladan seorang bhayangkara sejati aiptu sujadi diberikan penghargaan oleh kapolda jatim irjen pol drs luki hermawan sama sih atas tindakannya menolong 1 keluarga yang terjebak banjir di ruas ngawi-kertosono saat banjir melanda,33
c_146d12c51a6e,semoga dapat meringankan beban saudara kita di madiun yang terkena banjir beberapa hari lalu pengurus wilayah nucare - lazisnu jawa timur salurkan bantuan untuk masyarakat terdampak banjir di kabupaten madiun,30
c_8c106723aff8,2012 pas pilgub simpatik sama beliau tapi mulai menjadi jengkel ketika banjir jakarta dengan entengnya beliau buang badan tetapi di sisi lain hobi banget klaim prestasi ditambah model-model buzzernya yang ganas2 mengerikan itu anti banget deh sekarang wkwk,38
c_8de55df030e0,hati-hati kalau banjir begini _____ di depan rumah enggak kelihatan loh,11
c_2547896515fe,banjir di madiun polisi berpangkat aiptu ini selamatkan kakek dari atap rumahnya yang nyaris roboh,15
c_7a6cc158b44f,sudah kayak remahan kerupuk dikasih air ; hari pertama lagi banjir-banjirnya perut sudah kayak ditusuk-tusuk kepala pengin copot baru masuk kerja dapat lapangan untung di follow tapi enggak mau skip makan sekalipun segen beuh rasanya pengin dikamar saja sambil selimutan,40
c_9743c455499d,[ press release : humas we care banjir baleendah ] alhamdulillah total donasi banjir baleendah terkumpul sebesar rp <PHONE> - dan 10 dus pakaian layak pakai yang kemudian telah disalurkan langsung ke 3 rt ( rt 9 10 dan 11 ) di parung halang pada hari selasa ( 12/3/19 ),50
c_6e60f38df621,115 maut banjir di selatan afrika,6
c_57782fac834c,hari ini bu risma melakukan kunjungan ke beberapa lokasi kunjungan ini terkait cara pemkot mengatasi banjir di surabaya di titik ujung timur dan barat surabaya,25
c_833738af7aba,zayn malik ig-nya banyak foto selfie likenya jutaan dan banjir pujian gantenglah lucu lah keren lah gua ngepost foto selfie di ig langsung di bully `` laki kok selfie mulu '' hidup memang tergantung muka,35
c_d90d6bcfdf17,terima kasih kepada abang-abang posmen mereka ternyata tidak pernah mengecewakan panas hujan banjir jerebu bauksit tugas mereka tetap diteruskan bukan senang sebenarnya untuk mencari alamat penerima di kebanyakan tempat,29
c_231c3a72bdc3,banjir berkah dari kini hanya dengan dan jadi guest di bisa dapat poin yang bisa kamu gunakan untuk jalan-jalan atau menginap di ! bagaimana caranya ? kepo saja di website kami :,32
c_234a4ea1460f,aksi dramatis aiptu sujadi anggota satlantas polres kediri menyelamatkan keluarga korban banjir di tepi tol ngawi-kertosono mendapat penghargaan dari gubernur jawa timur khofifah indar parawansa,25
c_6a04a3f07a53,keadaan kolam takungan banjir di taman eng ann di klang yang tercemar akibat pembuangan sisa kimia oleh pihak tidak bertanggungjawab,20
c_352b2bea00ad,sad friday for moslem of the world zionist menjatuhkan bom lagi di tanah gaza palestine banjir darah di masjid an-nur dan masjid linwood selandia baru akibat serangan teroris serangan roket bom phospor ke idlib suriah,35
c_cb8e1c4ea72c,efek hujan deras banjir di pasar driyorejo setinggi ban motor banyak kendaraan r2 mogok ati-ati guys yang akan melintas daerah sini,21
c_146a09e28073,banjir di sentani kabupaten jayapura,5
c_e59165f198f6,banjir bandang di sentani papua jembatan putus rumah mobil hanyut terbawa arus banyak jiwa terjebak dalam rumah sudah ada korban jiwa terbawa arus adek kecil ini hanyut bisa diselamatkan tuhan tolong,31
c_e70fa1b462ff,banjir bandang di sentani papua info sementara yang beredar : jembatan tahara putus jembatan doyo putus jembatan kemiri putus & rumah2 hancur,22
c_a44eb457b926,banjir bandang terjang 9 kelurahan di sentani kabupaten jayapura evakuasi dan pendataan masih dilakukan data sementara 3 orang meninggal dunia kerusakan meliputi 9 unit rumah warga hanyut 1 unit mobil hanyut 3 jembatan rusakdan kerusakan lainnya,36
c_a043efdb1de8,anak hanyut terbawa banjir bandang di kabupaten jayapura sentani papua,10
c_bfb9ecc34488,banjir landa sentani kabupaten jayapura papua banjir di gunung merah membawa debit banjir dan kayu-kayu hati-hati bahaya kesetrum listrik jangan memegang tiang listrik dalam basah atau perabotan rumah yang masih menyala dan terendam banjir semoga korban tidak bertambah,38
c_6b1e7f610603,hujan deras yang mengguyur daerah jayapura telah menyebabkan banjir bandang di kecamatan sentani kabupaten jayapura provinsi papua pada sabtu 16/3/2019 pukul 0:21:30 wit hujan deras turun sejak pukul 0:18 wit,30
c_a0c96d2ad55d,semoga kondisi wilayah yang dikena banjir bandang di japura cepat pulih,11
c_0a0ae5a31078,hujan sejak menjelang maghrib akhirnya pilih tidur cepat semalam terbangun jam setengah 1 malam lihat postingan kawan2 di grup wamengenai banjir bandang di sentani kabupaten jayapura innalillahiturut berbelasungkawadan semoga cepat teratasi,31
c_2ae5c01eea3d,mantaps ! ! bang sandi sampaikan belasungkawa untuk korban di christchurch banjir di papua dan gempa di ntb ajak istghfar dan berdoa,22
c_6aabe933d57d,masa bodo sama debat yang ada kata pres pres nya itu saudaraku yang di jogja selatan sedang kebanjiran sentani - jayapura juga banjir bandang lombok terkena gempa ( lagi ) stay safe saudaraku semua lokasi foto di bantul area,39
c_cdffdc5c4323,luapan banjir di pantai baron sudah mencapai lutut orang dewasa,10
c_e02ca7b18199,gerakan nasi bungkus untuk terdampak banjir bantul 17 maret 2019 mohon bisa dikumpulkan nasi bungkus dan lauk pagi sebelum jam 0:06:30 wib di masjid jogokariyan jogja karena akan dipakai u/ sarapan korban-korban yang terdampak banjir -relawan masjid indonesia cp : edo <PHONE>,42
c_13506dd5e5ca,dukamu adalah duka kita semua turut berbela sungkawa untuk para korban bencana banjir yang terjadi di sentani jayapura dan sekitarnya,20
c_71db447b374d,beberapa lokasi titik banjir di wilayah kabupaten bantul dampak hujan tanggal 17/3/19,12
c_0df8cece4a6a,update pukul 0:21 wib beberapa lokasi titik banjir di wilayah kabupaten bantul dampak hujan tanggal 17/3/19,16
c_728156987859,kalian terlalu sibuk dengan sehingga kalian lupa akan bencana banjir yang mengepung saudara kita di imogiri bantul yogyakarta !,19
c_f25f16b71e7b,saya mengucapkan belasungkawa turut berduka cita sedalam-dalamnya atas terjadinya musibah banjir bandang di sentani kabupaten jayapura yang sudah menelan banyak korban lalu gempa di ntb dan juga aksi terorisme yang memakan banyak korban jiwa di beberapa masjid di christcurch,39
c_f6b53173936f,dari foto udara kelihatan sumber banjir bandang di sentani,9
c_64ffdad1bcff,banjir bandang di sentani dan dugaan penebangan hutan ilegal lewat,10
c_01f3753c7d01,dengan ini kami atas kepedulian kami terhadap bencana banjir bantul kami membuka open donasi pengumpulan donasi dilakukan hari ini di taman kuliner concat pukul <PHONE> dan akan disalurkan esok hari tanggal 19 maret 2019,34
c_59f1b76e15df,curah hujan pada akhir pekan lalu membuat dua wilayah indonesia yakni sentani papua dan yogyakarta jateng dilanda banjir dan juga longsor di kawasan sentani sendiri tercatat sudah ada 72 orang meninggal akibat bencana ini tonton selengkapnya di video ini,39
c_80da7d27dc81,orang kena kanker ibu-ibu pula di-hoax-in sama kubu rezim bapak2 kena banjir di makassar di-hoax-in juga petani bawang di-hoax-in juga dari junjungan sampai jinjingan begitu fasih menebar hoaxdari ham sampai ibu-ibu kena kanker terus mendaulat sebagai penjaga nkri ( `` ),41
c_93778f0ca1ca,komunitas pecandu buku turut berduka cita atas banjir yang menimpa sentani dan jogja serta gempa bumi di lombok,18
c_d5ed4161f020,turut berduka mari berdoa untuk saudara-saudara kita yang terkena bencana dan banjir bandang di lombok timur ntb bantul dan sentani papua kuatkanlah saudara-saudaraku yang terdampak bencana ini ya allah,29
c_2c40dc1c6622,segenap keluarga besar adhi mengucapkan turut berduka atas jatuhnya korban dalam bencana banjir bandang semoga saudara-saudara kita di papua diberi kekuatan kesabaran dan selalu dilindungi tuhan yang maha kuasa,29
c_d970f519a8b7,korban banjir di sentani papua bertambah jadi 82 orang,9
c_cfe4e0e2b851,[ mari peduli ] environmental disaster management upn v yk mengajak anda untuk sama sama membantu saudara-saudara kita yang menjadi korban banjir di daerah bantul yogyakarta akibat hujan lebat pada 17 maret 2019 donasi dapat disalurkan melalui rekening :,39
c_e1457c499fef,duka mendalam untuk bencana banjir longsor dan gempa yang sedang menimpa saudara-saudara kita di jayapura lombok dan yogyakarta semoga yang terbaik untuk keadaan darurat saat ini,26
c_972a19a9544a,segenap pimpinan dan sivitas akademika mengucapkan turut berduka cita untuk saudara - saudara kita yang tertimpa musibah banjir bandang di sentani papua,22
c_2f802dbe85ab,~ sedekah dengan memanen air hujan untuk mencegah banjir oleh : ahmad bahruddin * jika anda melihat ada genangan air di halaman rumah saya ( desa kalibening tingkir salatiga ) maka,31
c_cba237784894,di tengah debat beliau sampaikan berduka cita banjir bandang di jayapura gempa di ntb aksi terorisme di new zealand tanda beliau tunjukkan kehadiran ditengah orang yang berduka & butuh perhatian ok mbah yai no komen,35
c_1ccf9e0396b7,halo dinsanak aku gina adilla ndik umpat merayakan hari meteorologi dunia ke-69 ayo begerak boleh sering banjir deh nih sayangi bumi etam jangan lupa update info cuaca di bmkg deh itu maha terima kasih yooo,35
c_a3165b7b7731,segenap tim bandung football turut berbelasungkawa terhadap para korban banjir bandang di sekitar jayapura yang jumlahnya terus bertambah hingga hari ini stay strong jayapura !,25
c_149ab8237022,bagi teman-teman yang ingin mendonasikan uang maupun barang kepada korban bencana banjir bandang serta tanah longsor di sentani & kota jayapura silakan hubungi sdr agung ( <PHONE> ),28
c_15009aa6d3c1,segenap direksi komisaris dan karyawan pt antam tbk turut berduka cita atas musibah banjir bandang dan tanah longsor di jayapura papua yang terjadi pada hari sabtu 16 maret 2019,29
c_336b94004a8b,hampir 9000 jiwa mengungsi akibat banjir di yogya dan jateng,10
c_c229ad950160,banjir besar di sentani apakah ini efek penebangan hutan untuk infrastrutur jalan tol papua yang digembar-gemborkan itu ? jangan menutup mata loh apalagi kalau nalarnya mati,26
c_0e0143dd3a76,video : banjir kiriman rendam satu kecamatan di yogyakarta,9
c_495a982f5c13,sahabat2 banser kecamatan pleret yang dikomandoi ndan turut membantu warga terdampak banjir di daerah bantul semoga kita semua selalu dalam lindungannya cc,22
c_b33666504fd1,posko menangkan pancasila galang solidaritas untuk korban banjir dan longsor di jayapura - via,14
c_80335a67c18c,2 tanggul terbuat dari tanah atau beton dan seringkali dibangun sejajar badan sungai atau pantai * tanggul biasanya dibuat untuk mencegah banjir di dataran yang dilindunginya,26
c_a945b73e4b2c,banjir bandang di sentani tercatat 79 korban meninggal dan 43 hilang ayo ikutan bantu dana buat korban sentani retweet ya biar banyak yang ikutan,24
c_0c7086bf8dad,wah jadi banyak yang menonton teman teman yang menonton mohon doanya supaya kabupaten dan kota jayapura cepat pulih dan bangkit dari kerusakan akibat banjir bandang paling parah di kabupaten jayapura sih terimakasih yang sudah mendoakan dan memberikan donasi,38
c_28bf8a7d5e05,penemuan beberapa ikan hiu oleh warga btn sosial sentani pasca banjir akhirnya memunculkan pembahasan soal hiu sentani peneliti senior dari balai arkeologi papua hari suroto pun menjelaskan asal usul hiu sentani tersebut simak informasinya di sini,36
c_73bbb03e7b23,pasoepati peduli banjir & longsor bantul gunung kidul purworejo donasi bisa di salurkan di sekretariat pasoepati jalan ahmad yani no 81 banjarsari ( depan pamel ) periode penggalangan dana 21-25 maret 2019,32
c_fcdf28898ead,kita semua berduka atas musibah banjir di sentani semoga para korban mendapatkan tempat terbaik di sisi-nya dan keluarga yang ditinggalkan diberi ketabahan atas musibah ini mari kita berdoa saudara2 kita yang masih hilang segera diketemukan,35
c_44e4bdbc2def,teman-teman jumlah pengungsi bencana banjir bandang sentani kabarnya sudah mencapi angka 4728 orang di kabupaten jayapura mereka masih butuh bantuan dari kita yuk kita bantu donasi bantu doa dan bantu sebarin juga : '' ),35
c_8a4a89a743d2,teman-teman mari bantu donasi atau sebarkan info ini untuk saudara2 kita korban banjir bandang di papua lewat,17
c_fe61f440f95c,data korban banjir bandang sentani s/d pagi ini ( kamis 21/3/2019 ) meninggal dunia : 109 orang luka berat : 107 orang luka ringan : 808 orang hilang : 93 orang jml pengungsi : 11131 orang ( 2552 kk ) tersebar di 30 titik pengungsian,45
c_ed97f7fe91a7,pengungsi banjir bandang di sentani terus bertambah tercatat saat ini mencapai 9691 orang pemprov papua pun berencana untuk merelokasi warga yang tinggal di kawasan cagar alam cycloops ke sejumlah daerah di jayapura-wamena baca informasinya di sini,36
c_a15166472b40,yang di pikirin pas tbtb turun hujan : - jalanan macet - banjir - basah kuyup - kenangan - baju favorit yang seminggu di pakai 8 kali belum di angkat,30
c_baf173ef0304,sebaiknya pak jokowi menata hati dulu dengan mengunjungi saudara kita yang jadi korban banjir bandang di sentani saya lihat di tv bapak menampak gugup dan panik kunjungi rakyat bapak yang sedang susah mudah-mudahan sepulang dari sana bisa membedakan hoak dan terorisme,41
c_1398d6b0ea8a,twitter tolong keluarkan aji ajian mu ! mau jual buku istri gue ini untuk bantu para korban banjir bandang di jayapura hasil penjualan akan disumbangkan melalui harga 50rb ( belum ongkir ) semoga teman-teman bisa ikut partisipasi ya tulung bantu sebarkan,41
c_f888c2af6d0f,wah aku banjir di tempat tepat di depan tempat jualan tempe mendoan posisi aku masih mengantri belum bayar aku menangis kejer banget wkwk untung ada teman aku nemenin ( dia panik wkwk ) sampai mas2 jualannya bingung drtd nanyain tempenya mau dipotong2 apa gede2 tapi belum aku jawab,48
c_06f33c44f968,pks ini bagus soal kepedulian sosial terhadap korban banjir bandang tetapi secara struktural kurang vokal soal konservasi lingkungan hidup di hulu '' saya harus lebih banyak bersuara saya pks,29
c_d039f76693f4,prajurit yonif 751 selamatkan sepasang lansia terkepung banjir di muara via,11
c_ee42456bc77d,aksi solidaritas kota sorong papua barat untuk korban banjir di jayapura papua,12
c_ab6509c7b0f3,innsya allah swt 20 % dari hasil dari donasi ini akan kami serahkan untuk korban banjir di sentani,18
c_1679d1b425ca,area sekitaran cibubur jaktim bisa drop donasi bantuan banjir di anjungan papua tmii atau di jaksel ke kantor penghubung provinsi papua di jalan suryo no60,25
c_b249ee47da62,bulog siapkan 100 ton beras untuk korban banjir di jayapura,10
c_b002d36d3f70,jalan tol banjir ? salah siapa ? ada apa di balik pembangunan jalan tol kita ?,16
c_ca7d98a2dda4,ini penyebab banjir bandang di jayapura hasil analisa lapan,9
c_86e312a7e062,nih siapa tau ada yang mau bantu ada saudara2 kita asal papua yang tinggal di bandung lagi mengadakan penggalangan dana buat korban banjir di papua di simpang dago siapa tau mau bantu via tranfer juga bisa keterangannya ada di pict ya,41
c_a373aa45f787,sasaran panti asuhan sayap ibu cabang dan korban banjir imogiri bantul semoga menjadi berkah bagi kita semua dan berguna untuk saudara-saudara kita yang membutuhkan amin sampai jumpa di baksos tahun depan salam satoe hati,34
c_d396d5160b02,tni-polri hadir untuk negeri potret kapolri jenderal polisi prof h muhammad tito karnavian phd dan panglima tni marsekal tni hadi tjahjanto sip bersama anak-anak yang menjadi korban banjir bandang di posko pengungsian gunung merah sentani papua,36
c_5c735255c7b3,saat ini warga terdampak banjir bandang di sentani jayapura tepatnya di kampung yakonde telah mendapatkan penanganan medis dari perawat dan dokter tim nu peduli ayo kita sumbang lewat : bri : <PHONE> mandiri syariah : <PHONE> an pp lazisnu,39
c_3632a3c3bf38,panglima tni tinjau posko pengungsi korban bencana banjir di sentani,10
c_eb50d756b196,sati orang meninggal dunia dan satu luka akibat sepeda motor jatuh dan terseret banjir di kabupaten semarang saat banjir seperti ini apalagi di jalan naik/turun jangan memaksakan diri sangat berbahaya jangan nekat lebih baik istirahat dan tunggu banjir surut,39
c_7926c52f42a4,duka di sentani papua turut berbela sungkawa untuk saudara2 kita yang mengalami musibah banjir bandang di sentani jayapura papua ini adalah duka kita bersama semoga tuhan menguatkan hati warga jayapura untuk menghadapi masalah ini amin,35
c_9ec0d77bac90,dampak banjir bandang sentani papua : 112 orang tewas 107 orang luka berat 808 orang luka ringan 94 orang hilang 16783 jiwa/3876 kakak mengungsi di 33 titik pengungsian dan kerusakan fisik pengungsi masih memerlukan bantuan relokasi akan dilakukan di tempat aman,41
c_3b86f8f06144,fenomena banjir di dataran tinggi di indonesia makin meningkat beberapa faktor penyebab : 1 hujan ekstrem meningkat 2 meningkatnya alih fungsi lahan 3 berkurangnya hutan & kawasan resapan air 4 degradasi sungai 5 terbatasnya drainase 6 dan lainnya,38
c_9100c8f76c36,dirgahayu para pejuang kemanusiaan semoga terus menjadi garda terdepan penanganan bencana di indonesia enggak terbayang sih kalau enggak ada tagana mulai dari gempa di aneh sampai banjir bandang di papua tagana enggak pernah absen sih,35
c_8f2ed0bcf9d5,sepekan sudah banjir di sentani jayapura berlalu hingga saat ini tercatat 113 orang tewas ratusan terluka dan 94 hilang tim emergency response act masih berada di lokasi terdampak dan terus melakukan evakuasi bersama tim gabungan di masa tanggap darurat ini,40
c_2471cc00b0e5,penyaluran bantuan untuk korban bencana banjir dan tanah longsor di imogiri bantul yogyakarta semoga bermanfaat,15
c_544bb436aeeb,kami akan menyumbangkan 100 % keuntungan dari acara ini untuk korban bencana banjir bandang di sentani jayapura silakan beli tiket dan sekaligus membantu saudara-saudara yang tertimpa bencana salam,28
c_4d32ee275762,overflow jadi penyebab banjir bandang di sentani,7
c_3ba50ee16d5d,sekolah mereka tenggelam pasir lihat jarak mereka berdiri dengan atap sekolah mereka setelah banjir bandang di papua ini sekolah mi al-ikhlas doyo bambar distrik waibu jayapura mari bantu mereka melalui nu sidoarjo peduli no rek <PHONE> bank muamalat an lazisnu sidoarjo,41
c_fea899c6a9de,trauma healing korban banjir di imogiri oleh ipm bantul,9
c_376ae43dd4f3,afp memetik organisasi pengurusan krisis iran yang berkata negara berkenaan dilanda banjir yang belum pernah berlaku di 25 daripada 31 wilayahnya,21
c_ee74e6ac2ec4,zaman banjir di unisza semua tnggal kenangan kawan kat sebelah sekarang deh komando deh,14
c_4bfa1f4ca258,radio andika 1516 hati-hati jalur watugede puncu kediri ke arah wates banjir akibat hujan deras yang mengguyur daerah tersebut arus lalu lintas padat info dari pak ery yohan di pare ( ikj/ssi ),33
c_4cff2b842b30,maskapai berbiaya hemat ( lcc ) citilink indonesia bekerja sama dengan palang merah indonesia ( pmi ) merespons bencana banjir yang terjadi di sentani jayapura papua dengan mengangkut,28
c_5cb054620dd3,salah satu kegiatan kemanusian banser banyumas semoga bermanfaat penyerahan bantuan sembako dari banser bagana banyumas untuk saudara kita yang terdampak bencana banjir & longsor di imogiri bantul diy di posko induk nu peduli di yogyakarta,35
c_28225351c7af,bandung banjir lagi banjir lagi banjir di bantaran sungai cikarung bandung selatan setelah hujan selasa malam tadi daerah yang terendam dayeuh kolot bojang soang baleendah bandung selatan,27
c_64cb2026aee0,1 orang kena banjir di makassar di-hoax-in 2 petani bawang di-hoax-in 3 ibu-ibu kena kanker di-hoax-in belum cukup 3 itu sekarang : nenek-nenek pun di-hoax-in kubu rezim enggak suka orang-orang yang terkena musibah mendukung 2 rip nurani kubu rezim ( `` ),42
c_ee82c4bfc7ff,18:00 hujan lebat di garut menyebabkan genangan dan banjir di beberapa titik wargi dan para pengendara dihimbau untuk berhati-hati,19
c_ac1ad6521728,staf pb pmi provinsi papua nelce yohana bemey memberikan bantuan kepada korban banjir bandang di sentani jayapura papua,18
c_fa00d1db846e,resmi di tutup alhamdulillah total donasi bonek peduli banjir bandang & longsor di sentani jayapura baik melalu aksi penggalangan dana via transfer maupun datang langsung ke posko bonek peduli sejumlah rp <PHONE> - matur suwon dulur2,36
c_191396999560,selain aksi one man one doll yaitu pelemparan boneka ke pinggir lapangan untuk disumbangkan kepada anak penderita kanker dan penyakit lainya besok jum'at di gbt juga akan ada aksi penggalangan dana serentak dari semua tribun bagi para korban banjir bandang dan longsor di papua,44
c_f62dc904df49,itu was a reaaaaaaally big mistake watching itu gue aisy sebab i had tapi hide from him actually seeing me cry kalau tak deh banjir the cinema di,28
c_664832ada165,banser membantu membenahi saluran air dan membersihkan rumah penduduk akibat banjir tadi dini hari di kecamatan sukaratu kabupaten tasikmalaya,19
c_f138e5cb2f08,kader memberikan trauma healing kepada anak-anak korban banjir bandang di sentani jayapura bahagia tak hingga melihat para generasi penerus bangsa ini kembali tersenyum dan percaya diri untuk meraih mimpi mereka sentani bangkit !,33
c_0c62216edae0,banjir kilat di pekan buat 14 sekitar longkang di tepi jalan besar menghala ke ampang & restoran habeeb manakala kereta suv terbakar di jalan bukit ampang selepas menara tinjau dari hulu langat ke ampang,34
c_b0acd6fdba7b,malang hari ini matot '' hujan deras hari ini menimbulkan dampak cukup besar di jalanan daerah tengah mengalami macet total akibat banjir kali ini butuh di jero no maneh iki rupane cc pak loc foto : jlletjen sutoyo,38
c_7189c2a681cb,enggak usah saling nyalahkan masalah banjir di mlg ganok enthek e mikir saja piye kedepan e ben enggak terulang garek ngenteni jawaban dan tanggapan dan pak mengenai malang darurat banjir sore tadi,32
c_652308eeb7fe,meminta doa ya untuk saudara kita yang terkena banjir bandang di kutacane aceh tenggara semoga jumat ini penuh pahala untuk kita semua amin,23
c_661d35322d2b,fpi mengirimkan bantuan berupa 200 helai selimut 175 buah alas tidur 300 buah handuk serta obat-obatan bagi korban banjir bandang di sentani papua,23
c_18f1f0a59d50,normalisasi gorong2 lokasi samping toko oli kawi jaya jalan letjen si parman tadi siang lah bagaimana enggak banjir kalau sampah begini banyak di gorong2 tadi saja dapat 1 truck semoga perilaku yang suka buang sampah bisa segera berubah,38
c_21275e87eec2,ini super kereeeeeeeeeeen banjir boneka di pertandingan piala presiden,9
c_cc3a632bb08a,banjir bandang di papua kemarin bandangnya tuh bandang presto apa enggak ya nder ? ? ? ? ? ? ? ? ? ? ? ?,25
c_849021dea473,tinggal dilereng takut longsor tinggal digunung takut meletus tinggal dipesisir takut tsunami tinggal dideket sungai takut banjir pengennya tuh tinggal di hatimu aman,23
c_18b74f5f6f5b,matiin aliran listrik di rumah + enggak menonton debat capres karena mereka enggak mau damai maunya debat melulu terus nyalain lilin di halaman rumah untuk mengenang korban bencana banjir di sentani jayapura,32
c_342523d00aba,dahlan tinjau saluran irigasi dan gorong-gorong tersumbat akibat banjir lumpur di hutabargot,12
c_b6d58e8faeb8,banjir masih saja terjadi di wilayah sentani-kabupaten jayapura ( malam minggu 30 maret 2019 ) apakah pemerintah provinsi papua & kabjayapura masih belum punya langkah strategis untuk meminimalisir surface run off '' ?,33
c_ddc391407030,informasi terbaru masih terjadi banjir di sentani-jayapura bagaimana tindakan penanganan darurat melalui konstruksi sementara '' untuk meminimalisir banjir ?,19
c_f5dc94e0b604,pecah banjir manusia dari gor dalam penuh di luar penuh radius 50meter full manusia sayangnya signal error,17
c_3985ebb67368,banjir di jalan raya kepanjen di depan garasi bus bagong banyak sampah yang keluar dari selokan,16
c_3ffbb2003598,cegah banjir bandang jokowi akan bangun tanggul di sentani,9
c_8cc317808c7a,presiden jokowi kembali mengunjungi papua untuk kesekian kalinya sejak 2014 lalu kali ini untuk mengunjungi para korban banjir bandang yang terjadi di distrik sentani kabupaten jayapura,26
c_6b6652e46967,1700 : hati-hati banjir dan kemacetan di jalan gedebage sebelum spbu ( arah stopan gede bade ) |,18
c_142edf08fa7d,untuk bandung nih terowongan nanjung salah satu bentuk dukungan kemen pupr untuk dan penanggulangan banjir di kota bandung selain itu juga pembangunan embung gedebage dan pembangunan kolam retensi cieunteng,29
c_59bf0428e23f,innalillahi banjir menerjang kawasan permukiman warga dan sekolah di kawasan cijambe ujungberung kota bandung sore ini informasinya tanggul jebol mengakibatkan air meluber video,23
c_f1a3c2bead7e,sore sahabat malam tadi dirjen memberi arahan dan kepala bnpb kepada bppw papua untuk berkolaborasi bersama sipur tni membangun intake air minum di sumber air yang baru ditemukan oleh tim bnpb untuk dapat membantu menyalurkan air di daerah banjir di sentani,41
c_56d3d8da6e99,bandung banjir lagi nantikan kabar utama jam 0:21 wib hanya di tvone & streaming streaming di tvone connect android & ios,21
c_b98b3c6dab0d,tidak lupa kami juga ucapkan terima kasih kepada bapak presiden yang telah menengok para korban bencana banjir bandang di sentani,20
c_3722772f5a9a,[ info banjir terkini ] * 1 macet parah dari pasar kordon buah batu sampai pertigaan bojongsoang dikarenakan banjir di jalur mohtoha dayeuhkolot 2 jalur utama jlraya banjaran -,29
c_7a76767156c8,kalau baca berita banjir di jakarta itu suka ingat ke pak jokowi dulu dia janji kalau dia jadi presiden jakarta enggak bakalan banjir lagi,24
c_ffc06ad5daf2,kami amal kapar dengan kekuatan 4 orang tiba di kuizm untuk tugasan trafik dan keselamatan program malam solidariti palestin kami sampai kami makan dulu tgh makan dapat arahan kecemasan bantuan banjir kilat di serdang jaya kami sekarang bergegas ke sana,40
c_7ca8f344ac1d,saat susah dan dapat cobaan ( seperti banjir dan macet di tana abang ) gunakanlah waktu tersebut untuk mengingat dan berdoa pada sang pencipta pemprov memfasilitasi warga yang ingin lebih banyak berdoa dan istighfar,34
c_1e6bbc471f90,waspadai hujan deras disertai angin kencang petir dan kilat pada musim transisi saat ini awan cumulonimbus tumbuh menjulang menghasilkan hujan deras sesaat ini kondisi banjir di cawang pada 2/4/2019 sekitar 1500 - 0:18 wib banjir segera surut saya ikut terjebak banjir,41
c_4f51ccfe34c9,1530 ini banjir di jalan antara dramaga sampai medika dramaga sepertinya masalah drainase karena beberapa kali ketemu tumpukan sampah,19
c_77aef54c06d3,antisipasi banjir 7 bozem dibangun di surabaya,7
c_5d26d3ceb0b9,[ charity ! ] sekitar 300 rumah terendam banjir cijambe ujung berung pada senin 1 april kemarin selain perumahan warga salah satu kerusakan terparah ditemukan di sekolah sdn ajitunggal cijambe,30
c_c904d099997d,banjir sudah separah ini di jakarta gubernurnya juga masih santun dan masih sabar belum mencuit soal penderitaan warga pertanyaan saya : mengapa jadi tidak sekritis zaman gubernur ? apakah aa sudah lelah ?,33
c_5bbb6286c52d,banjir kembali `` mengganas '' di dompu diperkirakan ratusan rumah warga terendam air dengan ketinggian sekitar 2 meter,18
c_c158d5402323,sama nih baru kali ini selama di pimpin gubernur kafir enggak pernah banjir di pimpin seiman malah banjir woyy balikin gubernur kafir gue,23
c_e880f515d2e9,banjir bandang terjadi di dompu ntb pada tanggal 3 april 2019 hujan lebat dan kerusakan hutan menyebabkan rakyat kecil yang menjadi korban pertama bencana alam,25
c_f255298b5eec,banjir kembali terjang 4 kecamatan di kabupaten bandung,8
c_b9a908bde808,banjir kilat di jalan jelatek setiawangsa guna laluan alternatif,9
c_cb8543ddb0a3,teman-teman sekalian mungkin ada yang mau donasi untuk korban banjir di cijambe ujung berung khususnya untuk sd 106 ajitunggal bisa disimak thread ini ya bantu retweet juga boleh terima kasih,30
c_31f0832da323,banjir di cawang ternyata karena saluran tersumbat lumpur karena pembangunan lrt dan tol becakayu,14
c_023f5d3460fb,banjir di pancoran anies meminta adhie karya bertanggung jawab,9
c_3c5a0dadd78c,sahabat hujan intensitas tinggi yang mengguyur kabupaten jayapura secara terus menerus turun di pegunungan cyclop yang berada di bagian utara kabupaten jayapura sehingga menimbulkan limpasan air yang sangat bsr ke daerah yang bertopografi lebih rendah sehingga terjadi banjir bandang di titik berikut,42
c_7ad915c0cb08,banyak orang berpersepsi buruk terhadap kinerja anies kerna banjir di beberapa wil jakarta mari kita kedepankan prasangka baik : 1 bisa jadi anies belum tahu kalau jakarta banjir 2 anies masih butuh waktu menununggu jawaban air kapan mereka bersedia masuk ke tanah,42
c_6a41080c1b54,mending pak bljar dulu ke bagaimana cara mngatasi banjir jakarta kalau merasa sudah tak sanggup mending mngundurkan diri saja oo iya pak mngingatkan jangan melawan sunatullah air jangan di pompa harus di masukkn lagi ke tanah ok ! ! !,40
c_118afb265a95,pakar tata ruang kota : konservasi tanah resapan kunci atasi banjir di bandung,13
c_69da625588bc,banjir di jalan galunggung tadi sore pas hujan lagi deres2nya,10
c_d664558c8bce,video gubernur jabar ridwan kamil diprotes seorang warga saat meninjau penanganan banjir di kabupaten bandung sabtu ( 6/4 ) menjadi viral warga tersebut melakukan protes karena merasa selama 2 bulan tbanjir belum ada penanganan yang serius ( sumber video : youtube adalah kabbandung ),44
c_aa82dc0c5159,kondisi kota malang ku saat ini : 1 kalo hujan banjir 2 banyak jalan bopeng2 kayak bekas jerawat 3 ambil uang 50k di atm pas lagi bokek2nya selalu jadi 48k 2rb an pula jadinya etdah,35
c_feb1d743b7dd,seorang ulama syiah menggendong ulama sunni dalam peristiwa banjir di zahedan propinsi berpenduduk mayoritas muslim sunni di iran,18
c_63b4aca20c20,penanganan banjir lumpur hari sabtu 6 april 2019 di bon 15 jalan sumberbrantas desa tulungrejo kecamatan bumiaji kota batu tim trc sudah di lokasi kondisi cuaca gerimis sehingga menyebabkan jalan menjadi licin & untuk masyarakat yang akan melalui jalur tersebut dihimbau berhati-hati,42
c_0803077d102a,jombang banjir donat ada no1 dari 8 juta pencarian google untuk kata donat indonesia '' ribuan foto kue tart/ donat ada di ig jombang :,25
c_a84915a3f3d6,jalan sukabirus kecamatan dayeuhkolot banjir belum surut di tambah hujan angin + es,13
c_10658c1d3793,pak gubernurku mohon bantuan dan check lokasi banjir di desa plumbon indramayu akibat luapan kali cimanuk,16
c_1c898bbd9d2c,mungkin admin tempo sudah mengantuk serangan di afganistan terkait banjir di bandung,12
c_954bcc26c8f1,pak anis dimana ? jangan kampanye terus dong urus wargamu bencana banjir ini di indonesia tepatnya daerah parunghalang bandung jawa barat bukan di singapura,24
c_494f494d19b8,-press release- brantas banjir sampah plastic impor bracsip tuntut lima negara pungutin sampah plastik di brantas bracsip ( brantas river coalition tapi stop imported plastic trash ) !,28
c_7ecffeae4f6f,persib bikin menangis korban banjir di bandung,7
c_62ac9be34f57,kondisi warga korban banjir di pagirikan malam ini yang harus tidur ditenda | info dari tim syuja,17
c_fb9cb0a290af,hujan deras banjir di jalanan yang kami lintasi ditambah gemerlap lampu bercampur kabut membuat kami harus berjalan melambat agar selamat sementara temanku terlelap subhanallah apa maksudnya wllh ` lm,29
c_e1d08d9a9a6d,* * * al-bahjah peduli indramayu * * * mari do'akan & bantu saudara-saudara kita korban bencana alam banjir di indramayu salurkan bantuan anda melalui : bank muamalat kode bank : 147 no rek : 1390 123 123 a/n al-bahjah,40
c_4144f820da16,aku tiap tahun di bully karena banjir mungkin karena rumahku di bully endah,13
c_0aaf2db03065,fakta ! ! nih ! ! dulu yang begitu bqngga dengan masuk got kemana orangnya ? hanyut bersama banjir yang masih terjadi dimana2 ? 7ukuwi kampanye di jakarta timur tribun gor ciracas tak penuh,34
c_86eea1152387,8271 unit rumah terendam banjir yang menyebabkan 24813 jiwa terdampak dan 700 jiwa mengungsi di 6 kecamatan di indramayu jawa barat banjir akibat luapan sungai cimanuk sejak 8/4/2019 sebagian sudah surut tanggap darurat ditetapkan 8-22/4/2019,35
c_db37cf30e97a,banjir di daerah tambak sawah hampir semua motor yang lewat pasti mogok,12
c_928f48c45c14,indramayu diterjang banjir 8271 rumah terendam banjir warga mengungsi di bahu jalan lewat id,14
c_c22beed12786,lha ? masa urusan banjir di seluruh wilayah dki cuma gegara kurang pompa diwilayah sekitar lrt yaelaah niss semua ucapan & cara kerja hanya menunjukan buruknya kompetensi wan abud sebagai pejabat publik,32
c_1f4afed64e11,kali opak banjir 1 turuk hanyut di tamanmartani kalasan,9
c_b69b4a57859d,18:40 laporan langsung arulin yang terdampak banjir/genangan air akibat hujan deras di kota garut oleh kasat lantas polres garut cc :,21
c_15a7353ecaa8,dulur - dulur bobotoh dalam rangka membantu saudara - saudara kita yang kerap mengalami bencana banjir di area bandung selatan maka kami segenap bobotoh yang tergabung dalam bandung casuals movement berupaya mengajak kawan - kawan sekalian untuk berpartisipasi dalam donasi,40
c_5eef38743706,ide gue dulu waktu bawain sembako untuk korban banjir di kapuk - kamal jakbar,14
c_f2e5cd736ac9,ruang terbuka hijau ( rth ) selama ini yang dibangun pemprov dki lebih banyak mengutamakan artistik dibandingkan fungsinya bagi lingkungan karena itu belum ada solusi yang riil dalam menjawab persoalan banjir di jakarta,33
c_5b7b2eb50bbe,penanganan banjir di jalan sor gbla gedebage 11/4 oleh urc upt gedebage dpu cc,14
c_753bcdad34cf,itu a ' a gym loh ! ! kamu jangan main-main beliau itu yang pernah buat hoax soal banjir di jakarta dengan mencomot gambar lain dan diframin seolah2 sedang terjadi saat itu,32
c_1f764f6ee1eb,dijamin mengakak enggak karuan ! anies akhirnya buka rahasia solusi banjir di dki ia akan wajibkan semua supermarket ikut dalam csr dalam pemanfaatan keranjang sorong saat banjir kepada warga setempat diprioritaskan untuk warga religius yang berbusana arab dulu sebagai gesture hormat,41
c_1e0d254dd0a9,angkat-angkatin barang pas bagian ngangkat bingkai fotonya daffa mata langsung banjir lagi di mulut ikhlas tapi di hati ya allah berat banget,22
c_b2684ed2ab21,daerah terparah terdampak banjir di kendari sulawesi tenggara berada di kelurahan bonggoeya kecamatan wua wua | kumparan,17
c_f77958dd0368,[ info banjir terkini ] * 05:25 wib 15 april 2019 * 1 jalan bojongsoang ( pom cikarees & cijagra ) tidak ada genangan arus lalin ramai lancar di kedua arah 2 jalan raya banjaran - dayeuhkolot,37
c_e8d64be4a8bb,untuk mengurangi banjir & pencemaran citarum hari ini di jelekong kabupaten bdg bersama menteri klh meresmikan 6 fasilitas pengelolaan sampah di 6 kab/kota yang beririsan dengan sungai & anak sungai citarum semoga tidak ada lagi yang buang sampah lagi ke citarum yang menyebabkan pencemaran/banjir,44
c_c26d0710fa4c,218 tps terdampak banjir di kabupaten bandung direlokasi,8
c_c534ec61176a,banjir dukungan di injury time yunarto wijaya : luar biasa pak prabowo,12
c_aa5300c71206,banjir dukungan di injury time,5
c_4f47e6980c42,kotak surat suara pemilu 2019 rusak akibat terkena banjir di gedung gor serbaguna ciseeng kabupaten bogor jawa barat senin ( 15/4/2019 ) sedikitnya 800 kotak surat suara pemilu 2019 rusak,30
c_c58cb96ed098,jakarta banjir waktu gubernurnya kafir ngegas jakarta banjir waktu gubernurnya muslim mingkem akun nya di hack kali ? ? bagaimana dai pesohor ?,23
c_69bce3fc476f,wawancara berhubung isu banjir kilat di taman mutiara gombak 2 semua langkah pencegahan telah diambil dan usaha pelaksanaannya telah dimulakan saya yakin dengan komitmen dan kerjasama utuh semua agensi kerajaan kita mampu menyelesaikan keresahan rakyat,35
c_866e4c6bd7b3,duh pak anis ada yang nyoblos di wc nih gegara banjir terus-terusan ahirnya warga rw 4 bojong asih dayeuhkolot bandung barat buat tps di mck,25
c_25bd4d4ac930,banjir mengancam ibu kota tetap waspada ! berikut daerah-daerah rawan banjir di dki jakarta,14
c_34e3f73b4e7d,[ video ] pengiriman surat suara ke daerah-daerah pedalaman indonesia dilakukan dengan berbagai cara termasuk menggunakan gerobak dan sapi di sisi lain korban banjir sentani mengatakan mereka tidak tahu harus memilih di mana pada tanggal 17 april,37
c_f339d4b76abc,akibat banjir bandang akses jalan menuju 5 tps di temayang bojonegoro terputus rabu ( 17/04/2019 ),16
c_414bd62e9e87,situs kpu 'down ' bukan karena diretas tapi karena 'banjir pengakses ' lupakan soal hekar keker mari bantu mengawal perhitungan suara salah satu caranya simak panduan di akun mbahnya heker !,31
c_94c5d25f3590,jabar 2 punten ah kang emil kami maah hayang perubahan sok weh mangga kang emil nyalira kak 1 tong hilap ah eta banjir di urus fokus kak jabar weh sok lajeungkeun kang,32
c_f8ef5f01ee47,<PHONE> mesyuarat penyelarasan projek rancangan tebatan banjir zon tengah bil 1/2019 telah dipengerusi oleh ybhgdato irsabri bin mulok pengarah bhgn pengurusan banjir jps malaysia mesy kali ini telah membincangkan isu2 pelaksanaan program di bawah rtb negsembilan,36
c_dc50ecbebdcf,abang tolongin ini muti mau plng dari acara tadi dari metmall hujan deras banget mana banjir tolonginnnnn haha angkot nya lama nih mana masih jauh rumah mutiabang pokoknya sih you ya di event selanjutnya,34
c_f54b3684e6a4,pengerukan di pantai ngrenehan akibat banjir beberapa waktu lalu banyak materiel batu dan alat tangkap seperti jaring pancing rawe dan krendet banyak yang tertumpuk di area tempat bersandarnya kapal sehinga perlu alat berat untuk menggambilnya sabtu ( 20/4 ),39
c_b665bbe1648d,pasca banjir sampah masih menumpuk di danau sentani,8
c_db7a8c723289,iya yang pasti jayapura bebas polusi dan banjir wakakakakak udaranya segar banget karena dulu masih banyak hutan di belakang rumah juga hutan,22
c_bb5fa516e66f,lawatan tapak bersama yb teratai ahli majlis mpaj dan ke lokasi punca kejadian banjir lumpur di ampang,17
c_b63fda90ac29,mengira teh mau : 1ngasih pengumuman pengunduran diri macam bupati madina yang gagal memenangkan 1 di daerahnya 2ngasih info tentang banjir di singapur eeehhhh enggak taunya cuma ngecapruk doang ! ! !,32
c_36bfd4a328a3,kerja-kerja pembersihan longkang tersumbat oleh unit senggara jalan jkr kluang telah berjaya menyelesaikan isu banjir kilat atas permukaan jalan di lokasi berhadapan taman tasik putih jalan besar ( ft173 ),30
c_a8d1da2c7510,51 maut banjir di afrika selatan,6
c_c79c121d2df4,4 korban banjir bandang berhasil ditemukan dalam kondisi tewas di kali belik desa/kec belik pemalang korban : tarno ( 55 ) iis ( 11 ) diki ( 11 ) fatir ( 12 ) dua korban lagi masih dicari tim sar 5 anak mandi di kali belik tiba-tiba banjir bandang dari hulu menyeret korban,53
c_1940c9547cd8,bendung katulampa siaga 1 tinggi muka air 220 cuma pada 25/4/2019 pukul 0:20:20 wib waspadai banjir di bantaran sungai sekitar sungai ciliwung,22
c_d34d0829e730,bendung katulampa siaga 1 tma 220 cuma pada 25/4/2019 0:20:30 wib bantaran sciliwung berpotensi banjir di : - srengseng sawah - rawajati - pengadegan - cikoko - pejaten timur - kebon baru - bukit duri - balekambang - cililitan - cawang - bidara cina - kampung melayu - manggarai,49
c_f26e6b91ed33,kades singhapur lagi konsultasi hukum tata negara ke seorang prof ahli itu siapa tahu bisa beri solusi untuk penangan banjir di cihanseur itali kidul agar presiden terpilih tidak melupakan jabar demi kebaikan masa depan nasi padang & dodol garut detoknewsmedoi2023,40
c_389e1632bcee,pekanbaru diguyur hujan deras malam ini encik dan puan ada yang masih terjebak hujan ? atau terjebak masa lalu ? eh beberapa ruas jalan dalam kondisi banjir tetap berhati-hati ye dalam berkendara terutama di jalan yang rusak dan berlubang,39
c_3461875e74b5,habib anis : di tengah banjir informasi sekarang yang dbutuhkan adalah banjir ilmu juga di dalam diri sbnrnya banyak sekali juga sumber ilmu tinggal qtnya mau hadir menimba ilmu atau tidak,31
c_1927aa448836,seumur umur baru kali ini jakarta enggak hujan tapi banjir nya enggak ketulungan ini hanya ada di jaman gakbener yang paling heran para dan om kok enggak berisik ya memang sekarang ? ? ?,34
c_eee2f2833dad,banjir di jakarta pusat produksi air dirahasiakan tempatnya demi keamanan,10
c_23b0c0f7742f,kubu sudah sibuk mengomongkan banjir di jakarta kubu masih keukeuh mengomongkan penghitungan suara beda antara yang menang dan yang pengin dianggap menang,22
c_37a4c7d2c0cd,ini berhubungan dengan banjir di jakarta yang mulai kemarin ?,10
c_a5ad4998ffa1,sebagian banjir sudah surut di jakarta sebagian warga kembali ke rumahnya saat ini pengungsi 338 kakak dan 1317 jiwa lokasi pengungsi berada berada di 10 titik lokasi 7 titik di wilayah jakarta timur 2 titik di wilayah jakarta selatan dan 1 titik di wilayah jakarta barat,46
c_46d684e44a52,awasi anak-anak bermain saat banjir 2 orang anak meninggal dunia ( andika bin mus ( 11 ) dan migel ( 11 ) bin sahlin ) tenggelam di genangan banjir dekat permukiman mereka di kelurahan sawah lebar baru kecamatan ratu agung kota bengkulu mereka tercebur di parit saat bermain di area banjir,51
c_69096b3c8a23,bengkulu berduka musibah banjir tanah longsor dan gempa terjadi di provinsi bengkulu,12
c_7596afdc8263,mengoceh saja pada banjir mudik gih daftar buruan jangan pade balik lagi ahhahah orang mah ya banjir pade bikin aksi bantuan lah ini pade nyinyir bae kayak akun akun gosip di poster mudik nih,34
c_d2aaf26cd7ed,siap hadapi banjir di musim hujan gaes,7
c_c4ee0451a18b,kagak usah nyinyir banjir di jawa barat kagak lu nyinyir,10
c_e8f4dddc052f,banjir itu berkah dan harus di syukuri,7
c_aa65f2c3bc6b,evakuasi korban banjir oleh warga dan tim di bengkulu tengah,10
c_7f7ef411cd12,anies heran sama semua warga dki yang cuma bisa ngeluh padahal solusi banjir cuma buat lobang di tanah di pekarangan rumah supaya ada drainase vertikal geblek semua padahal dari debat kemarin sudah dibilang kalau air itu jalannya ke bawah bukan ke laut '',43
c_3b3bf4699904,dampak banjir longsor di bengkulu hingga 28/4/2019 0:19 wib : 17 orang meninggal 9 orang hilang 2 orang luka berat dan 2 orang luka ringan 12000 orang mengungsi dan 13000 orang terdampak bencana jumlah ternak mati : 106 ekor sapi 102 ekor kambing/domba dan 4 ekor kerbau,47
c_73e8a578382a,ada korban jiwa dan ribuan mengungsi akibat banjir jakarta tapi dianggap kecil di mana nuranimu ? tugas mu bukan ngeles apalagi membela diri tapi bekerja agar warga dki selamat,29
c_3eb6d5ad7933,dulu ada seorang gubernur yang pengin jadi presiden bilang kalo masalah banjir & macet di jakarta bisa diatasi kalo dia jadi presiden setelah 5 tahun jadi presiden ternyata masih belum teratasi juga anehnya masih banyak orang yang percaya dengan janji2 nya,41
c_407f8f6aec4a,duka untuk korban banjir-longsor bengkulu dta/das gagal serap presipitasi tinggi 1-2 hari sebelumnya ini linier gagalnya kelola sda & alih fungsi lahan solusinya ? di hulu - korban bengkulu 17 orang,31
c_8222a8bc8ff7,lokasi : desa omu kecamatan gumbasa kabupaten sigi jalannya putus karena banjir besar batal acara di kulawi,17
c_bc28839ee319,anies dan jihad melawan banjir di dki -,8
c_44d7334f971a,[ pray for bengkulu ] turut berduka cita atas terjadinya bencana gempa bumi longsor dan banjir di bengkulu pada 27 april 2019,22
c_a614267b0e8a,ansor peduli sigi salurkan donasi untuk banjir sigi saatnya membantu sesama ringankan saudara 2 kita di sulteng,17
c_a08123d4794f,banjir jakarta telan korban jiwa psi : di mana nuranimu anies ? lewat,13
c_6829d8638e6a,banjir bandang dari perbukitan membawa lumpur merendam permukiman hingga 3 meter di desa bangga kecamatan dolo selatan kabupaten sigi sulteng saat kejadian 1000 kakak mengungsi saat ini lumpur menutup permukiman perlu bantuan untuk membersihkan lumpur dan dampak banjir,38
c_3f185a77f37e,di pelosok sedang musim banjir bandang disertai lumpur dan batang2 pohon yang ditebang di kota musim banjir disertai kotoran dari got yang meluap plastik dan pembalut masuk sampai ke kolong meja makan banjir seakan berpesan : alam hanya mengembalikan apa yang kita buang,43
c_f4cc175114fd,jika jakarta banjir dan pak anies yang di salahkan saya heran karena sejak lama sebelum pak anies menjabat ada yang bisa mengatasi jika menjabat menjadi presiden,26
c_127a4bfc898f,hujan sedikit gdebage pasti banjir sungai cinambo menyempit dan dangkal di tambah sungai yang berbelok-belok membuat aliran air lambat yang lebih parah lagi terjadi pembiaran,25
c_9f236961e85c,mensos : cegah banjir di bengkulu dengan pembangunan kanal,9
c_09cf3f63f4b0,jakarta sudah dikasih naga eh gara-gara team wiro sableng jadi memilih onta memang onta kalo minum air sih banyak tapi masa iya mau minum tuh banjir biar surut monaslimin bantuin doa dong biar air terserap ke air karena laut bukan di bumi air jatuh ke bumi bukan ke laut,49
c_6241f1d4cb9a,seperti yang sahabat kemanusiaan ketahui bahwa banjir besar dan tanah longsor telah terjadi di beberapa kabupaten di provinsi bengkulu lebih dari 29 orang warga menjadi korban jiwa dan 12 ribu lainnya mengungsi di posko-posko pengungsian sekitar,36
c_c6b5569edcf5,eh bagaimana gimana ? indikator banjir kiriman kan bukan ada di tma manggarai tapi ada di tma bendung katulampa tanpa ai pun kecerdasan yang melekat di warga pinggir sungai sudah membuat mereka harus tukeran kontak sama yang jaga di katulampa kali,41
c_8d16e1abffc5,pak kalo hanya infoin akan datang banjir ke warga mah pak rt juga bisa ampun deh dosa apa jakarta sampai model begini di suruh mimpin,25
c_ae31ceabd37b,wkwkwk berarti banjir di jakarta jadi acara rutin setiap tahun ya pak,12
c_3c2528319ad6,menurut gubernur dki jakarta anies baswedan banjir yang terjadi pada akhir april ini tidak ada apa-apanya dibandingkan dengan banjir yang terjadi pada masa pemerintahan ahok di tahun 2015 ya tapitapitapi kan tetap banjir mau parah atau enggak hhe~,38
c_a23deda1a102,begini cara anies atasi banjir anies : banjir kemarin tidak separah di zaman ahok,14
c_6e57a4b7f5d6,bmkg : gempa 5 0 sr guncang kaur : badan meteorologi klimatologi dan geofisika ( bmkg ) menyampaikan telah terjadi gempa bumi tektonik berkekuatan 5 0 skala richter senin pukul 1322:42 wib di kaur bengkulumenurut bmkg gempa berkekuatan 5 0 sr itu,42
c_63ab60bf50be,gempa bumi terasa di sukabumi,5
c_202ddad05f20,gempa bumi 6 9 sr di sukabumi apa yang kalian merasai apak -- sedih karena sudara kita disana mengalami kesusahan,20
c_25f4eebb219d,guncangan gempa bumi terasa hingga di seluruh kecamatan kubu sekitar pukul 8 12 malam guncangannya sedikit lemah tapi dirasakan oleh warga senin 02/01/2018,23
c_11710a065f5f,peristiwa bulan super ( supermoon ) tidak ada hubungannya dengan bencana alam seperti gempa bumi gunung meletus dan lain-lain pengaruh fenomena bulan super terhadap peningkatan aktivitas gempa justru terjadi di permukaan bulan sendiri,33
c_e300b8553a46,pada tanggal 31 desember 2017 telah terjadi gempa bumi berkekuaran 52 sr di gorontalo,14
c_e521883ac50f,terimakasih bupati cilacap melalui beri bantuan csr perusahaan berupa bbr bahan permakanan & non permakanan bagi warga desa gombolharjo korban rumah rusak berat pasca gempa bumi ( mag:69sr <PHONE> 23:47:58 wib di kab-tasikmalaya-jabar & sekitarnya ),36
c_afb582e563a6,yang kiri atas orang gila atau bagaimana sih ? kalau yang lain sih bisa jadi dongo terpengaruh lah ini ? ? ? ? astaghfirullahga sekalian gempa bumi di klaim ? ? emosi gue,33
c_912a6ca21d6e,gempa bumi berkekuatan 51 skala richter mengguncang kota sarpol-e zahab provinsi kermanshah di iran barat,15
c_1220231be286,ada sekitar 1500 gempa bumi setiap tahun di jepang,9
c_ee9526876901,jadi ingat hadis yang mengatakan gempa bumi di akhir zaman akan semakin sering terjadi,14
c_ac57844ac635,gempa 4 6 sr guncang simeulue aceh : gempa bumi berkekuatan 4 6 skala richter terjadi di,17
c_8967389b7e28,produser eksekutif pada tahun 2006 saya pernah ikut bermain film pendek berjudul `` harap tenang ! ada ujian '' film yang kala itu disutradarai oleh ifa isfansyah tersebut menceritakan tentang gempa bumi di jogja dan relawan jepang,37
c_06386b349513,409 gempa bumi guncang sumbar sepanjang 2017 23 gempa di atas 5 0 skala richter - sumatra berita -,19
c_738d4f805231,gempa bumi dengan kekuatan 76 magnitud melanda kawasan kepulauan caribbean di honduras hari ini dan amaran,16
c_54975fbd695b,gempa bumi dahsyat guncang negara-negara di amerika tengah,8
c_f0b199d9c752,front desk ( 10 jangan / 3 petang ) 1 gempa bumi kuat di amerika tengah 2 13 maut banjir lumpur di california 3 angkasawan jadi lebih tinggi di angkasa,30
c_4a3cbd297dee,ada 1 proyek yang harus dikerjakan oleh seluruh masyarakat indonesia yaitu membuat alat penimbul gempa bumi di atas 7 skala richter,21
c_62eae45d4828,ada sekitar 500000 gempa bumi terdeteksi di dunia setiap tahun,10
c_bce701d0799a,6 gempa bumi sederhana gegar iran 5 cedera : tehran : enam gempa bumi sederhana berlaku di,17
c_c1561416057b,gempa bumi dengan kekuatan enam magnitud melanda kawasan yang terletak kira-kira 40 kilometer di barat bandar,16
c_771240e13885,12 januari 2010 - gempa bumi haiti dengan episenter dekat kota leogane 7 0 skala richter berdampak pada 3 juta penduduk dan 1jt orang kehilangan tempat tinggal ( kami temani jumat malam newsers di good evening bali bersama leon ashari sampai jam 9 malam,44
c_c74815bd2cb7,( get_repost ) * * * gempa bumi sederhana telah berlaku di laut savu pada,15
c_df662e9be92f,-- tidak wajar ; gempa bumi gelas berisi teh yang sudah terletak manis di atas meja mulai bergetar cairan coklat di dalamnya mulai --,24
c_14cd88c8242a,satu tewas dalam gempa bumi di peru,7
c_c1d3de0208e7,satu tewas dalam gempa bumi di peru : sebuah gempa bumi berkekuatan 71 skala richter telah,16
c_9b57f5e92501,ahmad heryawan bjb gempa bumi berkekuatan 6 9 skala richter mengguncang jawa barat jumat ( 15/12/2017 ) pukul 23:47:58 wib gempa terjadi di kedalaman 107 kilometer berpusat di 42 kilometer barat daya kawalu jawa barat,35
c_8f2661d804d1,ahmad heryawan bjb kepala pusat gempa bumi dan tsunami bmkg mochammad riyadi berdasarkan posisi dan kedalamannya gempa bumi ini disebabkan aktivitas zona subduksi yang terbentuk akibat tumbukan atau penunjaman lempeng indo-australia lempeng eurasia di daerah selatan jawa,37
c_20bc9a6decb5,satu tewas dalam gempa bumi di peru ; readmore :,10
c_12a8d3dd7fdf,polymer-based fibre concrete kajian mpunyai infrastruktur kukuh amat diperlukan kerana saintis mjangkakan semakin banyak gempa bumi berlaku pada tahun 2018 konkrit ini mampu menahan gempa bumi sehingga magnitud 90 bersamaan kejadian yang berlaku di jepun pada tahun 2011,38
c_c9b62e32f55c,badan meteorologi klimatologi dan geofisika ( bmkg ) memberi keputusan bahwa gempa bumi yang terpusat di tasikmalaya ini mencapai 6 35 --,22
c_538aad2e5e7e,pemerintah kota madinah menyebutkan tidak ada laporan kerusakan sama sekali akibat gempa bumi pusat 2 5 sr diketahui berada di titik 14 kilometer arat barat-laut madinah dengan kedalaman tujuh kilometer di bawah permukaan airlaut,34
c_0d55251bc566,gempa guncang nias dan aceh pagi ini : medan - gempa bumi tektonik terjadi di perairan kepulauan nias sumatera utara dan aceh rabu ( 17/1/2018 ) pagi namun gempa tersebut tidak berpotensi tsunami kabid data dan informasi bmkg medan syahnan mengatakan,41
c_acad02b63914,klik link gempa 4 9 sr guncang mamuju tengah : mamuju - guncangan gempa bumi di bawah 5 sr,19
c_e174ce0bb624,gempa bumi di medina anaada apa itu ? maka itu teguran dari-nya,12
c_8b49dec9bb16,gempa bumi tersebut terjadi pada koordinat episenter 215 ls dan 11902 buat atau tepatnya berlokasi di laut pada,18
c_c0228d6dd41d,download dampak gempa bumi di nepal dan aceh :,9
c_db94eecc13ea,kawasan maluku tenggara dan sekitarnya diguncang gempa bumi berkekuatan 5 7 sr walaupun tidak berpotensi menimbulkan tsunami dikutip dari situs resmi bmkg gempa terjadi pada pukul 48 wib jumat ( 19/1 ) pusat gempa berada di 74 km arah tenggara dari maluku tenggara,43
c_336daa94d8c9,1 waktu kejadian gempa bumi lokasi episenter kedalaman hiposenter magnitudo dan intensitas gempa bumi 2 indonesia punya 3 stasiun gaw yaitu stasiun gaw bukit kototabang di bukit tinggi stasiun gaw bariri di palu dan stasiun gaw sorong di papua,39
c_3bf26c47c2af,retakan rambut juga bisa disebabkan oleh faktor lain mulai dari gejala alam seperti gempa bumi ringan hingga yang berasal dari kelalaian manusia sepeti benturan benda di sekililing tembok,28
c_08aeeb1212a7,lagi baca norse mythology pas di bab ragnarok : gempa bumi langit terbelah heimdall meniup sangkakala jadi ternyata kiamat masih sama di versi skandinavia,24
c_c1cec6784f15,di jogja sendiri mulai intensif sejak tahun 2006 saat gempa bumi jogja terakhir mereka juga ikut turut serta membantu korban banjir di gunungkidul & kulon progo,26
c_fb1a11dfa164,kejadian bencana banjir dan gempa bumi bisa terjadi kapan pun juga yuk siapkan tas siaga bencana di rumah kita agar selalu siap siaga bencana ! yuk berbagi tips dan informasi bermanfaat di,32
c_5cc9128cb35b,hoax ! video ini tidak berhubungan dengan gempa bumi di pandeglang siang ini video tersebut adalah kejadian guncangan kapal akibat badai di pelabuhan penyebrangan gilimanuk sekitar 7 bulan yang lalu,30
c_ae34d191c9ce,gempa bumi 6 4 sr di banten terasa sampai bandung,10
c_b53ebf3ff655,hoax ! gambar ini tidak berhubungan dengan gempa bumi di pandeglang siang ini ini adalah gambar retaknya jalan akibat hujan deras sebagian wilayah gunung kidul yogyakarta-wonosari di simpang tiga pedotan wetan desa putat kecpatuk begini kidul pada 22/1/2018,38
c_d4215fa3cfb4,amaran tsunami dikeluarkan selepas gempa bumi kuat 82 magnitud di tenggara kodiak alaska,13
c_e71b8530bdd3,gempa bumi di alaska 82 skala r ( amaran tsunami dikeluarkan ) & gempa bumi di jakarta 64 skala r anyone ada,22
c_8ec81f4e14e2,[ video ] gempa bumi berskala 64 pada skala richter di wilayah sukabumi jawa barat indonesia,16
c_9a2f8716c293,penyebab gempa bumi di jepang adalah karena pergerakan lempeng bumi penyebab gempa di hawai adalah karena pergolakan magna volkano penyebab gempa di indinesia adalah azab karena ada lgbt sudah paham semua ya ? deh yuk tidur,36
c_f4cc25903189,bupati bersama kapolres kunjungi 3 ( tiga ) lokasi bencana alam yakni gempa bumi kebakaran di kecamatan bojong selasa ( 23/01 ) adapun lokasi yang dikunjungi adalah desa gereduk desa manggungjaya desa banyumas,33
c_9b8e63fc9d42,tiada rakyat malaysia terjejas dalam gempa bumi di lebak,9
c_a8a394f2cf9f,hari ini mensos meninjau lokasi terdampak gempa bumi di kabupaten lebak provinsi banten rabu ( 24/01 ),17
c_4d7c18978db0,info gempa bumi 5 1 sr berlokasi di lebak banten tidak berpotensi tsunami tanggal 24 januri 2018 pukul 0:13:32 wib,20
c_f0dfad5570bd,2/16 gempa bumi berkekuatan 6 1 sr yang berpusat di samudera hindia dengan kedalaman 64 km berjarak 43 km barat daya dari kabupaten lebak provinsi banten,26
c_8e634a56c51b,3/16 gempa bumi berkekuatan 6 1 sr pada 23/1/2018 pukul 13:34 wib telah menyebabkan ratusan rumah rusak di banten jakarta dan jawa barat,23
c_bb5f3eac0b24,gempa bumi berkekuatan 6 4 menyisakan cerita unik di kalangan warganet selain rumah ambruk serta beberapa dampak lain kepanikan yang terekam pula menjadi cerita unik satu diantaranya yakni seorang lelaki yang hanya mengenakan h,34
c_617494729765,admin mau sharing antisipasi jika terjadi di gempa bumi 1 jika anda berada di dalam bangunan : lindungi badan & kepala anda dari reruntuhan bangunan dengan brsembunyi di bawah meja dll ; cari tempat yang paling aman dari reruntuhan & goncangan ; lari ke luar apabila masih dapat dilakukan,49
c_62f79ee26ad1,mensos menyerahkan bantuan pasca gempa bumi di kantor kecamatan panggarangan kabupaten lebak banten rabu ( 24/01 ),17
c_66e7cf8eff3d,gempa bumi di indonesia : semua pelajar malaysia selamat,9
c_3ea1e89e9b13,hari ini saya meninjau langsung ke salah satu daerah yang terkena dampak dari bencana gempa bumi banten di kp citalahab desa malasari kecamatan nanggung bogor setidaknya ada 5 kecamatan di kabupaten bogor yang terkena dampak dari bencana tersebut dan menghancurkan puluhan rumah warga,43
c_fafb285d381d,gempa bumi dan tsunami yang terjadi di luar indonesia itu murni gejala alam khusus yang di indonesia saja yang disebabkan oleh lgbt tolong anggota dpr ri segera membuat uu untuk merevisi buku ipa dan geografi supaya anak-anak indonesia tidak tersesatkan oleh ilmu pengetahuan dari kafir,45
c_d16669f7af08,jadi ingat bit tentang gempa bumi di ntt yang sampai 'ulang tahun ' pun enggak ada beritanya miris,18
c_12bd36d39d4e,pertamina peduli korban gempa bumi di banten,7
c_770376a5d5c2,mungkin karena semakin maksiatnya orang di wilayah tersebut maka alam mengirimkan sinyal berupa malapetaka yang muncul di tahun 1692 sama gempa bumi dahsyat di pinggiran pantai menyebabkan seluruh bangunan luluh lantak,31
c_99b039364856,aktivitas zona tektonik ini menegaskan apa yang tercantum pada peta gempa bumi nasional 2017 mengenai potensi gempa berkekuatan sama 8 7 yang mungkin terjadi di selatan jawa barat,28
c_66a4285a6e20,pertamina salurkan bantuan untuk korban gempa bumi di banten -- nusakini,11
c_c1183bf849a4,gempa bumi berkekuatan 6 4 sr mengguncang provinsi banten tepatnya di kabupaten lebak pada,14
c_f73a18c66fb0,bumi ini tak rela kami berpisah sesaat sebelum istri pergi meninggalkan ku untuk pulang ke kampung halaman gempa bumi terjadi menggoyangkan dataran yang kami menginjakkan kaki di atasnya,28
c_e88654a2e667,pertamina salurkan bantuan untuk korban gempa bumi di banten,9
c_fef655881dac,lelaki hanya bertuala pegang berus gigi ketika gempa bumi di jakarta jakarta : video dan gambar seor,17
c_f49c32f7a2e5,sesungguhnya banyaknya gempa bumi di akhir zaman ini telah diberitakan oleh nabi shallallau,13
c_d58f5e9a3b35,mari bantu ringankan beban saudara-saudara kita yang terdampak bencana gempa bumi di kabupaten lebak provinsi banten bersama lazismu dan mdmc !,21
c_e3410dcdb11c,hai sobat setia bp belum lama ini gempa bumi terjadi di area banten dan sekitarnya berdasarkan hasil penelitian bmkg diinfokan kalau gempa yang terjadi adalah gempa tektonik berkekuatan 6 1 sr nah maka dari itu berikut beberapa tips keselamatan dalam menghadapi gempa bumi,43
c_7f4da818288f,ada 53 gempa bumi susulan di lebak banten sejak selasa hingga jumat lewat,13
c_df1ecd05d8dd,korban gempa di bogor butuh bantuan kondisi korban gempa bumi di kecamatan nanggung kabupaten bogor berdasarkan,16
c_ea2ec966c891,gempa bumi sederhana di selatan laut maluku via sinaronline,9
c_12846a1f8b30,retweeted bsn_sni ( ) : snizen mari kita do'akan saudara kita yang tertimpa musibah gempa bumi di lebak,18
c_ba3cfd6da798,gempa bumi di madinah 17 januari 2018 dajjal akan berada di sebelah sempadan di madinah kemudian mula menghentakkan kakinya hingga berlaku gempa di madinah itulah gempa yang kedua berlaku selepas gempa yang pertama zaman khalifah umar ra,37
c_781d497f8c7b,gempa bumi sedang trending di google baca berita terkini di sini :,12
c_42686da46cb6,kerugian materi akibat gempa bumi di lebak belum bisa di prediksi,11
c_d999cf8048ba,= one care telusuri lokasi terdampak gempa bumi lebak = tim one care bersama voice ( volunteer of indonesian care ) bergerak untuk melakukan assesment awal di lokasi yang terdampak bencana gempa bumi yang terjadi pada hari selasa 23 januari 2018,41
c_43a2e771e508,pemberian bantuan sosial oleh mensos kepada korban terdampak bencana gempa bumi di desa kuta megamendung bogor jawa barat sabtu pagi ( 27/01 ),23
c_62a6c8940ba6,pemprov dki bentuk satgas pengecekan gedung tinggi pasca gempa dalam empat hari terakhir terjadi 3 kali gempa bumi di jakarta dengan pusat gempa di banten tercatat gempa susulan terjadi 55 kali dalam 4 hari terakhir,35
c_d3905d313cdc,mendampingi menteri sosial ri bapak dalam rangka meninjau langsung salah satu lokasi yang terkena dampak gempa bumi banten di kp kuta desa kuta kecamatan megamendung kabupaten bogor allhamdulilah pada kesempatan ini mensos juga turut menyalurkan bantuan kepada para korban,39
c_0fe9ed7992f6,mewaspadai bahaya laten gempa bumi di selatan jawa,8
c_2d34f5444f44,kepala bmkg stasiun geofisika mataram agus riyanto sapa mm membenarkan gempa bumi di wilayah bima disebut,16
c_d6c32b2a642e,gempa bumi yang berlaku di china pada tahun 1556 yang menyebabkan kematian 830 ribu orang satu jumlah kematian,18
c_9a98f36bf780,- gempa bumi 6 4 skala richter berpusat di kabupaten lebak banten selasa ( 23/01 ) bukan hanya,18
c_8c1b1591a50a,23/1 - gempa bumi mengguncang jakarta dan sekitarnya pada pukul 0:13:34 wib bmkg menyebut gempa tersebut berpusat di 81 km barat daya lebak banten dengan kedalaman 10 km dan besar 6 4 sr meski begitu gempa tersebut tidak berpotensi tsunami,40
c_faee3ad0bb18,gempa bumi memang bisa bikin panik semua orang tapi ada hal-hal positif yang bisa kamu rasakan kayak di bawah ini sahabat xon-ce !,23
c_b03161478ebf,gempa bumi sering banget terjadi di lebak banten ini adapa ini apa bmkg,13
c_d745c67d281d,tadi ada tertengok video ustaz fadil kamaruddin dekat fb pasal gempa bumi di madinah salah satu tanda kiamat akan terjadinya 3kali gempa bumi di madinah ( betulkan kalau aku salah ),31
c_115eefa865da,gempa bumi juga terasa di kota bogor - berita terbaru,10
c_eecf697b6c3d,- beberapa hari lalu gempa bumi berkekuatan 6 1 sr terjadi di daerah lebak banten yang,16
c_7f7c452f1670,7 penjelasan secara lengkap mengenai edukasi terkait gempa bumi dapat dilihat di > > dan gunakan untuk mengetahui tweet2 edukasi dari kami salam tangguh salam kemanusiaan,26
c_58dd1ab0fa12,gempa bumi yang terjadi di banten berdampak terhadap daerah di sekitarnya tak terkecuali kabupaten bogor lazismu dan mdmc kabupaten bogor segera melakukan kaji cepat di lokasi terdampak agar penyaluran bantuan dapat tepat sasaran,33
c_d700d148adfa,suara angin kedengaran jelas banget gempa bumi bikin panik kemarin atasan gue mah anteng anteng saja dong kayak enggak ada masalah : | dia cuma bilang di indonesia jarang ya kayak gini ?,33
c_4357506b06e9,dalam satu hari setidaknya ada 50 gempa bumi yang terjadi di seluruh penjuru dunia atau sekitar 20000 gempa,18
c_e98ca1a84096,- lebak gempa bumi berkekuatan 6 4 sr yang dampaknya cukup terasa di beberapa wilayah jakarta,16
c_7b595b9901a9,kondisi terkini posko pengungsian ( dampak bencana gempa bumi ) di desa curug bitung kecamatan nanggung kabupaten bogor,18
c_0f0619a5f846,persiapan sarapan pagi untuk para pengungsi ( dampak bencana gempa bumi ) di desa curug bitung kecamatan nanggung,18
c_38371af577e9,sigap terhadap bencana gempa bumi yang melanda lebak banten pemkot depok berikan bantuan ini baca selengkapnya di,17
c_f9428d74622c,pegawai pemerintahan di lingkup kota tangerang mengumpulkan bantuan untuk korban gempa bumi di,13
c_ca6c0e820139,adik ha ji won meninggal hingga gempa bumi di lebak ramaikan berita sepekan terakhir,14
c_2dab40b00b6c,inilah pemicu gempa bumi di jebus lewat,7
c_8f5c9c8dfd6e,gempa bumi cukup unik terjadi di bangka barat,8
c_908f33ebde40,gempa di bima ntb getaran terasa sampai makassar : getaran dari gempa bumi tektonik di wilayah laut sebelah utara,19
c_5afe43746bd5,tergugah putera surabaya sambangi korban gempa bumi di lebak,9
c_546e84b1e717,ahy berikan bantuan untuk korban gempa bumi di bayah melalui ahy foundation agus memberikan bantuan berupa sembilan bahan pokok ( sembako ) & material bangunan kepada korban gempa mudah-mudahan bantuan ini bermanfaat `` kata ahy saat memberikan bantuan,38
c_4f304ce46e1a,gempa bumi berlaku setiap hari di indonesia,7
c_990203ab0479,pangandaran tidak ada gempa bumi angin puting - beliung dlllaman untuk di kunjungi wisata mau wisatawan dlll <PHONE>,18
c_cdc93b7260af,kejadian gempa bumi bukanlah sesuatu yang `` luar biasa '' di indonesia - hampir setiap hari berlaku gegaran gempa,19
c_5cc1241ca91a,suatu kali di madinah terjadi gempa bumi rasulullah saw lalu meletakkan kedua tangannya di atas tanah dan,17
c_4d687dc0b8e2,gempa bumi yang terjadi di daerah lebak banten dengan kekuatan 6 1 skala richter ( sr ) menyisakan cerita sedih dari mereka yang terdampak musibah gempa ini,27
c_71dd60307dfe,serikat karyawan krakatau posko ( skkp ) berikan bantuan 150 sak semen gresik untuk membangun rumah robah pasca gempa bumi di lebak-banten melalui pmi kota cilegon hari ini jum'at ( 02/02/2018 ) di depan markas pmi kota cilegon,38
c_2d86082a9eb2,donasi gempa bumi demi pendidikan siswa sekolah di kabupaten sukabumi,10
c_420f0f065392,sman 5 kota cilegon berikan bantuan untuk korban bencana gempa bumi diwilayah lebak-banten sebesar rp <PHONE> - melalui palang merah indonesia ( pmi ) kota cilegon bantuan diserahkan oleh wakasek kesiswaan ke pengurus pmi hari ini jum'at ( 02/2/2018 ) di markas pmi kota cilegon,45
c_ab7962071963,dariku dan kamu yang mungkin punya rejeki untuk memberi donasi informasi lebih lanjut klik link di bawah ini donasi gempa bumi demi pendidikan siswa sekolah di kabupaten sukabumi - via,30
c_22822ab75eaa,( 2y=9 ) rekor terbaru presiden beach boy yaitu ketika sedang gempa bumi tapi masih berada di,17
c_ef94f4e0a523,gempa bumi di bulan ini,5
c_7db4280f2d0b,- muji merupakan malim gunung yang tempang telah menjadi pemandu arah untuk lisa mendaki gunung kinabalu tiba-tiba gempa bumi melanda berjayakah muji lisa serta pendaki dan malim gunung yang lain terselamat ? saksikan pukul 0:09 malam ini di tv1,39
c_add7586b3fb9,mentab sudah tsunami makin tsunami tambah gempa bumi di malam ini otw musim semi okedeh umami /g,17
c_f6e112164e22,pelajari kembali langkah-langkah mitigasi gempa bumi di google banyak kok jangan justru jadi korban karena kepanikan sendiri,17
c_969702713734,pemprov banten siapkan 10 milyar untuk korban gempa bumi di lebak,11
c_087cc0323e45,alam sudah kasih tanda gempa bumi di sepanjang ring fire dari sumatra jawa kepulauan maluku dan makassar jika tanda ini enggak di gubris entah tanda alam apalagi yang akan di nyalakan oleh nya,33
c_3036b7dd0c65,apakah kebetulan ? ? ? china gempa bumi 26 juli 1976 gujarat gempa bumi 26 januari 2001 tsunami di samudra,20
c_d35b20eff230,info gempa bumi mag 32 sr yang berlokasi 86 lu dan 12244 buat atau di 14 km selatan,18
c_710fd8cbdd71,pks berhasil mencapai wilayah bencana gempa bumi di kabupaten bogor,10
c_7b448f4fe9ea,[ breaking news ] satu gempa bumi berukuran 64 skala ritcher menggegarkan bandar hualien di taiwan,16
c_2615aadb6ba6,gempa bumi 64 magnitud di taiwan beberapa bangunan tumbang,9
c_1751b9817411,hotel runtuh dalam gempa bumi di taiwan,7
c_df0beccb02f5,hotel runtuh dalam gempa bumi di taiwan : taipei : gempa bumi berukuran 64 magnitud yang,16
c_9b862767f926,dua maut lebih 100 cedera dalam gempa bumi di taiwan,10
c_bd3e826cc968,gempa bumi di taiwan tewaskan dua orang : gempa bumi berkekuatan 60 sr mengguncang kawasan pinggir laut taiwan,18
c_a702dfc7b3da,gempa bumi di taiwan tongkat bangunan senget,7
c_d649664081dc,korban gempa bumi di taiwan jadi 10 orang tewas begini kondisi terakhir di sana lewat,15
c_d142932a8530,mereka yang mengatakan bahwa gerhana bulan total kemarin menurut pengamatan orang jawa akan mengajak kawan2nya yaitu wabah bencana gunung meletus gempa bumi dan lainnya mungkin hal ini sesanding dengan ilmu pengetahuan modern yang hari ini di kompas pun mengutarakan hal yang serupa,42
c_2ef2dc1f48be,malam all ada warga gempang di sini kasih info dong bagaimana keadaan gempa bumi 5 ' 3 suka tadi sore di wilayah,22
c_abc1ebe289e8,( get_repost ) * * * gempa bumi sederhana telah berlaku di rantau sumbawa,14
c_388fb33caad7,begitu gempa bumi melanda lelaki macho dengan tato kapak di sekujur tubuhnya bisa lekas sembunyi di balik,17
c_138adf2947d7,gempa bumi sederhana telah berlaku di rantau sumbawa indonesia pada jam 08:31 pagi 10/02/2018 lokasi : 92,17
c_f0d06ab6c23a,saya ucapkan turut berduka cita bencana yang melanda tanah air bangsa indonesia tanah longsor gempa bumi banjir angin puting beliung dan saya meminta maaf yang sebesarnya baru tahu beritanya sahabat sahabat saya di tanah air indonesia dari sabang sampai merauke salam pitu wolu,43
c_d6bc2e63a627,kalau enggak salah dulu pas presentasi pernah nyisipin dagelan receh : gempa bumi adalah gempa yang terjadi di bumi kalau gempanya terjadi di mars namanya gempa mars '' jebul tenan,30
c_bc9e424a53ce,jumlah korban tewas dalam bencana gempa bumi mematikan di taiwan tiongkok meningkat menjadi 15 orang saat ditemukan lebih banyak jenazah dari dalam reruntuhan tiga gedung yang mengalami kerusakan parsial dirobohkan demi keamanan masyarakat,33
c_512808d661f3,( get_repost ) * * * gempa bumi sederhana telah berlaku di kepulauan aru,14
c_ce3637ebd0eb,aku salut karo calon gubernur sing kae ramai2 mewaspadai gempa bumi di daerah lain didaerah kami dimasa,17
c_2aa05ed84548,-ku tentang gempa bumi di pulau jawa : akan ada gempa bumi lagi sepertinya di salah 1 kota di pulau jawa /,22
c_86a6b97586ab,gempa bumi guncang lebak di hari imlek,7
c_e8b0ec749881,gempa bumi kembali terjadi di lebak bpbd : tidak ada kerusakan,11
c_cde15a28fba6,gempa bumi di lebak kembali terjadi kekuatan 5 1 sr,10
c_c8681158f73c,gempa bumi 5 1 sr berpusat di lebak,8
c_3eabc0e6aea7,info bmkg terkini telah terjadi gempa bumi di barat kota sukabumi dengan guncangan,13
c_513a98de56ff,gempa bumi 6 2 sr terjadi di malang jawa timur,10
c_da160d489737,betul ke gempa bumi tak pernah berlaku di bulan ok open the book turn tapi page 34line 32 you 'll get the answer -zakir naik-,25
c_782db67448e3,gempa bumi sudah saling susul menyusul indonesia amerika utara korsel dan kemarin di inggris,14
c_fb55e58b0c88,> gempa bumi yang getarannya juga terasa di yang terjadi sekitar jam 156 dinihari ini berpusat di 88 kilometer barat daya dengan kekuatan 50 skala richter ( sr ) dengan kedalaman 10 kilometer tidak berpotensi [ infobmkg-dni ],38
c_0582cb0dcfe3,kepedulian kapolda banten pada masyarakat yang tertimpa gempa bumi di kecamatan cilograng pada,13
c_6ac81c96197c,gempa bumi adalah getaran yang terjadi di permukaan bumi akibat pelepasan tenaga endogen secara tiba-tiba,15
c_02b70b236022,detik-detik terjadinya gempa bumi di pacitan hari ini : melalui,10
c_ba25a77cac54,camat menghimbau agar warga selalu waspada terkait kondisi cuaca yang masih ekstrim kadang panas sekali srt hujan lebat disertai angin kencang begitu pula waspada dengan gempa bumi yang selalu terjadi di dlm/luar wilayah kita walau skala kecil || amanat camat adipala saat apel pagi senin ( 19/2 ),48
c_01b347fd412c,gempa bumi berkekuatan 5 9 pada skala richter melanda meksiko selatan senin pagi membuat penduduk yang ketakutan berkeliaran di jalan sementara peringatan bergema di ibu kota,26
c_1ace68f1b0a4,( get_repost ) * * * gempa bumi sederhana telah berlaku di semenanjung,13
c_c40853d1947d,getaran gempa bumi terjadi dua kali di sibuhuan,8
c_94470fa0d5b2,gempa bumi 4 5 sr dirasakan di nias tidak berpotensi tsunami,11
c_b95f436f5873,laporan bencana tbm axis fk untad hari kamis tanggal 1 maret 2018 jenis bencana : gempa bumi 46 sr tempat kejadian : 25 ls 11990 buat ( di darat 11 km arah tenggara tompe kabupaten donggala ) waktu kejadian : 1 maret 2018 pukul 13 : 14 wita sumber : bmkg-pci,51
c_d93d921bcbeb,hari ini 2 kali gempa bumi di sumut berikut daftar 60 gempa bumi - tribun medan,16
c_1f38b7217af0,hasil analisa bmkg terhadap gempa bumi di maluku via,9
c_7d1cfd66cd5e,dengan penjelasan bmkg soal potensi gempa bumi dimegathrust magnitudo 8 7 di jakarta,13
c_0335e51e52e7,soal potensi gempa bumi megathrust magnitudo 8 7 di jakarta ini penjelasan bmkg,13
c_641e12716ec3,bpba : belum ada data kerusakan akibat gempa bumi di aceh tenggara,12
c_4e3fbe7621fd,kita harus waspada potensi gempa besar di selatan jawa yang dapat membangkitkan tsunami gempa bumi merusak di jawa dan sekitarnya pernah terjadi antara lain tahun 1834 ( jawa barat ) 1840 ( jawa tengah dan timur ) 1847 ( jawa barat dan tengah ) dan 1867 ( jawa dan bali ),51
c_d0e5697f9f23,rencana kontinjensi menghadapi gempa besar di jabodetabek dan sekitarnya belum ada kesiapsiagaan pemda dan masyarakat masih rendah masih banyak pr yang harus dilakukan untuk meningkatkan kewaspadaan dan mengurangi risiko gempa bumi di masa yang akan datang kapan kita siap ?,40
c_f8bd21ab4a3b,gempa bumi kecil di bali daerah abiansemal pagi ini akankah ramalan ahli gempa dan ahli paranomal terbukti akan ada gempa lebih dari 8 sr disertai tsunami ? ampura bhatari durga,30
c_9c4761577f8d,warga diminta tenang gempa bumi 4 2 sr di karangasem bali tak berpotensi tsunami,14
c_9a4da7e8c2da,gempa bumi setiap hari di awal bulan maret 2018,9
c_7b7c41818c70,[ fakta ] 7 cincin api pasifik ( ring of fire ) adalah wilayah yang paling aktif secara geologis bumi & di area tersebut sekitar 90 persen gempa bumi di dunia terjadi demikian menurut usgs,35
c_13c0598a2afb,apa apakah benar gempa bumi megathrust berpotensi di selat sunda !,11
c_9e635f7ca5e4,kami sangat berduka cita atas gempa bumi yang selalu terjadi di acehtetap semangat warga aceh,15
c_ddeff9674f85,ini gempa bumi terbesar dalam 100 tahun dan membentang 150 km di jalur patahan,14
c_51e47d4e123c,15 akan mengajak 25 juta warga berlatih evakuasi saat bencana untuk menanggulangi resiko bencana seperti gempa bumi yang sangat potensial di indonesia '' ujar wisnu widjaja dep,27
c_3a0a96738fef,gempa bumi yang dirasakan waktu : 05/03/2018-14:58:35 wib lokasi : pusat gempa berada di darat 16 km barat laut,19
c_834c6e9c5915,dashboard gempa bumi indonesia tahun <PHONE> ( dibuat menggunakan microsoft power bi ) buka di komputer untuk lebih jelas dan interaktif bagaimana project risk management di daerah rawan gempa ?,30
c_3f62e003a963,karena kapal yang terobang ambing itu sudah ada di fb dari dulu lagi terjadi saya enggak tau pasti di mana tapi metro tv memberitakan itu adalah gempa bumi berkekuatan tinggi yang terjadi di satu daerah di indonesia saya enggak akan mengomong kalau seandainya berita itu enggak ada,47
c_db371b07dafe,dua bulan pertama 2018 434 gempa bumi terjadi di ri,10
c_b96ebc0a368e,ada 434 gempa bumi di ri sepanjang januari-februari 2018,9
c_d871d8853d0f,kajen - meski tak menimbulkan korban jiwa namun getaran gempa bumi yang di kabupaten pekalongan jumat malam,17
c_3317e398d338,pesan otomatis gempa bumi yang dirasakan waktu : 06/03/2018-20:24:53 wib lokasi : pusat gempa berada di laut,17
c_2d1b3378f603,gempa bumi : 18 maut gegaran terbaru di papua new guinea,11
c_1c9ff7762d42,banjir longsor atau gempa bumi sudah kita alami selama ini akankah ini menjadi cambukan untuk kita semua ? kita di uji untuk mendapatkan rizky dari sang ilahi bukan malah menjadi orang yang mengharapkan kasihani dari para petinggi negeri ini,39
c_cfd0b277de22,indonesia adalah satunya negara yang di sayangi tuhan kenapa ? cobaannya berat ada tsunami gempa bumi gunung meletus dan semua itu ada hikmahnya di balik semua itu tanamannya subur dan lautan yang kayak ikan hanya kita mampu menjaganya apa tidak,40
c_a56f810e50f4,ada 434 gempa bumi di ri sepanjang januari-februari 2018 - detikcom ( siaran pers ),15
c_2cb123ae05fd,ustaz fadzil kamaruddin || imam mahdi semakin hampir gempa bumi di madinah -,13
c_93e3e9d39b21,5 gempa bumi ini menimbulkan kerusakan di wilayah jakarta serta kota-kota lain di jawa barat dan lampung sumber gempa bumi berskala besar berpotensi terjadi di sekitar jakarta yang dapat berasal dari zona subduksi intraslab maupun patahan di darat,38
c_73bc51fc7bac,gempa bumi berukuran 52 dengan kedalaman 5 kilometer di lokasi 61 utara 1166 timur kira-kira 16 kilometer barat laut ranau pada jam 906 malam tadi - jabatan meteorologi,28
c_c8e629f1a9fb,orang ramai keluar dari bangunan berikutan gempa bumi sederhana 52 magnitud yang berlaku di ranau - foto ihsan pembaca,19
c_edbe02666934,pendaki berkumpul di laban rata berikutan gempa bumi sederhana 52 magnitud yang berlaku di ranau - foto ihsan pembaca,19
c_b0772a4c36ed,kita difahamkan berlaku gempa bumi di ranau dan sekitar gunung kinabalu sedang menunggu maklumat dari sana,16
c_381d70c188b6,gempa bumi susulan bermagnitud 28 skala richter direkodkan berpusat di ranau di lokasi 604 utara dan 1166 timur pada kedalaman 5 km jam 927 malam tadi - jabatan meteorologi malaysia sumber -,32
c_bfaf5ff705da,dua bulan terakhir terjadi 434 gempa bumi di indonesia dan 2850 rumah rusak,13
c_2e21a6d96464,terima berita gempa bumi di ranau saya dimaklumkan setakat ini tiada laporan kecederaan saya harap semua di kawasan terkesan ambil langkah berjaga-jaga kerajaan akan pastikan bantuan sentiasa tersedia,28
c_0dc8cbfe2208,kota belud : bangunan flat di kuarters guru sekolah menengah kebangsaan ( smk ) tahun gusi di sini retak berikutan gempa bumi bermagnitud 52 berpusat di ranau malam tadi,29
c_9b3da12d877b,retweeted mohd najib tun razak ( ) : terima berita gempa bumi di ranau saya dimaklumkan setakat ini,18
c_0a716a9a0fc7,gempa bumi : flat guru smk tahun gusi retak ikut kami di twitter,13
c_c2258abf67c3,taklimat insiden gempa bumi yang berlaku kelmarin oleh pengarah metmsia di pejabat metmsia kkia,14
c_1f94460ca61b,enggak hanya keluarga dan rumah tapi mobil juga bisa jadi korban gempa bumi ! entah tertimpa bangunan atau pohon lindungi juga mobilmu dengan autocillin ! cari tau selengkapnya di sekarang !,31
c_6fef6ab1f902,saya juga belum pernah pak apalagi sekarang di timur tengahyg memang enggak ada potensi gempa bagus sekali kalo setiap sampai sd & sama diadakan latihan simulasi menghadapi gempa bumi utamanya yang berada di daerah rawan gempa ya minimal setahun sekali pak,41
c_9aec09c24f02,gempa bumi berkekuatan 3 5 skala richter ( sr ) mengguncang tiga wilayah di sumbar,15
c_a925a1b550a6,news | gempa guncang tiga wilayah di sumbar - jakarta -- gempa bumi berkekuatan 3 5 skala richter ( sr ) mengguncang sumatera barat ahad ( 11/3 ) dini hari tiga wilayah di sumbar yang merasakan gempa yakni padang panjang bukit,41
c_72269e9cc351,hari ini yang 7 tahun yang lalu gempa bumi besar dan tsunami besar terjadi di daerah tohoku jepang ! mohon berdoa,21
c_02c1f73055e4,kalau hari nih kat jepun takde hari yang istimewa cuma nak flashback 7 tahun lepas 11 mac 2011 terjadinya gempa bumi dasar laut di kawasan tohoku hingga menyebabkan tsunami di bahagian miyagi dan wilayah sekitarnya,35
c_352614c1846d,rakyat west papua diajak bersolider untuk korban gempa bumi di,10
c_b3ef98921312,- berita harian terkini dan budaya lokal - gempa bumi 4 9 sr guncang sumba barat daya - // sumba - gempa bumi berkekuatan 4 9 skala richter ( sr ) mengguncang wilayah laut sumba barat daya getaran gempa di,40
c_7d473abfc40a,( 12/3/2018 ) aksi galang dana dan bakar lilin oleh solidaritas rakayat papua barat ( 12/03/2018 ) untuk korban gempa bumi di png lingkaran abe,25
c_ad049d857385,gusdur pernah ditanya pendapatnya soal gempa bumi di jogja karena gusdur bukan ahli geologi beliau jawablah dengan candaan itu nyai roro kidul marah karena dipaksa pakai jilbab '' kata gusdur ceritanya gusdur lagi menyindir suatu kelompok yang selalu memaksakan pendapatnya,40
c_9ef9be34c0af,interview keduax after retail company ! keqnya gue lebih suka suasana yang keduax daripada yang pertamax better home environment ya daripada di gedung yang liftnya sampai 30an lantai ( kalo kebakaran /gempa bumi susah ) semoga berjodoh di sini,39
c_b3f12c69395e,gempa bumi yang berpusat di dekat tapanuli utara terasa sampai medan,11
c_f1b0fc039c9c,1992 - gempa bumi berkekuatan 67 mau mengguncang erzincan turki timur dengan intensitas mercalli viii ( severe ) sedikitnya 498 orang tewas dalam gempa tektonik di patahan anatolia utara,29
c_16ea7859c8fb,sosialisasi dan simulasi tanggap darurat bencana kebakaran dan gempa bumi di gedung wisma mandiri,14
c_f9ac32864200,indonesia rawan terkena gempa bumi dan bencana letusan gunung berapi oleh karena itu ketua komite ii dpd ri parlindungan purba meminta kepada pemerintah guna menerapkan simak berita selengkapnya di,29
c_60c500173f71,kadang lebih konyolnya kubilang saja baru saja kukeluarkan jurus gempa bumi kwkwkwkwkkw entah kapan dia baru baca news nya di media,21
c_91c2976021a1,gempa bumi tapanuli utara pagi tadi mag:52 13/03/2018 11:33:35 ( pusat gempa di darat 20 km baratlaut tapanuli utara ) kedlmn:171 kamu dirasakan ( mmi ) ii singkil sumber bmkg siapa yang terasa gempa bumi tadi pagi ?,38
c_78cd9d396734,rt : gempa bumi utara pagi tadi mag:52 13/03/2018 11:33:35 ( pusat di darat 20 km baratl,17
c_13573954ce39,happy wedding temannya sio ! semoga bahagia terus sampai badai angin topan dan gempa bumi di rpw memisahkan semoga suka sama kadonya walaupun akhirnya kita yang jatuh misqueen karena belikan mobil : ),33
c_d64e17292b70,125 maut akibat gempa bumi di png bulan lalu,9
c_735506ad00ea,menggelar sosialisasi kesiapsiagaan menghadapi gempa bumi di gedung bertingkat ( alamanda tower cilandak jaksel ),15
c_b992858dc7f3,gempa bumi 5 4 sr di bitung akibat aktivitas lempeng maluku |,12
c_181cc009eda2,akhir-akhir ini indonesia terus dilanda gempa bumi menurut perhitungan ( ape kaden ) selatan pulau jawa akan terjadi gempa besar di tahun-tahun ini yang menimbulkan tsunami katanya siklus sekian tahun mudah-mudahan tidak terjadi,33
c_ecfb868e9e67,see ? ? crypt bukan satu satunya makhluk bngst yang terdampar di kediaman beruang jadi pfft- memangnya tadi ada apa ya ? oh ! ! gempa bumi ! '' crypt tertawa kembali membajak sistem kerja kursi roda di gadis lalu membuatnya bergulir meninggalkan tempat sejauh jauhnya berniat +,48
c_a87caeb9cad8,tanggal 1 april 1946 gempa bumi mengguncang kuat di sepanjang busur kepulauan aleutian alaska yang kemudian memicu tsunami terjangan tsunami dahsyat itu mencapai hilo hawaii pria di latar depan ( kiri bawah ) itu menjadi salah satu dari 159 korban meninggal,41
c_78e2a13c5075,- gempa bumi berkekuatan 3 6 skala richter ( sr ) melanda wilayah di kota sukabumi meski guncangannya berlangsung sesaat namun kejadian ini sempat membuat panik,26
c_c25a28f0b9f0,gempa bumi sederhana telah berlaku di irian jaya indonesia pada jam 0:33 pagi 2/5/2018 lokasi : 410deg selatan dan 1368deg timur magnitud : 51 mbak kedalaman : 10 km tiada tsunamimmd,31
c_86c9050935cb,gempa bumi berkekuatan 52 pada skala richter melanda bandar raya sisakht di iran sekurang-kurangnya 18 cedera,16
c_b5aa68d64c4e,aksi peduli gempa bumi banjarnegara pada hari rabu 18 april 2018 pukul 0:13:32 wib telah terjadi gempa bumi berkekuatan hingga 4 4 sr di kabupaten banjarnegara jawa tengah,28
c_24a9726c0d7f,selepas berlaku gempa bumi di equador dan jepun baru-baru ini ramai mengatakan sesuatu akan terjadi pada bulan mei dan jun tidak lama lagi akibat dari gempa bumi 78 skala richter yang kuat ia telah menyebabkan,35
c_a5f051f9f625,giat pmi kota magelang dalam masa tanggap darurat gempa bumi di banjarnegara,12
c_d5332b97c84b,( gempa bumi di pesisir pati utara ) has been published on -,13
c_e0ef2927e217,pati - warga di sekitar kecamatan tlogowungu gembong dan tayu pati pagi tadi dikejutkan dengan adanya gempa bumi di wilayahnya warga merasakan bumi bergetar pada,25
c_824ee7804000,keunikan gempa bumi di semenanjung muria bingungkan bmkg,8
c_383c2c8c9ddf,gempa bumi di mataram semalam berpusat di selat lombok,9
c_5440f66ec1ca,praktek memperagakan drop cover dan hold on yang benar pelatihan ini kita berikan kepada beberapa karyawan bank of tokyo yang akan menjadi floor captain untuk persiapan simulasi mandiri gempa bumi di bank,32
c_3366a4752724,ui peduli mengajak teman semua untuk melakukan aksi peduli dan berbagi kepada korban gempa bumi di banjarnegara contact person <PHONE> direktorat riset dan pengabdian kepada masyarakat ui,27
c_370ae0fbe90c,gempa bumi terasa di pati dan jepara pagi tadi,9
c_35570d5140f5,gempa bumi di tambang emas afsel 1 orang tewas dan 5 hilang,12
c_a12a343e0219,mau belajar bagaimana menanggulangi bencana alam seperti banjir gempa bumi atau gunung meletus ? yuk datang di booth pahlawan bencana selama tanggal 12 mei 2018 di sabuga itb,28
c_7517c11b63cf,redishcheeks-gempa bumi menyebabkan 13 penambang emas terjebak di kedalaman 3 km di bawah tanah '',15
c_60c365d6a1c6,igp deh rasa gempa bumi terkini di putra jaya semalam tadi,11
c_622bed547ba4,gempa bumi kuat telah berlaku di hawaii pada jam 6:33 pagi 5/05/18 lokasi : 205deg utara dan 1548deg barat magnitud : 63 kedalaman : 10 km tiada tsunamimmd,28
c_742854b366e3,gempa bumi sederhana telah berlaku di luzon filipina pada jam 2:19 petang 5/5/2018 lokasi : 146deg utara dan 1241deg timur magnitud : 57 kedalaman : 113 km tiada tsunamimmd,29
c_a41a35a45f30,susul dua gempa bumi di pulau big island hawaii lava tampak menyembur dari gunung kilauea yang disusul dengan abu ribuan orang diperintahkan untuk tinggalkan kawasan itu akibat aktivitas seismik yang terus terjadi,32
c_c48749a80c0e,segenap admin turut berduka atas terjadinya gempa bumi yang terjadi dini hari tadi di wilayah situbondo semoga korban yang meninggal dunia khusnul khatimah amin,24
c_5d5056443bc7,musim gempa bumi & tsunami nih kurang2 insaf lah usah difestivalkan perkara yang tidak baik oktfest tak sesuai di malaysia,20
c_1ec861bc037c,gempa bumi yang melanda wilayah jawa timur dan bali dini hari tadi disebabkan oleh pergerakan tiga lempengan besar yang berada di indonesia,22
c_3a359f30cdf9,kementerian kesehatan ri turut berduka cita atas musibah bencana gempa bumi yang terjadi di jawa timur semoga saudara-saudara kita diberikan kekuatan dan nikmat kesehatan,24
c_a08e87972641,hari ini ada gempa bumi di bali esok ada pesta arak,11
c_85d6fc448e8e,tiga maut gempa bumi landa bali dan pulau jawa berita penuh di,12
c_29fd22b1f160,kantor berita inggris reuter menyajikan laporan berita bencana gempa bumi & tsunami di palu begitu detail visualisasi foto satelit sangat clear,21
c_ad68798b2233,sore tadi kita melakukan bersih bersih dari material reruntuhan gempa bumi di palu karena jalan tersebut sebagai akses keluar masuk distribusi logistik untuk para pengungsi korban gempa bumi di palu sulawesi tengah,32
c_762e26d45f77,dalam pertemuan asean leaders ' gathering presiden mengatakan bahwa para pemimpin asean kembali menyampaikan simpati dan duka cita kepada para korban dan keluarga korban bencana gempa bumi dan tsunami di sulawesi tengah ( sulteng ) dan di nusa tenggara barat ( ntb ),43
c_23c103536671,telah terjadi gempa bumi dengan getaran 6 0 sr di pulau sapudi kabupaten sumenep sekitar jam 144 malam hari tanggal 11 okt 2018,23
c_2f998ebb1ac5,28 september 2018 penyaluran bantuan pasca bencana alam gempa bumi di provinsi lombok barat oleh jajaran komisaris dan direksi pt papa berupa alat produksi untuk kelompok usaha kecil industri rumah tangga serta 200 paket sembako dengan total nilai bantuan rp <PHONE> -,42
c_e393aa6292fe,sebenarnya gue pengin curhat tapi gue tanya dulu sama kalian apa korelasi gempa bumi sama populasi gay di indonesia ?,20
c_4b577e29a3a2,gempa bumi dan tsunami di palu dan donggala membawa luka yang mendalam bagi saudara-saudara kita hingga 09/10 mencapai 1760 orang innalillahiwainnailaihirojiun mari kita ringankan penderitaan mereka melalui bank muamalat dan ( bmm ) nomor rekening <PHONE>,36
c_e3e8d13638d9,manggala agni dan relawan lainnya masih melakukan evakuasi dan pencarian korban bencana gempa bumi dan tsunami di perumnas balaroa palu sulawesi tengah,22
c_1ce81fb90dba,h+12 upaya recovery kelistrikan pasca bencana alam gempa bumi dan tsunami di sulawesi tengah pln secara bertahap telah berhasil memulihkan pasokan listrik untuk membantu masyarakat & pemerintahan di sulawesi tengah bisa terang kembali oleh layanan listrik pln,37
c_1a82e02cdef1,himemanusiakan manusia lebih dari dua ribu meninggal dunia akibat bencana gempa bumi tsunami dan likuifaksi di palu donggala dan sigi sulawesi tengah tak sedikit korban ditemukan di,27
c_dac470a89b37,simulasi peringatan dini bencana alam gempa bumi yang dilakukan oleh bpbd banjarnegara di salah satu bank milik bumn,18
c_29e8ad3810f5,[ polines peduli palu ] mereka membutuhkan uluran tangan kita '' sehubungan telah terjadi bencana gempa bumi di kabupaten donggala dan tsunami di palu maka akan diadakan penggalangan donasi open donasi : s/d rabu 17 oktober 2018,37
c_1f900853c2d1,sebelum acara dibuka secara resmi terlebih dahulu digelar penggalangan dana untuk korban gempa bumi dan tsunami di sulawesi tengah,19
c_eb78e062a1e4,jaff berkolaborasi dengan mempersembahkan cerita palu untuk palu sebuah screening donasi untuk membantu korban bencana gempa bumi di donggala dan palu beberapa waktu lalu ramaikan yuk !,27
c_55da5e2e31be,mendikbud mengunjungi sekolah-sekolah terdampak gempa bumi di alas kabupaten sumbawa dan seteluk kabupaten sumbawa barat ntb ( 12/10 ),19
c_bbaa5760df4d,salurkan bantuan sobat untuk saudara-saudara kita yang terdampak gempa bumi dan tsunami di sulawesi tengah dan sulawesi barat melalui program bersama mdmc - lazismu dengan tcash wallet lazismu !,29
c_637523896aae,suroto ketua badan penganggulangan bencana daerah ( bpbd ) tulungagung mengatakan meski kini intensitas gempa bumi di sekitaran pulau jawa meningkat tapi tidak berdampak terhadap tinggi gelombang di pesisir selatan ( odp-pr ),33
c_9dcf75519faa,mendampingi sekjen pbb ceo dan tamu2 kehormatan lainnya mengunjungi area yang terkena dampak gempa bumi dan tsunami di palu ( 12/10 ),22
c_6c63b540c68a,alat pendeteksi gempa bumi sederhana kreasi anak desa cara penggunaan nya : ketika kita mau tidur maka tempatkanlah alat ini di samping anda tidur jika terjadi gempa bumi disaat anda sedang tidurmaka alat ini akan membuat anda terbangun catatanjangan sampai terkena kucing !,43
c_e89988324f9e,rapat koordinasi terkait penanganan gempa bumi di kabupaten sumenep di posko bpbd provinsi jatim di pimpin langsung oleh bpk kalaksa,20
c_92cda27d1af2,pengiriman tahap i ( kamis 12/10 ) dan ii ( sabtu 13/10 ) bantuan kemanusian pemerintah provinsi jawa timur bencana gempa bumi di kabupaten sumenep,25
c_e9bb22dd58ba,donasi kemanusiaan dari sampai muhammadiyah 9 bandung untuk korban bencana gempa dan tsunami di sulawesi mari bantu saudara-saudara kita yang terdampak gempa bumi dan tsunami di sulawesi,27
c_aef29aa666b3,penyerahan sumbangan sd-smp muhammadiyah antapani untuk korban bencana gempa dan tsunami di sulawesi mari bantu saudara-saudara kita yang terdampak gempa bumi dan tsunami di sulawesi,25
c_b564623c4268,menurut geomagz sepanjang 2015 bmkg mencatat telah terjadi sedikitnya 4300 gempa bumi di indonesia sembilan di antaranya adalah gempa dangkal dengan daya rusak tinggi seperti di madiun sorong bantul dan ambon,31
c_fe4b4aad1856,turut berduka cita atas musibah gempa bumi yang terjadi di beberapa daerah di indonesia pemahaman dan antisipasi yang baik terhadap bencana gempa diharapkan mampu meminimalisasi jatuhnya korban maupun kerusakan,29
c_f29b3ae34315,gempa bumi 67 gegarkan kepulauan kurile di russia,8
c_ca07483c0ac4,penyerahan bantuan kemanusiaan pemerintah provinsi jawa timur bencana gempa bumi di kabupaten sumenep diterima bapak kalaksa sumenep & kepala bakorwil pamekasan di kantor bpbd kabupaten sumenep ( sabtu 13/10 pukul 0:16 ),32
c_b1470e62d4ef,hey sunshine sejak indonesia mulai rawan gempa saya download dan mengaktifkan alarm gempa bumi realtime rekomendasi aplikasi ini semacam alarm kalau terjadi gempa bumi di play store namanya earth-quake alarm cukup sensitif dan efektif alarmnya be safe ! xx,39
c_d44c1c5e9b33,22 menit yang lalu gempa bumi berskala 53 terjadi di laut selatan jawa,13
c_ace5398efb48,tanggapan kejadian gempa bumi di perairan selatan banten 14 oktober 2018,11
c_1b7e60503aa3,kepedulian wakapolda jatim tinjau langsung korban gempa bumi di kepulauan sapudi,11
c_d527d0ad8d04,pasca gempa bumi dan tsunami yang melanda kota palu dan sekitarnya kisah-kisah tentang karomah bermunculan gempa berkekuatan 7 4 sr disertai tsunami yang terjadi pada jumat ( 28/9/2018 ) itu telah meluluhlantakkan beberapa wilayah di kota palu,37
c_ac7b83ad44d4,dini hari tadi gempa 5 2 sr guncang selatan banten memastikan gempa bumi ini tidak memicu tsunami selengkapnya di,19
c_52e8fab0d698,gempa magnitudo 5 2 goyang lebak banten : - gempa bumi terjadi di lebak banten minggu ( 14/10/2018 ) dini hari badan meteorologi klimatologi dan geofisika ( bmkg ) mencatat gempa dengan magnitudo 5 2 itu mengguncang lebak pada,39
c_4f9a9c8a7aed,mengapai menunggu azab tuhan sampai kejadian gempa bumi dsb nya kemarin lo enggak ibadah besoknya di lewatin iring iringan jenazah lebih dari 2x saja itu sudah teguran kok namanya,29
c_e2635fd12ba9,lindungi negeri ini ya allah hari ini gempa bumi guncang 4 wilayah di indonesia : manado dieng lampung dan palu,20
c_ea74059411b6,kodam jaya kembali kirim bantuan kepada korban gempa bumi dan tsunami di sulteng lewat,14
c_7c767fdfa494,dulu itu manusia dijadikan tumbal agar tuhan tidak membuat gunung meletus ombak laut tetap tenang dan tak ada gempa bumi sekarang ini di jaman yang katanya modern kaum lgbt dikriminalkan agar tuhan tidak murka it 's the same primitive bullshit !,41
c_eb518325464c,pemuda asal manado : penyebab gempa bumi itu suara adzan di masjid,12
c_072b0ae0a4aa,membantu sesama tanpa sekat apapun korban gempa bumi dan tsunami di palu sulawesi tengah,14
c_a5afb6df4f60,nih pasti cebong yang otaknya sudah mati sebelah pemuda asal manado : penyebab gempa bumi itu suara adzan di masjid,20
c_7b0bec6863c1,yang terdampak bencana alam gempa bumi lombok di desa karang pangsor kecamatan pemenang lombok utarabantuan huntrap ini merupakan kerjasama antara kemenhub dengan fakultas teknik universitas gadjah mada untuk korban gempa 70 sr di lombok yang terjadi,36
c_d0b66306262a,bengkel pendidikan gempa bumi ( kluster 1 ) untuk murid sekolah rendah dan menengah di daerah ranau yang telah diadakan pada 13 oktober 2018,24
c_357567be1eb3,salah satu bentuk kepedulian ugm untuk korban gempa bumi dan tsunami di palu sigi donggala lombok dan sumbawa barat ugm memberikan bantuan bagi mahasiswa yang terkena dampak bencana yuk simak !,31
c_199f8a825deb,tim survey unsyiah telah berada di kota palu sejak sabtu ( 13/10 ) dalam rangka melakukan asesment kerusakan akibat gempa bumi & tsunami di kota palu & sekitarnya assesment ini dilakukan untuk bisa menvalidasi hasil kajian terkait kompleksitas gempa dan tsunami di sana,43
c_7423369e6db4,gempa bumi berkekuatan 7 4 skala ritcher mengguncang donggala palu sulawesi tengah masih menjadi duka untuk bangsa indonesia belum lupa akan kejadian gempa di lombok,25
c_7c98db600aac,gempa bumi termasuk di antara tanda dekatnya kiamat di antara tanda dekatnya kiamat adalah seringnya terjadi gempa bumi disebutkan dalam hadis dari abu hurairah radhiallahu 'anhu bahwa,27
c_20ecd5ce9db5,deteksi gempa bumi dengan jaringan fiber optic kabel fiber optic digunakan sebagai perantara koneksi internet dengan kecepatan lebih baik dibandingkan koneksi mobile namun para peneliti di stanford university amerika serikat berhasil memanfaatkan,32
c_903e3d8ffe8b,kegiatan pendistribusian air bersih dan logistik ke tempat pengungsian korban bencana alam gempa bumi dan tsunami di sulteng oleh anggota manggala agni ( minggu 14/10/2018 ),26
c_6f20be548957,sigab kembali salurkan logistik tim siaga bencana ( sigab ) pppa daarul qur'an kembali mendistribusikan bantuan logistik untuk korban gempa bumi dan tsunami yang berada di palu sigi donggala ( sulawesi tengah ) more :,35
c_ea8346edd1e8,7 langkah selamat dari gempa bumi di rumah hard cover,10
c_2b540fe3a142,masa tanggap darurat bencana gempa bumi dan tsunami di provinsi sulteng diperpanjang kementerian pupr terus melakukan distibusi kebutuhan dasar para pengungsi seperti penyediaan prasarana sarana dan,26
c_0cbe10692955,kau jadikan gambar di sebelah sebagai bahan lawak dan cuba menyampaikan yang nenek itu serupa seperti watak alien itu anak kecil pon mengerti yang kamu ingin jadikan ia bahan ketawa bukan hinaan ke itu ? apa perasaan kamu kalau aku buat lawak tentang gempa bumi di indonesia ?,48
c_e04570ef926b,gempa bumi sempat mengguncang kabupaten situbondo jawa timur pada kamis dini hari ( 11/10 ) menurut badan nasional penanggulangan bencana guncangan gempa tersebut bahkan terasa di,26
c_ea1d41987842,semangat sore sobat budidaya hari ini dirjen pb berkesempatan meninjau dan memberikan bantuan kepada pelaku usaha budidaya pokdakan wetande - mamboro yang terdampak bencana gempa bumi dan tsunami di palu sulawesi tengah,32
c_93748fb3af72,pemerintah amerika sediakan bantuan 4 juta dolar untuk penanganan bencana gempa bumi dan tsunami di sulawesi tengah,17
c_3d9f3743e1a7,relawan gabungan jateng membangun huntara untuk warga yang sedang mengungsi agar warga mau kembali kerumah untuk bisa bangkit dari ketepurukan bencana alam gempa bumi di sigi sulawesi tengah,28
c_f0d9cbac0859,[ [ bantuan jepang untuk gempa bumi dan tsunami di sulawesi tengah ] ] & : jica indonesia office/jicaindoneshiashi wu suo,21
c_664a434115a3,sesuai komitmen dari awal mengenai hadiah ( setelah dipotong uang pendaftaran ) kami serahkan untuk saudara2 kita yang mengalami musibah gempa bumi di palu dan sekitarnya melalui semoga bermanfaat,29
c_b826f7a5636a,pemerintah merehabilitasi & rekonstruksi fasilitas publik seperti pasar rs puskesmas rumah ibadah & sekolah yang rusak pasca gempa bumi di ntb salah satunya adalah smpn 6 mataram yang kini sudah dapat beroperasional,32
c_427b1df592e3,kalo ketemu nih orang enaknya diapakan ya ? ? pemuda asal manado : penyebab gempa bumi itu suara adzan di masjid,21
c_dee1377f64ef,gempa bumi hari ini 5 4 sr terjadi di aceh tak berpotensi tsunami - tribun timur '',17
c_36ecb782d2e6,yayasan buddha tzu chi indonesia akan memberikan bantuan kemanusiaan berupa rumah sebanyak 3000 unit bagi warga korban bencana gempa bumi di lombok ntb serta gempa bumi dan tsunami di kota palu kabupaten donggala dan kabupaten sigi sulawesi tengah,38
c_59c6c7a3aa92,gempa bumi masih seringkali melanda indonesia untuk itu buat warga surabaya harus tetap waspada ya baik itu bencana alam atau kebakaran di lingkungan sekitar * tim dari dan datang ke-5 sekolah yaitu di smpn 17 smpn 21 smpn 23 smpn 26,41
c_28b8dc13ebb4,gempa bumi dengan magnitudo 5 4 skala rither terjadi di wilayah meulaboh ibu kota kabupaten aceh barat pada senin 15 oktober 2018 jam 0:23:26 wib,25
c_4869a8b09102,strategi di tengah gangguan bencana gempa bumi di lombok sumbawa tsunami di palu donggala gempa di situbondo-sumenep,17
c_79d9a8356e64,pemerintah akan membangun sebanyak 1200 hunian sementara bagi korban bencana gempa bumi dan tsunami yang terjadi di sejumlah wilayah di sulawesi tengah akhir september lalu,25
c_aa8cb7e1d1f5,mungkin ini bisa menjadi salah satu rujukan dari kitab taubat ibn qudamah kalo yang gempa bumi belon pernah membaca di kitab mana,22
c_50531f7a88fb,alat deteksi gempa bumi berikutnya adalah lonceng pasang lonceng sebanyak2nya di rumah kalian dikamar-kamar kalia diseluruh penjuruh rumah agar jika gempa bumi terjadi maka lonceng akan berbunyi nyaring dan menjadi alarm buat kita semua mengetahui gempa bumi telah terjadi,39
c_346c98e9cf07,presiden menyambut baik keputusan untuk menyederhanakan prosedur pengambilan uang bagi korban gempa bumi di lombok ntb dari 17 menjadi tinggal 1 prosedur saja yang diikuti sehingga di lapangan betul-betul bisa dilaksanakan pembagian uang bantuan pembangunan rumah itu,37
c_79949bb5b8c4,bersama negara2 sahabat amerika telah mengirimkan 10 ton bantuan untuk korban pasca gempa bumi dan tsunami di palu,18
c_dac2a92a095b,kerajaan menyalurkan bantuan rm15 juta bagi membantu mangsa gempa bumi dan tsunami di palu sulawesi dan lombok indonesia - timbalan perdana menteri datuk seri dari wan azizah wan ismail,29
c_813609b01d66,pemerintah berencana akan merelokasi korban gempa bumi dan tsunami di palu sulawesi tengah,13
c_81fdf6db33e6,mereka masih membutuhkan bantuan ayo bantu saudara-saudara kita korban bencana gempa bumi dan tsunami di sulawesi tengah scan qr go-pay bersama yayasan lazismu laznaz bsm dan pppa daarul qur'an untuk berdonasi karena kepedulian kita adalah kekuatan mereka,37
c_85556ae739e3,sahabat dua pekan sudah bencana gempa bumi tsunami dan likuifaksi terjadi di palu donggala dan sigi sulawesi tengah,18
c_7f082f6becda,selain pengiriman bantuan logistik dan upaya rehabilitasi rumah korban bencana gempa bumi di pulau sapudi banyak pihak yang terus berupaya mengatasi trauma yang dialami masyarakat polda jawa timur mengerahkan 14 psikolog guna pemulihan psikis,34
c_63938b7f516a,- sebagai bentuk kepedulian polda sulsel pasca kejadian bencana alam gempa bumi dan tsunami yang berpusat di donggala sulawesi tengah ( sulteng ) pada hari,25
c_435e42a46ead,polrespangkep - sebagai bentuk kepedulian dan perhatian terhadap peristiwa bencana gempa bumi dan tsunami di palu donggala wilayah sulawesi tengah bhayangkari polsek tondong tallasa,24
c_5efca3c879c5,mahasiswa stikes persada husada indonesia melalui senat mahasiswa menyalurkan donasi dan bantuan kepada korban bencana gempa bumi dan tsunami di palu dan danggola melalui aksi cepat tanggap ( care for humanity ) di act minggu ( 14/10/18 ),38
c_0d301f2ffc94,pengungsi korban gempa bumi di palu diperkosa di makassar pelaku masih berusia 14 tahun via,15
c_3a9dc7f81b16,peliputan media tv swasta oleh rekan pers terkait penyerahan diri satu orang narapidana lapas palu korban gempa bumi di rutan pinrang,21
c_6944c3adeb41,kepedulian bsm umat kepada balita dan anak-anak penyintas palu pasca bencana gempa bumi dan tsunami yang meluluh lantahkan sebagian besar daerah di sulawesi tengah pemberian makanan,26
c_821a3ea9cf27,terima kasih pt eisai indonesia atas sumbangan kemanusiaan sebesar rp <PHONE> - melalui pmi dki jakarta untuk korban bencana gempa bumi di lombok,23
c_8f5a57990ed8,buat kalian yang mau membantu meringankan beban saudara2 kita di palu yang habis terkena bencana gempa bumi & tsunami bisa masuk langsung ke web berapapun yang kalian sumbangkan itu sangat berarti bagi saudara2 kita di sana ( bantu sebarkan ),40
c_49bc3cef51f7,beberapa bulan ini telah terjadi beberapa kali gempa bumi di indonesia gempa bumi terjadi mulai dari yang berkekuatan rendah hingga tinggi bahkan sampai menimbulkan tsunami lalu mengapa daerah di indonesia sering terjadi gempa ? berikut penjelasannya,36
c_28f8b143c3b2,terimakasih bantuannya dari posko milinium palu bangkit bantuan tersebut akan kami berikan kepada masyarakat yang terdampak gempa bumi di sigi sulawesi tengah,22
c_7491a33a911f,edukasi mitigasi bencana harus diterapkan di dunia pendidikan : bandung raya latihan mitigasi bencana/arif hidayah/pr sejumlah murid berlindung di bawah meja saat mengikuti pelatihan mitigasi bencana gempa bumi di sd negeri 49 cigadung jalan alfa kota,36
c_126c7b16ded9,inilah 4 cara pemerintah as melalui menanggapi gempa bumi dan tsunami di indonesia yang telah berdampak pada jutaan orang |,20
c_f42ff02c278d,selain gempa bumi dan tsunami bencana yang terjadi di palu adalah likuifaksi yaitu fenomena tanah bergerak,16
c_8cfbc19f3840,arya dwi paramita external communication manager pertamina menyampaikan bahwa fokus utama saat bencana gempa bumi dan tsunami ialah pemulihan energi di palu dan donggala pada,25
c_404dab1ebc4f,gi menurut kalian relawan asing yang ingin membantu korban gempa bumi di palu dan donggala di usir dari sana ? padahan niatnya mau membantu dan memberi bantuan,27
c_955fafadd4b3,1 waskita mengirimkan tim volunteers millennial ( vm ) yang ditugaskan secara bergantian selama 6 bulan ke depan untuk membantu recovery korban bencana gempa bumi di lombok nusa tenggara barat ( ntb ),33
c_9e93c4053e2a,bantuan dan donasi bagi korban gempa bumi dan tsunami di palu - donggala - sigi dapat disalurkan melalui : baca <PHONE> bsm <PHONE> bni syariah <PHONE> semua rekening atas nama : medical,32
c_95e7743aa161,tag : berita gempa bumi hari ini - terbaru gempa bumi hari ini 5 3 sr di aceh info soal berpotensi tsunami - via,24
c_8c28b32aabec,masya allah bertubi2 gempa bumi bermagnitudo 5 3 terjadi di aceh barat getaran gempa dilaporkan terasa di lhokseumawe,18
c_8d57ad48064f,lagi ? ? semoga kita selalu dalam lindungan-nya amin gempa bumi bermagnitudo 5 3 terjadi di aceh barat getaran gempa dilaporkan terasa di lhokseumawe,24
c_ea601fc3421d,lombok - menteri perhubungan budi karya sumadi menyerahkan secara simbolis 5 unit rumah hunian transisi menuju tetap ( huntrap ) kepada perwakilan warga yang terdampak bencana alam gempa bumi lombok di desa karang pangsor kecamatan pemenang lombok,37
c_0c0bee398335,berdasarkan data dari gempa bumi tersebut terjadi pada pukul 0:11:29 wib kamis ( 18/10 ) berdasarkan titik lokasi gempa tersebut berada di 30 km timur laut aceh barat,28
c_26cc11d99249,belum usai trauma gempa lombok kini indonesia kembali diguncang gempa bumi besar dengan kekuatan 7 4 sr yang meluluh-lantakan wilayah donggala palu sigi sulawesi tengah allah kembali mengetuk nurani kita dengan gempa dan tsunami di sulawesi tengah,37
c_b828b5b8e3dd,live now ! elshinta peduli menginisiasi pendirian radio bencana bernama di palu untuk membantu para korban gempa bumi dan tsunami yang terjadi di sulteng saat ini kami bersama salah satu donator recoveradio jusuf hamka streaming,35
c_0d7dfc2142da,2 mengatakan tengah melakukan asesmen cepat perlindungan anak atau child protection rapid assessment untuk mendapatkan gambaran utuh dan akurat mengenai kondisi yang dihadapi oleh anak-anak pascabencana gempa bumi di ntb pada 29 juli 2018,34
c_4a8a9473cb8c,3 ini merupakan bagian dari tindak lanjut terhadap inpres no 5 tahun 2018 tentang percepatan rehabilitasi dan rekonstruksi pascabencana gempa bumi di ntb dimana kemensos memiliki tugas melaksanakan rehabilitasi sosial dan perlindungan sosial `` kata,35
c_79d7e8d434a3,ayo di like video mitigasi gempa bumi buatan anak sman 3 lumajang ada recehnya juga loh twitter please di your magic,21
c_457f134a38b2,dalam pengalokasian anggaran untuk penanganan gempa bumi lombok kemensos menyalurkan rp 12 6 miliar untuk bantuan logistik di bawah koordinasi,20
c_5c51338629a2,warganet yang ingin memberikan bantuan bagi warga korban bencana gempa bumi dan tsunami di sulteng dapat memberikan donasi melalui rekening elshinta peduli kemanusiaan,23
c_ce1db7efe8c7,gempa bumi di lombok memang merubuhkan rumah dan bangunan publik tapi harapan masa depan jangan ikut tumbang mahasiswa ntb harus tetap melanjutkan pendidikan untuk itu kemarin saya menyerahkan beasiswa pemerintah kepada 5144 mahasiswa ntb yang kuliah di seluruh indonesia,39
c_a547862d881b,19/10 sosialisasi dan simulasi penanggulangan dampak bencana alam ( gempa bumi ) di kantor perwakilan bank indonesia provinsi sultra,19
c_c90819b76282,saat ini lagi musim gempa bumi lho yakin rumah anda enggak mau di renovasi ? agar kuat menahan gempa insha allah kami bisa membantu anda mau ? ___ rumaa contractor cp <PHONE> konsultasi langsung : klik whatsapp ig :,39
c_adf1a40c871d,wow ! memang manusia dan segala bangunan pencakar langit tidak bersedia menghadapi gempa bumi atau gegaran skala tinggi di dasar laut mahupun di dasar bumi,25
c_b036c86c1065,new tax regulation update keputusan dirjen pajak no kep-271/pj/2018 tentang kebijakan perpajakan sehubungan dengan bencana alam gempa bumi dan tsunami di wilayah donggala - palu - dan sekitarnya selengkapnya silakan klik,31
c_c66ead4723f1,masih berlaku gempa bumi di beberapa kawasan di indonesia,9
c_29158321d002,gempa bumi tektonik mengguncang kabupaten luwu timur sulsel jumat ( 19/10/2018 ) pukul 0:15:03 wita gempa dirasakan warga di kecamatan malili yang merupakan ibu kota luwu timur baca alagraph :,30
c_5db047bebbf6,kami mengucapkan terimakasih kepada para donatur yang telah berdonasi membantu saudara-saudara kita yang terkena dampak gempa bumi dan tsunami di sulawesi tengah,22
c_7f92ae1d7250,rt pdi_perjuangan rt jokowi : gempa bumi di lombok memang merubuhkan rumah dan bangunan publik tapi harapan masa depan jangan ikut tumbang mahasiswa ntb harus tetap melanjutkan pendidikan untuk itu kemarin saya menyerahkan beasiswa pemerintah ke,36
c_895b0270b3f3,segala hasil dari kutipan tiket akan kami salurkan kepada mangsa mangsa yang dilanda bencana tsunami dan gempa bumi di palu sigi & donggala indonesia,24
c_567fbb1063de,bantuan serupa juga diberikan untuk mahasiswa korban bencana gempa bumi dan tsunami di palu donggala dan sigi juga untuk perguruan tinggi di provinsi sulawesi tengah,25
c_94cbc3d0f851,kapolri bersama panglima tni tinjau langsung lokasi pasca gempa bumi dan tsunami di palu,14
c_7a8ec5a76207,gempa bumi & tsunami di palu & donggala membuat danamon tergerak untuk ikut ambil bagian membantu para korban kisah harus pun datang dari karyawan yang menjadi korban tapi ikut jadi relawan di sana baca kisah lengkapnya di,37
c_431895a61927,presiden joko jokowi '' widodo tampaknya sudah geram dengan kabar-kabar hoax di media sosial tentang bencana gempa bumi dan tsunami yang terjadi di palu donggala dan sekitarnya,27
c_fc5809a2332f,renungan malam ini tema minggu menakutkan beberapa waktu lalu sebelum ada gempa bumi dunia kawasan pilau lombok dan daerah manapun malam minggu dan hari minggu sangatlah di nanti-nanti oleh setiap orang,31
c_a868e06e1227,tanggapan kejadian gempa bumi tanggal 20 oktober 2018 di timurlaut maluku barat daya maluku,14
c_35fc3a534eb8,nih aku copy dari web republika kisah gempa bumi di zaman rasulullah saw dan umar al khattab suatu kali di madinah terjadi gempa bumi rasulullah saw lalu meletakkan kedua,29
c_7129511372c0,membantu masyarakat yang persiapan membuat tenda disekitar rumahnya masyarakat sudah jenuh tinggal dipengungsian mereka ingin kembali dan tinggal dekat dirumahnya yang rusak akibat gempa bumi di sigi,27
c_f4cf0ebdcd44,melihat tempat tergulung oleh tanah setelah gempa bumi di sigi sulteng,11
c_4ade823b8770,tanjungpinang - taruna siaga bencana provinsi kepulauan riau ( tagana kepri ) akan menyalurkan bantuan kepada korban gempa bumi dan tsunami di palu sigi dan donggala sulawesi,27
c_b03ac93cf26c,update : badan nasional penanggulangan bencana ( bnpb ) menyampaikan hingga sabtu 20 oktober 2018 tercatat 2113 korban meninggal dunia akibat bencana gempa bumi dan tsunami di sulawesi tengah selain itu tercatat sebanyak 1309 orang hilang,36
c_d5d4c85205ec,gempa bumi 4 5 sr di jayapura papua hari ini tak ada peringatan tsunami - tribun timur,17
c_6f41b7ba21fc,october 21 2018 at 06:30am ( gempa bumi 7 7 sr yang disusul oleh tsunami di donggala sulawesi tengah pada 28/9/2018 pukul 0:17:02 wib membuat indonesia kembali berduka belum diketahui secara pasti jumlah korban,34
c_ec4016cd8e62,tanggapan kejadian gempa bumi tanggal 21 oktober 2018 di barat laut kepulauan talaud provinsi sulawesi utara,16
c_19ce5710e070,dukungan psikososial untuk anak-anak korban gempa bumi oleh tim bosowa foundation bersema kemensos di kabupaten sigi sulteng,17
c_e82cc44be2e8,ayo bergabung bersama t-shelter indonesia dan bersama-sama kita bantu saudara-saudara kita yang terdampak bencana gempa bumi di sulawesi tengah dan lombok ntb dengan,23
c_629317610726,proses pemuatan bantuan logistik ekspedisi pengiriman bantuan gempa bumi dan tsunami di palu donggala kedalam dua kontainer yang dihimpun oleh lazismu mlhpb/mdmc serta mpku pimpinan wilayah muhammadiyah jawa timur bekerjasama dengan meratus lines,33
c_75483a2b6f0e,happy milad selamat ultah pak prabowo subianto semoga sehat selalu bahagia selalu & bisa kembali rebut kebahagiaan kedamaian kesejahteraan indonesia raya yang sudah dilanda kehancuran gempa bumi tsunami & perang antara asing dan nkri harga mati di mana-mana,38
c_998454f55569,gempa bumi berkekuatan magnitudo 4 5 terjadi di poso,9
c_7eb375c97cfe,gempa sama 4 5 guncang barat poso jakarta | realitas - gempa bumi berkekuatan magnitudo 4 5 terjadi di poso sulawesi tengah pusat gempa berada di darat badan meteorologi klimatologi dan geofisika ( bmkg ) lewat akun twitter resminya menyebut gempa tersebut terjadi,43
c_6d5ae2e45b17,update laporan bencana [ gempa bumi tsunami & likuifaksi sulawesi tengah ; palu donggala sigi ] * sabtu 20 oktober 2018 - tim melakukan koordinasi di posko `` sulteng bergerak '' - tim melakukan pemeriksaan,35
c_f4a564add6cc,gempa bumi hari ini di poso 4 9 sr terasa hingga masamba dan malili,14
c_d75f9b50e3a9,sinergi dengan berbagai kelompok relawan di sulawesi tengah kita saling bantu dan saling mendukung dengan berbagai kegiatan kerelawanan untuk mempercepat dan pemulihan pasca gempa bumi dan tsunami di palu sigi dan donggala sulawesi tengah,34
c_26602126c1a8,jumlah korban tewas terkini gempa dan tsunami palu 2113 orang hesti andayani 27 tahun duduk di atas tumpukan keramik yang disebut bagian dari kamar tidurnya di lantai dua setelah rumahnya rata dengan tanah oleh gempa bumi di lingkungan balaroa pal,40
c_a2153b1004f6,gempa bumi tsunami dan likuifaksi di sulawesi tengah pada 28 september lalu menimbulkan kerugian ekonomi senilai rp13 82 triliun baca alagraph :,22
c_673120fe0583,pemerintah amerika serikat akan memberikan 3 juta dollar as dana tambahan melalui usaid/ofda untuk mendukung upaya bantuan tanggap bencana gempa bumi dan tsunami di sulawesi tengah,26
c_169c24958fd0,jaminan hidup ( jadup ) yang dijanjikan oleh pemerintah pusat kepada warga terdampak bencana gempa bumi di lombok barat ( lobar ) belum ada satu pun yang cair atau terrealisasi,30
c_1b790060279d,wapang kogasgabpad palu tinjau sektor donggala timur : jakarta - wakil panglima komando tugas gabungan terpadu ( wapang kogasgabpad ) penanggulangan bencana gempa bumi tsunami dan likuifaksi brigjen tni ( mar ) widodo dwi purwanto meninjau pos-pos tni di,39
c_acc3a218e466,presiden joko widodo ( jokowi ) menyerahkan beasiswa kepada mahasiswa yang terdampak gempa bumi di nusa tenggara barat ( ntb ) ada 5144 mahasiswa yang mendapatkan beasiswa dari,28
c_2d454c03481a,from - gempa bumi di lombok memang merubuhkan ribuan rumah dan bangunan publik tapi harapan untuk masa depan jangan ikut tumbang itu pesan saya kepada,25
c_d786db060c77,bantuan negara sahabat singapore air force untuk korban gempa bumi dan tsunami palu bergabung dengan satgasud tni au di lanud dhomber balikpapan,22
c_37875a604ec1,sebagai bentuk kepedulian polda sulsel pasca kejadian bencana alam gempa bumi & tsunami yang brpusat di donggala sulawesi tengah ( sulteng ) jum'at ( 28/09 ) kapolda sulsel irjen pol drs umar septono berikan bantuan langsung kepada kapolda sulteng brigjen pol ermi widyatno selasa ( 16/10 ),47
c_ea64aaf718e1,22/10/18 bpbd kota batu menerima & sekaligus membantu pengiriman bantuan dari masyarakat desa tulungrejo & banturejo kecamatan ngantang kabupaten malang ke bpbd provinsi jawa timur u/ selanjutnya bantuan disalurkan kepada korban bencana gempa bumi & tsunami di donggala sigi & palu sulteng,42
c_3f7c0e5eaaba,wakalemdiklat polri berikan bantuan kepada korban bencana alam di sigi wakalemdiklat polri irjen pol drs boy rafli amar mah bersama tim satgas polwan nusantara dan bhayangkari memberikan bantuan logistik kepada korban gempa bumi dan tsunami di pengungsian,37
c_2a8f7785c03f,bismillah kami masih terus bergerak kali ini pada 18 oktober 2018 donasi perlengkapan mandi sembako dll di daerah kelurahan kawatuna kecamatan mantikulore palu semoga bermanfaat untuk saudara-saudara kita di wilayah terdampak gempa bumi & tsunami di palu,37
c_4beedec04f23,[ prepare ] semoga amanah dari kalian bermanfaat bagi saudara2 kita yang tertimpa musibah gempa bumi & tsunami palu sigi donggala sampai jumpa saudaraku di sana,26
c_c6c57abe6e92,relawan indonesia lombok barat menyebarkan ribuan kelambu antinyamuk ke sejumlah lokasi khususnya warga yang terdampak gempa bumi beberapa waktu lalu seperti di dusun ranjok timur dan barat desa mekarsari kecamatan gunungsari kabupaten lombok barat,34
c_574568d411db,gempa memang bikin resah apalagi kalo sudah jadi gorengan hoax padahal sampai ini gempa bumi belum bisa diprediksi koran suara merdeka 22 oktober 2018 mengulas mengenai kerawanan gempa di jateng diwaspadai '',32
c_920e1eb59378,usborne ensiklopedia pertama : dunia kita harga : rp 30000 - kondisi : second 64 halaman mengapa malam itu gelap ? apakah salju itu ? bagaimana terjadinya gempa bumi ? apa yang ada di,34
c_de253bbb4b0a,- memberi makna apa makna terdalam bagi para relawan-relawan yang turun langsung ke daerah terdampak bencana gempa bumi tsunami dan likuifaksi di palu donggala dan,25
c_4a34c324ac6f,bantu kami menyediakan hunian dan fasum transisional bagi para penyintas bencana gempa bumi di lombok dan sulawesi tengah terimakasih atas donasi anda,22
c_85a0e2c6cc6a,workshop pembinaan dan pengembangan pendidikan mitigasi bencana gempa bumi bagi guru pembina ekstrakurikuler di kota bandung,16
c_af8023e398eb,menteri kelautan dan perikanan susi pudjiastuti akan kembali unjuk kebolehannya berjalan di atas catwalk menteri susi mengaku akan dibayar dengan 10 perahu perahu tersebut rencananya akan dibagikan untuk korban bencana gempa bumi di palu dan,35
c_5f781967a755,gempa bumi berkekuatan 57 skala richter melanda bandar pesisiran pantai hualien di taiwan hari ini sehingga menggegarkan bangunan di kawasan sekitar gegaran itu dikesan pada kedudukan 160 kilometer di tenggara taipei dengan kedalaman 31 kilometer,35
c_1b494d1e8a48,mengapa apabila zahid hamidi mengatakan gempa bumi dan tsunami di indonesia adalah hukuman allah swt bagi lgbt syed saddiq paling awal sentap dan melenting ? ? ? macam cubit peha kiri peha kanan pula yang terlebih sakit tenkiu,38
c_49f07508c815,donggala 23 okt 2018 - selepas dilanda bencana gempa bumi dan tsunami hampir sebulan lalu keadaan di sulawesi tengah kini secara umumnya beransur pulih di mana aktiviti harian penduduk dan kegiatan ekonomi mulai,33
c_c2634817b484,pengiriman dan penyerahan bantuan korban gempa bumi dan tsunami palu sigi dan donggala sulawesi utara bantuan uang tunai diserahkan kepada petugas pada bank daerah kabupaten karanganyar bantuan barang diserahkan kepada pmi kabupaten karanganyar di halaman kantor kecamatan jaten 23/10/10,39
c_c069735b05d6,alhamdulillah hasil penggalangan dana untuk saudara kita di palu yang tertimpa bencana gempa bumi & tsunami sudah tersalurkan terimakasih kepada para donatur yang tlah berpartisipasi di traffic light pertigaan damri jlstadion & traffic light jljokotole depan sman 2 pmk,39
c_2489bbb9b4d3,t-shelter indonesia membantu para penyintas bencana alam gempa bumi di lombok dan sulawesi tengah untuk hidup lebih layak bantu kami melalui atau klik,23
c_b89e9573b077,bukan kpg kamu ke itu wak gempa bumi betatus kali di jepun itu apa pula ya wak ? ? wak alim kucing kali usah cukup boleh bila kurang ilmu,29
c_8cdfd3dcf67e,gempa bumi sederhana di rantau taiwan,6
c_d477d3f08e77,samsung serahkan bantuan dukung pemulihan bencana pasca gempa bumi di sulawesi tengah via,13
c_347c50cd50bb,ahli politik malaysia : gempa bumi dan tsunami di indonesia adalah 'hukuman tuhan ' terhadap lgbt,16
c_71c4835cbfe4,bukan menakut-nakuti jika terjadi gempa bumi di bandung 10 kecamatan ini akan ambles via,14
c_4579a3112ffc,gempa bumi yang terjadi di palu donggala dan lombok beberapa bulan terakhir menelan banyak korban dan duka mendalam termasuk banyak fasilitas rumah dan bangunan seperti sekolah rusak berat tak terkecuali perlengkapan sekolah,32
c_041e22602786,saya nak tanya zahid negara mana di dunia yang paling sokong lgbt ? paling top adalah canada sweden jerman belgium denmark dan uk jerman misalnya mengiktiraf perkahwinan sejenis kenapa takde gempa bumi atau tsunami di negara-negara barat ini ?,39
c_416955d0771d,acara penyerahan bantuan kepada anggota ppni se-ntb yang terdampak gempa bumi lombok-sumbawa di aula rsud provinsi ntb dihadiri oleh : 1 ketua umum dpp ppni 2 plh ketua dpw ppni ntb 3 direktur rsud provinsi,35
c_b8b3451edff7,penyaluran logistik untuk warga yang terdampak gempa bumi di lombok,10
c_d48008776873,fkmis menyalurkan bantuan secara langsung kepada korban bencana alam gempa bumi di desa manggala kecamatan pemenang kabupaten lombok utara,19
c_e0823813c6f1,duka sulteng adalah duka kita foto : bu dokter stephanie saat mengunjungi para pengungsi korban gempa bumi dan tsunami di sulawesi tengah,22
c_602b9cab942a,allianz indonesia bersama industri jasa keuangan ( ijk ) yang berada di bawah naungan otoritas jasa keuangan ( ojk ) melakukan penggalangan dana untuk membantu korban bencana gempa bumi dan tsunami di kota palu kabupaten donggala dan kabupaten sigi provinsi sulawesi tengah,42
c_7db35ce10d79,usai memberangkatkan personil tagana jatim pada awal oktober lalu kadinsos jatim juga turut mengunjungi korban gempa bumi dan tsunami di palu selain itu kadinsos jatim dari sukesi apt mars juga kunjungi lokasi dapur umum posko tagana jatim yang berada di donggala,41
c_ecd36a6341dd,langkah simantap dalam membantu korban gempa bumi di lombok,9
c_33c1f2fde602,rusak berat kondisi dari kelas-kelas sdn 13 sirenja pasca terjadinya gempa bumi yang mengguncang wilayah kota palu kabupaten sigi dan donggala di bulan september lalu hal tersebut,27
c_dc72cdcb0c87,bmkg : beberapa daerah masuk waspada tsunami pasca gempa bumi donggala 7 7 sr di sulteng lewat,17
c_47c3fafe1b13,catatan sejarah 25 oktober : kontroversi gempa dan tsunami di mentawai : 25 oktober 2010 silam gempa bumi dengan kekuatan 7 7 skala richter ( sr ) terjadi di kepulauan mentawai,31
c_4c790e95f498,apa lah sangat presiden pas mimpi nabi kalau nak dibandingkan dengan presiden umno siap dapat 'wahyu ' daripada tuhan menerangkan sebab berlakunya gempa bumi dan tsunami di palu mungkin bila dalam lokap sprm itu mimpi dia lain macam sikit,39
c_19f74f6dac2a,komunitas diecast indonesia bone shaker brotherhood ( ibb ) peduli dengan bencana alam yang ada di tanah air salah satunya yang masih hangat adalah bencana gempa bumi dan tsunami di palu serta donggala sulawesi beberapa waktu lalu,37
c_1103ae589f1f,as memberikan bantuan hampir 11 juta dollar dan bantuan tambahan senilai 3 juta dollar as untuk korban gempa bumi dan tsunami di palu dan donggala,25
c_2aa04da3b0c3,berikut laporan penanganan darurat bencana gempa bumi dan tsunami di sulawesi tengah pos koordinasi muhammadiyah universitas muhammadiyah palu jalan jabal nur no1 talise,23
c_899a596f44ec,pmi kabupaten boyolali masih menerima donasi untuk bantuan bencana gempa bumi dan tsunami di provinsi sulawesi tengah donasi kemanusiaan dari persatuan seniman semar boyolali mendonasikan rp,26
c_6c0851dff0f0,selamat malam jumat gaessss ini infoemasi mengenai proses pemulihan daerah-daerah terdampak bencana gempa bumi dan tsunami di sukawesi tengah foto ini pas hari rabu 24 oktober 2018 saat,28
c_094f9736b03c,bacaan yasin dan tahlil di masjid as-salam kedutaan besar malaysia bersama2 pelajar dari untuk saudara2 kita yang telah menjadi mangsa gempa bumi dan tsunami di semoga roh mereka diberkati dan dirahmati allah swt amin yra,35
c_640e125773ca,ya ini benar banget karena gempa bumi di lombok kemarin saya dapat hidayah : ' ),16
c_f555958509e3,greece dikejutkan dengan gegaran gempa bumi berkekuatan 68 skala richter awal pagi ini menurut kenyataan jabatan meteorologi malaysia gempa yang berlaku pada pukul 0:06:54 pagi itu berpusat di laut ionian 129 kilometer barat daya dari patrai greece dan pada kedalaman 10 km,42
c_b06c360c52ff,selamat datang para pejuang kemanusiaan yang di tugaskan negara di lokasi bencana gempa bumi dan tsunami selama 19 hari di palu sulawesi tahun 2018 kami mengucapkan terima kasih demi bangsa dan demi negara telah meluangkan waktu juga telah berkorban tenaga bahkan harta,42
c_143aaae817dc,tim esri indonesia emergency spatial support centre ( essc ) membuat smart mapping portal untuk membantu upaya pemulihan bencana pasca gempa bumi dan tsunami yang melanda palu-donggala simak cerita lengkapnya di :,32
c_3959523cc848,kisahnya menggugah banyak hati rasa syukur yang diwujudkannya melalui perbuatan baik memberikan makna nyata atas kehidupan bagaimana kasmayadi melalui bencana gempa bumi dan tsunami di palu ? selengkapnya klik disini,30
c_37512f7fb042,geliat bawang putih semakin bersemi pasca gempa bumi di sembalun,10
c_755ec00f93b0,srikandi polrestabes makassar lakukan boulding traumac kepada korban bencana alam gempa bumi dan tsunami yang terjadi di sulteng yang saat ini masih berada di kota makassar tepatnya di asrama haji sudiang makassar dimana untuk korban dewasa diberikan motivasi dan semangat,40
c_502832d1c9bf,gempa bumi & tsunami di negara barat = bala '' dari tuhan gempa bumi & tsunami di negara islam = `` ujian '' dari tuhan ini tonight 's vim article ahmad reza highlights the hypocrisy of some malaysians who just love playing god cc :,45
c_01cedc89f0d8,jika gempa bumi karena maksiat kenapa tidak terjadi di negara kafir ?,12
c_0710ac2dd724,antara bangunan yang terjejas teruk akibat gempa bumi di palu ialah bangunan ramayana tapi masalahnya sejak dari tengok bangunan nih sampai ke malam nak tido aku dok teringat lagu iklan ramayana `` kosong ? astaghfirullahalazim kerjaq lembur bagai kudaq ``,40
c_72dc8442e044,tahun <PHONE> 0 nyawa manusia diragut sekaligus dengan gempa bumi di shaanxi chinaal-quran hud:94,14
c_e9f0d116ed0d,penanggulangan bencana alam ( gempa bumi ) di sdn payola umbu judul : simulasi tanggap bencana alam di sdn payola umbu siswa-siswi kelas 4 referensi : sains kuark,28
c_eea312f82b88,40 tahun hidup baru tau kalo lgbt itu longsor gempa bumi banjir tsunami mangkanya di dukung ya ?,18
c_598f6fcd1aef,gempa magnitudo 3 2 guncang palu gempa bumi berkekuatan magnitudo 3 2 terjadi di,14
c_53b16c89e906,asyik dengar berita sambil tiduran pagi ini terdengar suara yang tak asing suara kakakku canny watae di channel news asia perjalanan kami sebagai relawan sejak terjadinya gempa bumi tepat satu bulan lalu menjadi breaking news di cna,37
c_25dc525b7bbb,gempa bumi dan tsunami di sigi palu dan donggala terus menjadi perhatian banyak kalangan,14
c_f0b7ff1cf442,purna paskibraka indonesia peduli bencana gempa bumi dan tsunami di sulteng ( palu-donggala-sigi dan sekitarnya ) menggerakkan hati dan kepedulian purna paskibraka indonesia ( ppi ) untuk,27
c_e36763f5ffc9,menteri agama mengatakan bahwa kejadian gempa bumi di lombok ntb dan palu-donggala sulteng menjadi ujian yang berat bagi bangsa indonesia,20
c_5090041c6749,assalamualaikum bpk ini potret sebuah rumah roboh tepatnya di kabparigi moutong sulawesi tengah salah satu daerah yang terdampak gempa bumi kira-kira bagaimana penanggulangannya pak ? di takutnya jika terjadi gempa rumah ini akan membahayakan rumah yang ada di smpingnya,39
c_eff7f68db584,ini suporternya indonesia bisa nyaingi kencengnya suporter mexico yang sampai bikin gempa bumi lokal di rusia kemarin hahaha,18
c_9964f49cf926,yonzipur 8/smg yang tergabung dalam komando tugas gabungan terpadu penanggulanangan gempa bumi dan tsunami melaksanakan pembongkaran sekolah madrasah aliyah al khairot di kecamatan biromaru kabupaten sigi sulteng minggu ( 28/10/2018 ),31
c_ac59c648d496,bnpb mencatat jumlah korban meninggal dunia dalam bencana gempa bumi tsunami dan likuifaksi di sulawesi tengah mencapai 2086 jiwa,19
c_439032aaab19,kerugian dampak gempa di donggala dan tsunami di palu sulteng bertambah bnpb : rp 18 48 triliun : kerugian akibat bencana gempa bumi tsunami dan likuefaksi yang melanda sejumlah wilayah di sulawesi tengah bertambah,34
c_0a219818b685,tepat satu bulan yang lalu belum selesai mengupas evaluasi pembelajaran dari respon tanggap darurat bencana gempa bumi di lombok dan sumbawa - nusa tenggara barat 28 sept 2018 terjadi,29
c_1e4cbd3568cb,presiden joko widodo atau jokowi menyebutkan 5000 lebih kepala keluarga sudah mencairkan dana bantuan untuk pembangunan kembali rumah yang hancur akibat gempa bumi di wilayah ntb,26
c_b48ac06f0738,lagi bmkg tidak record dan report gempa bumi di pulau jawa system mu kenapa min ? ? ? ? earthquake m47 south of java indonesia mon 29 oct 2018 01:37:23 utc+07:00 pics,32
c_1b78ed61bcd6,salut untuk kehebatan semangat dan tidak ada pelanggaran dalam melaksanakan tugas membantu warga korban bencana gempa bumi dan tsunami di sulteng,21
c_eb2ff70e2772,rapat koordinasi pusdalops se-diy dengan tema pembelajaran penanganan darurat bencana gempa bumi di ntb dan sulteng,16
c_f9ea2c3a817c,new post : gempa bumi di malaysia kesan bencana acheh - sinarharian '',13
c_abe24221ad8d,`` secara khusus kami sampaikan belasungkawa kepada lion air yang selama penanganan bencana gempa bumi di lombok dan palu telah memberikan kemudahan bagi fpi dalam,25
c_f2b15c25824a,indonesiaku mengapa begitu banyak musibah menimpamunggak darat laut sekarang udaralain lagi gempa bumi tsunamioohhh sakitnya indonesia saja kini yang jadi perhatian dunia tetapi mengapa masih ribut saja tetapi aku percaya tuhan akan memberantas habis pengacau di nkri,37
c_90e7934d7cc1,sektor iv melaksanakan pemasangan pipa air yang terputus akibat dampak gempa bumi sumbawa di dusun mate mega desa marente kecamatan alas kabupaten sumbawa,23
c_6a53560645fa,saya pernah naik pesawat sekali lamanya hampir 2 jam anehnya kalau pesawat mau kecelakaan kok tidak ada pemberitahuan padahal di dalam pesawat bagaikan gempa bumi pramugarinya muncul di saat mau jual kopi,32
c_91e9583c1f84,banyak allah tunjuk pengajaran untuk kita di indonesia 1 ) gempa bumi 2 ) liquefaction 3 ) tsunami 4 ) orang ditelan tanah 5 ) desa hilang 6 ) jambatan runtuh 7 ) kapal terbang terhempas di laut semoga kita dilindungi allah selalu allahu akbar !,46
c_6645b88cc092,pasca gempa bumi yang terjadi di kabupaten sigi dengan kekuatan 7 4 skala ritcher beberapa waktu yang lalu membuat banyak bangunan porak poranda tidak terkecuali sd inpres jono oge,29
c_65e22a936e03,negeri kita sedang dirundung duka setelah gempa bumi bertubi-tubi kemarin pesawat lion air juta 610 hilang dan ditemukan jatuh di perairan kerawang pesawat boing 737 mengalami kegagalan terbang ingat bukan karena dosa manusia tetapi hidup dan mati ada di tangan tuhan,41
c_83550fefe5fe,bmkg merilis total gempa susulan setelah gempa bumi palu sebanyak 761 kali gempa - tahu enggak sob ? bahwa total gempa susulan di sulawesi tengah hingga hari ini adalah 761 gempa dimana,32
c_897fedd97319,tadi ada gempa bumi daerah jawa barat di pandeglang banten kawan selalu tetap waspada,14
c_28e5af7f0b2f,850 satu gempa bumi sederhana dengan kekuatan 71 pada skala richter dilaporkan berlaku di barat laut sumatera indonesia awal pagi tadi tiada ancaman tsunami kepada malaysia - selamat malaysia,29
c_24c7d5c1da0b,satu gempa bumi sederhana dengan kekuatan 71 pada skala richter dilaporkan berlaku di barat laut sumatera indonesia pukul 0:05:11 pagi hari ini bagaimanapun tiada ancaman tsunami kepada malaysia - metmalaysia,30
c_18fd62eaf160,gempa bumi di padeglang banten ya tadi pagi 52sr,9
c_2ca70da1a7bb,gempa bumi sederhana di barat laut sumatera,7
c_7fc2d7443f76,gempa bumi sederhana di barat laut sumatera -- - - malaysia berita sama ekonomi politik sukan rencana dunia plus subscribe enewsletter ebiz belia via,24
c_8f1a4cb7ee39,peristiwa lion air juta 610 tragedi tsunami laut di palu dan donggala gempa bumi di lombok adalah sebuah pesan dan bukti bahwa tidak cukup hanya motivasi intelektual ( iq ) lalu mengejar materi semata,34
c_c91301422856,pwmu : empati siswa muhammadiyah atas jatuhnya lion air jt-610 : - ratusan siswa sd muhammadiyah 6 gadung surabaya mengelar aksi simpatik atas musibah beruntun yang sedang menerpa bangsa indonesia seperti musibah gempa bumi di,35
c_01c3f0a83f86,panglima kogasgabpad rehab & rekon ntb pasca gempa bumi meninjau proses pencetakan panel u/ bangunan rumah instan sederhana sehat yang dikerjakan o/ aplikator di kecamatan praya kabupaten lombok tengah dan kecamatan sambelia lombok timur senin ( 29/10/2018 ),38
c_8c372a521853,ketua dpd pdip sulsel andi ridwan wittiri didampingi sekertarisnya rudy pieter goni dan risfayanti menyerahkan langsung bantuan gempa bumi di kota palu sulteng,23
c_e8be1e93fb91,gempa bumi tidak ganggu pertanian di parigi,7
c_3b42e470a78f,di bumi ada gempa bumi di laut ada tsunami di langit ada pesawat jatuh sungguh duka yang berturut-turut bagi warga indonesia : ( ampuni semua dosa para korba ya allah,30
c_12303b2c814a,kesialan di bulan shafar apakah gempa bumi tsunami banjir kehilangan kebakaran tabrakan pesawat jatuh dan kejadian lainnya ada kaitannya kesialan di bulan shafar ? mari kita lihat,27
c_e617d4c13381,gempa bumi tidak ganggu pertanian di parigi - medcom id,10
c_f808463f37e8,macam-macam bencana alam : di darat : gempa bumi di laut : sunami di udara : hilang komunikasi terjatuh entah mana pergi di hatimu : siapa lah aku ini,29
c_15ec86a5f31a,tahun lalu kita mengalami gempa bumi dua kali di tanggal 31 oktober,12
c_578f8f7a4cc6,sehubungan dengan bencana alam gempa bumi & tsunami di palu dan sekitarnya bersama ini disampaikan dengan hormat bahwa acara seminar duniawalet-ban makassar yang akan dilaksanakan pada,26
c_f2505368b408,gempa bumi di timur laut kobisonta,6
c_a6ca480d8384,andai ada peringatan gempa bumi susulan andai alarm tsunami berbunyi dan andai penanggulangan bencana cepat dilakukan -- di alkhairaat,19
c_c5007b89a10f,jangan lupa 4 nopember 2018 saksikanlah pertandingan sepak bola amal ulmar fc vs komando fc untuk korban bencana tsunami dan gempa bumi di wilayah palu sigi dan donggala pemain,29
c_35ca1a25d2db,gempa magnitudo 4 7 terjadi di sumbawa barat ilustrasi foto : mindra purnomo gempa bumi magnitudo 4 7 terjadi sumbawa barat nusa tenggara barat pusat gempa berada di laut berdasarkan informasi dari situs resmi badan meteorologi klimatologi dan geo,39
c_a2ed54c24fd9,gempa magnitudo 3 2 terjadi di sukabumi foto : ilustrasi gempa bumi magnitudo 3 2 terjadi sukabumi jawa barat pusat gempa berada di darat berdasarkan informasi dari situs resmi badan meteorologi klimatologi dan geofisika ( bmkg ) gempa terjadi pada p,41
c_530a7d726191,alhamdulillah hirobbil aalamin bertempat di rsl bsmi pada malam tanggal 31 oktober 2018 relawan bsmi kembali membantu persalinan korban bencana gempa bumi dan tsunami di sigi,26
c_f4dc8cade722,peta guncangan gempa bumi di kota palu dan sekitarnya,9
c_4921b80094e6,respon muhammadiyah untuk gempabumi dan tsunami palu sigi dan donggala 28 september - 30 oktober 2018 mari bantu saudara-saudara kita yang terdampak gempa bumi dan tsunami di sulawesi,28
c_e8179d60d066,yang tergabung dalam komando tugas gabungan terpadu ( kogasgabpad ) penanggulangan bencana gempa bumi tsunami dan likuifaksi di sulawesi tengah,20
c_4b51e6324f79,sahabat mido pasca bencana gempa bumi yang mengguncang palu sekretaris ditjen imigrasi lilik bambang mengunjungi kantor imigrasi kelas i palu untuk mulai memetakan rencana pemindahan sementara kantor imigrasi ke ruang detensi imigrasi di jalan tg dako 19 palu,38
c_6d5567befad6,mushibah ditanah air beruntungunung meletus banjir tanah longsor gempa bumi kapal tenggelam dan terbakar di laut terakhir lion air 610jangan lupakan kekuasaan allah,23
c_ad8ad4cb73ef,[ kutipan tabung kemanusiaan bencana gempa bumi dan tsunami di sulawesi indonesia ] mana lm yhtm bmr lmslmyn flys mnhm barangsiapa yang tidak mengambil berat urusan sesama muslim maka mereka bukanlah dalam,32
c_e3320bfb4289,selepas dunia digemparkan dengan gempa bumi dasar laut bermagnitud 90 dan tsunami di jepun dari shalimar bersama rakan sukarelawan lain turun padang untuk menghulurkan bantuan,25
c_e117359600ac,rumah zakat siap bangun 500 huntara untuk korban bencana sulawesi tengah palu pasca bencana gempa bumi dan tsunami di palu - donggala rumah zakat menginisiasi program penangan bencana,28
c_03e5fec04ec4,dalam rangka sepak bola amal untuk korban tsunami dan gempa bumi di wilayah palu sigi dan donggala akan digelar laga sepakbola amal antara ulmar fc vs komando fc yang akan diperkuat oleh komeng taufik,34
c_ca740f002e23,ungu - baku jaga dimana mana pasca gempa bumi di palu,11
c_1b505b55723c,giat trauma healing kepada anak anak pelajar pasca bencana alam gempa bumi di mi ziyadatul khair nw salut selat narmada dalam rangka ops zebra gatarin 2018,26
c_239f3f6a8cb8,gempa bumi hari ini 3 8 sr guncang luwu timur sulsel 4 8 sr di poso terkait tsunami,18
c_c063c7b91142,wali kota medan drs h t dzulmi eldin si msi diwakili aspem dan sosial kota medan musadad nasution kota medan kembali menyalurkan bantuan kepada warga korban gempa bumi dan tsunami di kota palu sigi dan donggala provinsi sulawesi tengah di kantor wali kota palu kamis ( 1/11 ),48
c_a2a0e599c91d,akibat bencana gempa bumi di provinsi nusa tenggara barat ( ntb ) beberapa waktu yang lalu,16
c_4e99a86e62d3,sahabat mari terus memberikan dukungan bagi keceriaan para penyintas bencana gempa bumi di palu donggala dan sigi sulawesi tengah karena kita tahu mereka dapat bangkit kembali,26
c_3cbf89d0f611,kerinduan fadil pada ibunda tercinta memasuki hari ke 35 pasca gempa bumi tsunami dan lukifaksi yang terjadi di palu donggala dan sigi sulawesi tengah pmi provinsi sulawesi tengah,28
c_b256139f5d5d,hari ini terjadi 6 gempa bumi di indonesia keenam gempa bumi itu terjadi hanya dalam kurun waktu 10 jam mana saja wilayah yang merasakannya ?,25
c_72f2a4177c01,from khairuliskandartajuddin - hari nih nak balik deh tahniah team sukarelawan yang bertungkus lumus buat program trauma healing pasca tsunami dan gempa bumi di palu,25
c_cde649c46b2d,* laporan pendampingan tim d2 bnpb dalam rangka penanganan darurat bencana gempa bumi tsunami dan likuifaksi di provinsi sulawesi tengah * * kepada yth kepala bnpb * cc pejabat eselon 1 dilap dah kegiatan pendampingan,35
c_52724a4797c0,gempa bumi magnitudo 3 5 terjadi di tanah datar sumatera barat pusat gempa berada di darat,16
c_c2477381696e,global peace mission ( gpm ) msia ambil langkah proaktif sediakan tangki air di kawasan yang terjejas dengan gempa bumi di lombok sejak 3 bulan lalu antaranya di dusun sanyiang dusun suka damai dan bagek kembar yang terletak di kawasan lombok utara,42
c_1047a5c00c39,part 2 : bayi gempa hazran al-farouq bayi bertuah yang lahir ketika berlakunya gempa bumi yang dahsyat alhamdulillah mereka selamat dan kini berada di khemah sementara dana yang disalurkan bakal,30
c_e4ca5017e2a2,langsung lokasi berlakunya gempa bumi & tsunami ada seorang jenazah yang sudah hari ke 9 tetapi tidak mengeluarkan bau busuk malah tidak bengkak bila ditanya rupanya penduduk memberitahu arwah dahulu menunaikan solat 5 waktu di masjidjasad jenazah ditemui di ruang legar masjid,42
c_4248aa1aecbe,13 0 keluarga yang terjejas dalam kejadian gempa bumi di lombok utara menarik nafas lega apabila menerima bantuan kewangan berjumlah rp650 bilion ( kira-kira rm1809 juta ) daripada kerajaan indonesia untuk membina semula rumah mereka yang musnah akibat bencana alam itu,41
c_7841c2f2684c,satgana program icbrr terus mendirikan dan membangun papan informasi kampanye prb gempa bumi dan hemat air bersih di camp-camp pengunsian di balaroa petobo dan lain-lain cc,26
c_c08fe0fd81da,ddc bengkulu - gempa bumi telah terjadi dan terasa cukup kuat di kota bengkulu dan sekitarnya pada sabtu ( 3/11/18 ) pukul 23 : 0 wib gempa yang menurut badan meteorologi,31
c_066588a78168,[ warta bem ] jurusan keperawatan politeknik kesehatan ( poltekes ) kendari menggelar simulasi penanganan korban gempa bumi di lapangan titik kumpul mahasiswa jumat ( 2/11/2018 ) kegiatan,28
c_56161b4e4b50,gempa bumi 5 4 sr terjadi di bengkulu,8
c_0f4b65a4ca80,bmkg : gempa 5 4 skala richter mengguncang bengkulu ilustrasi gempa bumi ( istockphoto/kickers ) badan meteorologi klimatologi dan geofisika ( bmkg ) mengungkapkan telah terjadi gempa bumi berkekuatan 5 4 skala richter di wilayah bengkulu pada sabtu ( 3/,40
c_e334e41e638d,bencana silih berganti menerpa negeri ibu pertiwi di laut kami diterjang tsunami di bumi gempa bumi menghantui di udarapun kami jatuh ke bumi tuhan dosa dan kesalahan apa yang kami,30
c_0bb6600a6846,muhammad akbar seorang ayah yang terpisah dengan dua orang anaknya karena bencana gempa bumi di palu sulawesi tengah selengkapnya simak,20
c_4b802056d0cb,kejadian gempa bumi di selatan sumatera indonesia [ 4 nov 2018 ],12
c_fc6ded8af6a5,update terbaru ( selama 2 hari mamasa diguncang 7 gempa bumi ) silakan lihat di informasi tanpa batas waktu -,20
c_9a1bf39be98b,kepada warga masyarakat korban bencana gempa bumi di lombok berupa empat unit rumah hunian sementara ( huntara ) dan satu unit rumah hunian tetap,24
c_1de03ee5add9,bendera malaysia berkibar di sulawesi tengah indonesia balaroa ialah kawasan yang terjejas teruk akibat berlakunya gempa bumi dan pergerakkan dasar tanah yang telah mengorbankan ratusan penduduk di sini,28
c_5e62a2679fc8,gpm bina huntara untuk mangsa gempa bumi di lombok,9
c_a64bd6b71ded,rt bernamadotcom : [ video ] gpm bina huntara untuk mangsa gempa bumi di lombok,15
c_f25e70ef5e82,sosialisasi kesiapsiagaan dan simulasi gempa bumi di tk-sd al azhar 4 kebayoran lama,13
c_2f78b70ee9a3,7 kali diguncang gempa bumi warga mamasa mengungsi dan tidur di tenda,12
c_050945d3e4d0,gempa bumi langka di kalimantan tengah diselidiki bmkg ( kalimantan berita ) -,13
c_7f4d638e9f77,gempa bumi 2 1 sr guncang konsel terasa hingga di kendari lewat com,13
c_4ce395ad7ff2,fao membantu petani dan nelayan indonesia bangkit setelah gempa bumi dan tsunami di sulawesi tengah lebih dari 70000 orang akan kembali memproduksi makanan untuk jangka panjang selengkapnya di :,29
c_028e9db1d13b,bencana gempa bumi dahsyat di palu sudah sebulan berlalu greenpeace tergabung dalam koalisi masyarakat sipil memasang pompa air tenaga matahari untuk memastikan air bersih untuk keperluan konsumsi dan sanitasi masyarakat di pengungsian desa rogo selalu ada,36
c_bc4890042bd5,1/4 sahabat belum hilang dari ingat kita betapa dahsyatnya dampak dari gempa bumi berkekuatan 7 4 skala richter yang diikuti tsunami di palu-donggala pada tanggal 28 september 2018 yang lalu,30
c_001ebfe1cae6,sosialisasi pengurangan resiko bencana gempa bumi di min 3 langsa via @,12
c_a9978bb035fb,dengan alat berat pemakaman korban gempa bumi dan lekufikasi di donggala sigi dan palu tempat pemakaman umum di atas bukit wilayah palu sulteng,23
c_c40b31505c95,gempa bumi 5 5 sr hari ini di mamasa sulbar warga : terasa di polman parepare makassar via,18
c_6dc621a9bc13,gempa bumi 5 5 sr hari ini di mamasa sulbar warga : terasa di - tribun timur,17
c_9e78629e8c95,5 gempa bumi hari ini guncang beberapa wilayah di indonesia via,11
c_40bd74b8bf6c,gempa bumi 5 5 sr guncang mamasa pasien betahan di luar rumah sakit download tvone connect untuk update berita harian anda android & ios,24
c_d8d2fee2954d,dua kali kabupaten mamasa sulawesi barat diguncang gempa bumi hari ini itulah sebabnya warga memilih membangun tenda di luar rumah baca alagraph :,23
c_abd3ebae53b8,rt detikcom gempa bumi berkekuatan magnitudo 3 4 terjadi di lombok timur pusat gempa berada di darat,17
c_2a6d7e0927b1,ibm indonesia bersama dengan perwakilan dari pureheart wahana visi indonesia igegama iabie dan juga bppt datang mengunjungi tempat pengusian dari korban bencana alam gempa bumi di,26
c_15a4e5453e9b,getaran gempa bumi terus terjadi di mamasa buat warga panik,10
c_c63562af23bc,ibu santi diansari hargianto dari ibm indonesia melakukan peletakkan batu pertama untuk membangun sekolah sementara yang akan digunakan oleh anak-anak korban bencana gempa bumi di lombok,26
c_16e5f8f2a73f,dan musim hujanpun tiba pedih di hati melihat mereka mohon sekirax bapak presiden kami yang kami banggakan bpk untuk mempercepat prsoses pencairan dana untuk para korban gempa bumi lombok utara mohon sekirax mereka di beri kemudahan dalam proses itu,39
c_330781abd9fd,2 ceritanya allah menciptakan hamparan daratan bukan pulau2 karena terjadi gempa bumi maka kumpulan piramida itu pecah2 keseluruh dunia dan salah satunya ada di indonesia,25
c_86da27182216,penyerahan bantuan barangan hygine untuk keluarga mangsa gempa bumi di dolo di daerah sigi sulawesi tengah alhamdulilah lihatlah kegembiraan yang terukir di wajah penerima bantuan,25
c_4c4bf26fdee6,bmkg mencatat 10 gempa bumi goyang indonesia selasa ( 6/11/2018 ) wilayah mana saja ? : bmkg mencatat ada 10 gempa bumi yang terjadi di wilayah indonesia kekuatan guncangan yang terjadi bervariasi,32
c_a7cbd30c33f6,gempa magnitudo 4 6 terjadi di mamasa sulbar : gempa bumi magnitudo 4 6 terjadi di mamasa,17
c_0fabafdbae23,79 kali gempa bumi guncang sulawesi barat dalam 3 hari ini titik pusat di kabupaten mamasa,16
c_e653c1721683,`` mau cepat atau tidak tergantung di lapangan mari bersegera '' bupati lombok timur h sama sukiman azmy dalam rapat koordinasi percepatan masa transisi darurat menuju rehabilitasi dan rekontruksi bencana gempa bumi di kabupaten lombok timur,36
c_bb59bc714132,bencana gempa bumi di sulawesi tengah & nusa tenggara barat beberapa waktu lalu menggerakkan kami menyingsingkan lengan baju untuk membantu saudara-saudara kita di dua provinsi tersebut melalui program,28
c_9c1d98f4c381,[ bencana gempa bumi dan tsunami di palu indonesia ] bencana yang terjadi pada 28 september yang lalu 77 pada skala richter dan tsunami yang melanda palu telah mengorbankan lebih 2 0 nyawa,33
c_46169fd2445e,senin ( 7/11 ) seminar nasional gempa bumi tsunami likuifaksi sebuah pelajaran mitigasi bencana yang dilaksanakan oleh act ( aksi cepat tanggap ) lembaga kemanusiaan bertempat di citra,28
c_f1db7f8eb74d,satu gempa bumi sederhana dengan kekuatan 53 pada skala ritcher berlaku di sulawesi indonesia pada 542 petang ini bagaimanapun gempa itu tidak membawa ancaman tsunami kepada malaysia,27
c_b6083b8aaba4,tanggapan kejadian gempa bumi di mamasa sulawesi barat tanggal 7 november 2018,12
c_c6e6082b9a02,dinding bangunan retak akibat gempa bumi berkekuatan 5 2 sr di mamasa,12
c_4576cd10565b,sejak 3 hingga 7 november 2018 kabupaten mamasa sulbar diguncang gempa bumi peristiwa tersebut membuat warga panik dan memilih mengungsi di tanah lapang baca alagraph :,26
c_e7b75aa3a7cc,sebelum gempa bumi yang begitu dahsat begitu indah ya pemandang di kator inch setiap ada kegiatan apa saja pasti di tempat inich orang berkumpul tapi sayang itu semua tinggal kenangan belaka saja karena sok di hempas,36
c_54577ae98e9f,konser amal kemanusiaan olimpiade pecinta qur'an 2 assalaamu'alaikum ikhwahfillaah~ gempa bumi yang terjadi di lombok masih menyisakan kepedihan dan rasa pilu olimpiade pecinta,23
c_0bce3e14b839,pmi kota tangerang menerima bantuan donasi untuk bencana gempa bumi dan tsunami di sulawesi tengah dari pengurus pmi kecamatan dan warga neglasari,22
c_1bd81ac3e6a5,alhamdulilah pameran di pasar malam sekaten sudah selesaiperalatan ews gempa bumi dan tsunami selesai di pamerkan,16
c_cf2d1629990f,makassar ( 7/11 ) : dalam sehari sulawesi barat ( sulbar ) diguncang gempa bumi tektonik sebanyak 35 kali yang bertitik pusat di kabupaten mamasa gempa bumi ini akibat sesar saddang yang berada di darat dengan kedalaman 10 kilometer,39
c_8c8f9542a55c,gempa bumi dirasakan di sejumlah daerah sekitarnya seperti mamuju toraja toraja utara majene polewali mandar pasangkayu dan palopo,18
c_8a272d878630,tepat pada hari jum'at 28 september 2018 lalu gempa bumi yang juga memicu gelombang tsunami dan likuifaksi tanah terjadi di sulawesi tengah dimana daerah yang paling terdampak,27
c_ba8e64b92651,gempa bumi bermagnitudo 3 2 terjadi di donggala sulawesi tengah gempa terasa hingga ke palu,15
c_f6dcba949f72,giat anggota dikyasa melaksanakan trauma healing pasca gempa bumi di smpn 1 batu layar dengan jumlah peserta 150 orang dengan kuat pers 6 pers,24
c_cce7af229e07,rt pos4you : pada 28 sept 2018 kita telah digegarkan dengan berita gempa bumi di sulawesi yang menyebabkan ramai yang kehilangan harta benda ayuh kita bersama-sama membantu meringankan beban yang ditanggung oleh sahabat nusantara kita dengan menderma ke,38
c_779bf903551c,mobil123 gelontorkan dana bantuan untuk korban gempa bumi di lombok,10
c_2112ef4c67fb,5 karena dia hanyalah petinggi dari sistem di alam semesta yang tidak ada hubungannya dengan baik atau buruk bencana kutukan kelahiran hujan panas gempa bumi pemberkatan dan sebagainya adalah bagian dari hukum alam dan manusia sendiri termasuk di dalam hukum alam tersebut,42
c_8fc0ee2e52e6,untuk memahami gempa bumi di mamasa,6
c_adc3652ee3b1,gempa 3 1 sr di majene sulbar tidak berpotensi tsunami makassar | realitas - gempa bumi kembali terjadi di wilayah sulawesi barat sabtu ( 10/11/2018 ) sekitar pukul 8:14:23 wita kali ini mengguncang wilayah majene berdasarkan pengamatan badan metereologi klimatologi dan geof,42
c_e5b9f1e27a90,penyerahan bantuan dari forum koperasi bontang senilai rp <PHONE> - untuk korban bencana gempa bumi dan tsunami di palu & donggala di kantor pkpu bontang,25
c_b0eeef9a9c5a,rubuh karena kejadian alamangin puting beliungtopan tornadotitik gempa bumi tepat di bawah jalur bangunan proyek-proyek terakhirnyarubuh karena kejadian alambahan material yang dipakai tidak sesuai standarbarang cinapengerjaanpun dikejar target potong pita kemajuan desa,32
c_0825f08650f1,pengeroyokan suporter di bandung gempa bumi di palu kecelakaan lion air di karawang dan sekarang insiden konyol <EMPTY> memilukan di surabaya ya tuhan apa yang terjadi dengan bangsaku,28
c_bc885483f951,selama mengemban tugas kemanusiaan di lombok dan sumbawa khususnya dalam membantu rehabilitasi dan rekonstruksi pasca bencana gempa bumi di nusa tenggara barat,22
c_3fb626aaf343,semoga enggak ada korban jiwa gempa bumi mengguncang kabupaten sarmi papua pusat gempa berada di kedalaman 10 km di dasar laut,21
c_9b20bf067580,tim relawan rnpb laznas lmi di lombok baru saja mengunjungi kediaman pak nayang untuk mengantarkan sejumlah bantuan salah satu warga terdampak gempa bumi yang tinggal di tengah hutan desa sajang ia tinggal,32
c_d9ce39fd785d,penyerahan donasi untuk korban bencana gempa bumi dan tsunami palu sigi dan donggala sulawesi tengah dari sekretariat bersama ( sekber ) sebesar rp <PHONE> - kepada pwm provinsi riau baca selengkapnya di,32
c_691c963141d9,selain personel perlengkapan dan alat berat yang digunakan dalam membantu korban bencana gempa bumi di ntb seperti 1 unit excavator,20
c_f40276f7a4ac,ddc maluku utara - gempa bumi berkekuatan 5 5 sr terjadi di halmahera maluku utara pada pukul 0:14:13 wib minggu ( <PHONE> ) gempa berada di titik 1 54 lu 127 4 buat di kedalaman 99 km,37
c_69680613669d,jusuf kalla wakil presiden mengatakan penentuan relokasi bagi masyarakat korban bencana gempa bumi tsunami dan likuifaksi di palu akan ditentukan pada januari 2019 mendatang ( odp-hm ),27
c_c77c3c4fe58a,sothi hottu salam sejahtera buat kita semua vihara viriya dhamma salah satu vihara yang masih berdiri akibat gempa bumi 5 agustus lalu vihara viriya dhamma terletak di gerenggeng,28
c_673db45d43f4,same thing happen bila tgh deal nak beli rumah prima kwsan perumahan ok n tak jauh dari tempat kerja bayar bulan2 not that expensive end up sampai sekarang kali beli sebab pikir macam mne kalau berlaku gempa bumi di malaysia rugi3,41
c_4d3e39e83550,baru berlaku gempa bumi kecil di sini alhamdulillah kami selamat @ palu,12
c_11bde2554faf,dan akan terjadi gempa bumi yang dahsyat dan di berbagai tempat akan ada penyakit sampar dan kelaparan dan akan terjadi juga hal-hal yang mengejutkan dan tanda-tanda yang dahsyat dari langit ( lukas21:11 ),33
c_4a2853e2a732,operasi kemanusiaan bersama antara arm indonesia dengan pkbi untuk penyintas bencana gempa bumi tsunami dan likuefaksi yang terjadi di palu sigi dan donggala kami memberikan layanan kesehatan di 12 titik shelter dengan menjangkau kurang lebih 2400,36
c_2f293c089e82,pikiran saya tertuju pada musibah gempa bumi bekepanjangan yang melanda mamasa tempat kelahiranku apa daya aku masih terbaring lemah di jakarta tuhan selamatkan mamasaku,24
c_27dc1ccb211e,7 kali gempa bumi hari ini guncang wilayah di indonesia termasuk di sulawesi barat via,15
c_8600d041b6de,ayahku pejuang kemanusiaan kami mewawancarai anak-anak dari para relawan dan pejuang kemanusiaan yang bertugas saat bencana seperti gempa bumi di lombok palu sigi donggala dan,25
c_0381642ca6fe,gempa sama 4 2 terjadi di mamasa gempa bumi magnitudo ( m ) 4 2 kembali terjadi di sama,19
c_3ba2e7bb5a3d,wakil helwa abim biro psikosiosal gpm nor azmiza mamat melakukan aktiviti psikosial first aid ( pfa ) untuk menggembirakan dan memulihkan semangat kanak-kanak yang terjejas gempa bumi di kampung gusdurian palu indonesia laporan mojo janatul firdaus yaacob,37
c_a8c1b7f69eae,namun tampaknya keinginan mereka tidak sesuai dengan kenyataan rumah keduanya hancur akibat gempa bumi yang melanda tahun 1930 tak lama mereka pindah lagi ke correggio sebuah kota di provinsi reggio emilia italia,32
c_5ea74920364b,ddc jateng - bencana gempa bumi yang disusul tsunami di palu ternyata menghasilkan ide dan karya luar biasa pada dua siswa mtsn 8 sragen di kalijambe menyaksikan,27
c_02d79c995e86,inilah prototype hunian sementara ( huntara ) yang dibuat oleh team shelter yang rencana akan dibangun bagi masyarakat yang terdampak gempa bumi tsunami dan likuifaksi di palu sigi donggala parigi moutong - sulteng cc,34
c_675ba549fe80,ada bencana pesawat jatuh gempa bumi saja masih di politisi dan menyalahkan pemerintah kok hopeless lah orang-orang brengsek itu,19
c_103f0f684d64,menko pmk puan maharani memimpin rapat tingkat menteri tentang percepatan pemulihan pasca bencana gempa bumi di nusa tenggara barat ( ntb ),22
c_844c0831907e,selamat pagi alhamdulillah pdam tirta pakuan kota bogor berkesempatan menyerahkan bantuan kemanusiaan untuk korban gempa bumi dan tsunami di kota palu sulawesi tengah bantuan,24
c_74ea43aa1e92,* english below iswan pital dan mudi adalah 3 bersaudara yang selamat dari gempa bumi dan likuifaksi yang terjadi di palu sigi dan donggala bulan oktober lalu rumah mereka hancur dan kini mereka tinggal di,35
c_a9fd7cd45180,gempa 4 9 sr guncang poso hari ini selasa 13 november 2018 sulawesi tengah | realitas - gempa bumi kembali mengguncang sulawesi tengah hari ini selasa ( 13/11/2018 ) tepatnya di daerah doda kabupaten poso pada pukul 0:04:38 wita berdasarkan hasil analisis bmkg yang dilansir tr,46
c_cb98af3e744b,pemerintah terus melakukan berbagai upaya dalam masa pemulihan kerusakan pascabencana gempa bumi yang disertai tsunami dan likuifaksi yang terjadi di sejumlah wilayah di sulawesi tengah,25
c_63e82dc26dba,program luar negara sukarelawan peserta terkini : 2/10 kesan gempa bumi & tsunami yang melanda palu di sulawesi tengah indonesia pada 28 september 2018 yang lalu bukanlah kerosakkan yang boleh dipulihkan dalam masa yang singkat ianya akan,37
c_c810be49d49f,segala upaya dilakukan pemerintah untuk memulihkan kerusakan pascabencana gempa bumi tsunami dan likuifasi yang terjadi di sulawesi tengah beberapa waktu lalu,21
c_5d504d5f70f1,tanggapan kejadian gempa bumi tanggal 13 november 2018 di timur laut mimika papua,13
c_d2901b887332,budikaryas : 1 kami memberikan penghormatan kepada almarhum anthonius gunawan agung petugas air traffic control ( atc ) yang gugur saat bertugas pada musibah gempa bumi di palu-donggala pada 28 september 2018 sebagai bentuk apresiasi pemerintah memakamkan almar,38
c_637734a10d16,tsunami terjadi ketika ada gangguan yang menyebabkan perpindahan sejumlah besar air misalnya letusan gunung berapi gempa bumi longsor bahkan meteor yang jatuh ke bumi namun 90 % tsunami yang terjadi di indonesia disebabkan gempa bumi bawah laut,37
c_b833f74014f6,rakyat disarankan muat turun aplikasi mycuaca secara percuma menerusi google play & app store bagi dapatkan info berkaitan gempa bumi & tsunami di negara ini - tksu ( sains teknologi dan inovasi ) di kementerian tenaga sains teknologi alam sekitar & perubahan iklim ( mestecc ),46
c_fcd91e114969,gempa bumi yang terjadi di palu dan donggala sulawesi tengah serta daerah di sekitarnya sudah diprediksi sebelumnya oleh para tenaga ahli,21
c_7876abd683f1,gempa bumi di bali,4
c_fc40240540aa,semua salah jokowi -tsunami salah jokowi -gempa bumi salah jokowi -banjir salah jokowi -kecelakaan pesawat salah jokowi -rumah terbakar salah jokowi -kasus persekusi salah jokowi -pelecehan seksual salah jokowi -bahkan tikus mati di dalam got pun salah jokowi,38
c_fd537ffbb0c5,badan meteorologi klimatologi dan geofisika melaporkan telah terjadi gempa bumi berkekuatan 5 3 skala ritcher ( sr ) di klungkung bali kamis ( 15/11/2018 ) dini hari,27
c_dcd6c8dbb13d,gempa bumi sederhana telah berlaku di sulawesi indonesia pada jam 7:01 pagi 15 november 2018 tiada ancaman tsunami kepada malaysiammd metgovmy info : fb agensi pengurusan bencana negara,28
c_7070ab885d0f,bagi warga korban bencana gempa bumi dan tsunami di wilayah kota palu selasa ( 13/11/2018 ),16
c_e5abcc47816e,dalam proses masa transisi penanganan bencana gempa bumi dan tsunami yang terjadi di sulawesi tengah,15
c_536ef2e2e922,pasca gempa bumi 5 3 sr di barat daya klungkung bali yang terjadi dini hari kamis ( 15/11 ) pukul 0:01:23 wita diinformasikan bahwa kegiatan pelayanan operasional penerbangan di tetap berjalan normal dan semua fasilitas penerbangan tidak mengalami gangguan,39
c_4373c82c0cec,panik saat gempa satu orang minggal dunia di prateng - gempa bumi yang kembali terjadi dini hari tadi sekitar pukul 0:01:20 wita dengan kekuatan 5 3 moga kembali menelan korban jiwa dengan inisial ta ( 47 ) pns guru yang beralamat di jalan cendana no 32,46
c_18494a354f85,video saat berlakunya gempa bumi likuifaksi dan tsunami di palu indonesia,11
c_d352e0ed3779,radio andika 1433 tim radio andika peduli saat ini menyalurkan donasi untuk korban gempa bumi dan tsunami di donggala sulawesi tengah andre susanto jurnalis radio andika sempat bertemu dengan bu rohani warga loli,33
c_22e55c198232,sudah 13 hari mamasa di guncang gempa bumi sejumlah rumah warga rumah ibadah dan jalan di laporkan retak 5 pengungsi meninggal |,22
c_438dd09e5214,dalam sehari tiga kali gempa bumi 5 sr guncang mamasa actnews mamasa - setidaknya tercatat tiga kali gempa cukup kuat di atas 5 skala richter ( sr ) mengguncang kabupaten,30
c_71fd1fb8c49e,membuka rekening donasi untuk membantu korban gempa bumi dan tsunami yang terjadi di palu dan donggala sulawesi tengah pada jumat ( 28/9 ),23
c_cecb2d62fdbb,from federallubricants - bencana gempa bumi di palu menyisakan kepedihan dan duka yang mendalam federal lubricants bekerjasama dengan distributor setempat melakukan program,22
c_1a1a8114160f,gempa magnitudo 3 9 terjadi di sigi gempa bumi dengan magnitudo 3 9 terjadi di si,16
c_2b1ee1c246ca,ii- sistem pengangkutan terputus - pergerakan tektonik boleh menyebabkn sistem pengangkutan seperti jalan raya terputus akibat menerima gegaran gempa bumi contohnya gempa bumi yang berlaku di sulawesi telah merosakkn struktur jalan raya & berlaku rekahan,35
c_40ed467fb65b,tanda alam kedatangan tsunami 1- gempa besar gempa bumi yang berpusat di bawah laut adalah salah satu penyebab utama tsunami 2- air surut atau tidak ? surutnya air laut adalah salah satu petanda akan,34
c_ad3269fb8466,misi ke-3 bantuan mangsa tsunami dan gempa bumi ke palu sulawesi tengah indonesia seramai 42 orang terdiri dari semua agensi di bawah menteri agama seperti maiwp jakim jawi yadim yapeim dan beberapa,32
c_f89713196475,16 nov - gempa bumi kuat telah berlaku di rantau kepulauan selatan sandwich pada jam 4:02 pagi,17
c_8246dfd3bf53,gempa bumi kuat telah berlaku di kepulauan solomon pada jam 11:26 pagi 16 november 2018 koordinat : 103deg selatan dan 1624deg timur magnitud : 61 skala richter jarak : 54km timur dari kirakira,33
c_d2da16adfe63,tercatat sebanyak 388 kali gempa bumi mengguncang kabupaten mamasa provinsi sulbar selama dua minggu di bulan november,17
c_0f64b103a765,penanggulangan bencana gempa bumi tsunami dan likuifaksi membantu pembangunan sekolah dasar bagi anak-anak korban bencana alam yang terjadi di sulawesi tengah,21
c_d5141e4eef48,semalam je ada 3 gempa bumi di palu walaupun deh masuk sebulan bencana besar telah berlaku keadaan di palu masih belum pulih seperti sedia kala dan nanti ali sendiri akan ke palu bersama untuk misi bantuan di sana,38
c_4f21608ed77e,sobat geologiseperti yang telah kita ketahui wilayah indonesia rawan terhadap bencana geologi ( longsor gempa bumi tsunami & gunungapi ) mengingat wilayah geografis indonesia yang terletak di antara pergerakan 3 lempeng tektonik dunia dan dikenal sebagai pacific ring of fire,40
c_b59a4a53471e,i had a bad dream last night lagi2 mimpi gempa bumi besar di sumbawa : (,16
c_d2a777e9e96a,dari sekian banyak korban gempa bumi tsunamibanjirdan pesawat jatuhhanya korban php yang enggak di evakuasi,15
c_91638450b963,kabar proses pemulihan rehabilitasi pasca bencana gempa bumi dan tsunami di sulawesi tengah sana sumber :,16
c_c18622bf43dd,dalam masa pemulihan kerusakan pascabencana gempa bumi dan tsunami serta likuifikasi di sulawesi tengah pemerintah terus melakukan berbagai upaya salah satunya adalah dengan hunian transit bagi para pengungsi huntara ( hunian sementara ) yang sedang dikerjakan kementerian pupr,38
c_3d88f5921c3d,yayasan dana kebajikan muslim malaysia ( ydkm ) merancang untuk membina 50 unit rumah sementara kepada mangsa gempa bumi dan tsunami di kota palu indonesia menerusi misi sukarelawan yang akan berlepas ke sana pada 21 nov ini - pengerusinya ahmad umair zulkefli,42
c_2eef1a7fe003,|| rumah yatim mataram raih penghargaan penanggulangan bencana dari tni || pasca upaya penanggulangan bencana gempa bumi di provinsi nusa tenggara barat ( ntb ) dan sekitarnya rumah,28
c_340c8e6abd8d,seko korban gempa bumi korban banjir korban longsor lan korban tabrakan ? mung korban janji seng hurung isoh di evakuasi : v eeaaakkkk,23
c_d65b6e1e28c5,pasca gempa bumi 5 5 skala richter ( sr ) yang mengguncang mamasa sulawesi barat puluhan tahanan di lembaga pemasyarakatan ( lapas ) mamasa terpaksa di pindahkan,27
c_79818041d8bd,sebab itu musibah paling dahsyat di dunia ini bukan tsunami bukan gempa bumi bukan banjir besar bukan ribut taufan tapi musibah paling dahsyat di dunia ini adalah mati tanpa mengenal allah ! sebab itulah ayat pertama yang allah turunkan ialah bacalah dengan nama tuhan-mu,44
c_5560213297b4,ketika bencana alam gempa bumi dahsyat di keresidenan manado mei 1932 roland bersama tokoh manado lain di batavia seperti flaoh phflsigar pfrumate atompunu ackawulusan drratu langie avsumolang apmokoginta bentuk komite untuk pengumpulan dana,33
c_ba0501204c51,gempa bumi kuat di selatan alaska,6
c_4749948fd90c,gempa bumi kuat 70 skala richter di selatan alaska,9
c_c54df0380f5e,tanggapan kejadian gempa bumi di baratdaya muko-muko bengkulu tanggal 30 november 2018,12
c_66e8f2837dc5,[ video ] cemas ! saksikan detik berlakunya gempa bumi di anchorage alaska lihat di mana mereka ini berlindung,19
c_3dacea863742,gempa bumi dengan kekuatan 70 magnitud melanda anchorage alaska yang berpopulasi 300 0 orang pada jumaat ( 30 november ) berita penuh di via sinaronline,25
c_7135f1bc5436,gempa bumi kuat telah berlaku di banda sea pada jam 9:27 malam 1 disember 2018 tiada ancaman tsunami kepada malaysia metgovmy info : fb agensi pengurusan bencana negara jabatan perdana menteri,31
c_2bcacc6e589d,gempa bumi kuat di laut banda,6
c_5a3c17a56657,pusat gempa bumi berada di laut 275 kilometer timur laut maluku barat daya,13
c_3c2c837ec342,mdb : -- -- gempa bumi tim badan geologi esdm turun ke mamasa berikut kesimpulan & rekomendasinya -- -- mamasa mdb -- -setelah bmkg melakukan penelitian di mamasa pusat vulkanologi dan mitigasi,32
c_ae6175cf2df5,ini imerupakan titik episenter gempa bumi yang terjadi pada 22 tahun silam tepatnya tanggal 27 oktober 1996 terjadi gempa bumi yang berlokasi di desa huidu barat kabupaten limboto barat provinsi gorontalodengan kekuatan gempa 41 sr dan kedalaman 33 km,39
c_f0c638fb4a46,keadaan di salah satu kawasan pelarian mangsa tsunami dan gempa bumi di desa lero donggala donggala adalah tempat yang pertama terkena tsunami sehinggakan ada kapal yang berlabuh di,28
c_cc6a544a6381,ingin berbagi kebahagiaan dengan sesama keluarga mempelai pun melakukan penggalangan dana bagi korban bencana gempa bumi di palu donggala sigi dan lombok,22
c_e2302dd32999,tim psikologi tni bantu dukungan psikososial kepada siswa di sigi ( puspen tni ) tim psikologi tni pasca bencana gempa bumi tsunami dan likuifaksi di sulawesi,26
c_ca67bc78e95d,tim psikologi tni pasca bencana gempa bumi tsunami dan likuifaksi di sulawesi tengah melaksanakan kegiatan bantuan dukungan psikososial '' kepada siswa/i smpn 18 sigi kecamatan kinovaro kabupaten sigi sulteng sabtu ( 1/12/2018 ),33
c_a1003c1b23ac,heboh gempa misterius terdeteksi alat sensor seluruh dunia ilmuwan bingung penemuan gelombang seismik tersebut berawal dari aktivitas penggiat gempa bumi di selandia baru > >,25
c_d337cd7cc5b6,gempa bumi 4 3 magnitudo kembali dirasakan di pulau sapudi,10
c_8e94275a9fe9,[ bupati bogor nurhayanti menyerah bantuan sebesar rp500 juta kepada pemerintah kabupaten donggala untuk meringankan korban bencana gempa bumi donggala acara berlangsung di kantor sekretariat apkasi jakarta kamis ( 29/11/2018 ) foto : humas apkasi ],36
c_7f0d67b79020,[ bupati lombok utara menerima bantuan rp2 5 miliar dari ketua umum apkasi mardani h maming atas nama pt batulicin 69 untuk biaya renovasi masjid yang rusah akibat bencana gempa bumi di di kantor sekretariat apkasi jakarta kamis ( 29/1,40
c_93cd99e07d28,tim psikologi tni pasca bencana gempa bumi tsunami dan likuifaksi di sulawesi tengah melaksanakan kegiatan bantuan dukungan psikososial '',19
c_a31ea260427c,kabtegal - jateng ( 3/12 ) giat pmi kabtegal melaksanakan rapat koordinasi ke-2 persiapan simulasi bencana gempa bumi di lingkungan sekolah sama n 1 slawi,25
c_1c62891b09f4,lokasi gempa bumi dan tsunami di lampung segera dikosongkan : via,11
c_b0ec1164d9a2,setidaknya terjadi 5 gempa bumi di indonesia hari ini dari kelima lindu itu dua di antaranya terjadi di maluku tengah,20
c_eb7f476a5297,alasan pilih nontin dilan dibanding ke lokasi bencana gempa bumi di banjar,12
c_528405b489fd,tahukah kalian bahwa pada sepanjang tahun 2018 ini wilayah di indonesia banyak yang mengalami bencana gempa bumi ? sebenarnya adakah sebuah hubungan antara gempa bumi yang terjadi dengan tingkat kejahatan yang berada di indonesia ? [ 3/4 ],38
c_8bf1a5e0d449,gempa bumi sederhana 56 skala richter berlaku di laut banda,10
c_d9db283ade0f,cerita dari respons sulteng bu ratijah dan cerita pilu gempa bumi '' lengkapnya dapat dibaca di,16
c_fa9bf17d618f,gempa guncang sulawesi ilustrasi ( foto : istockphoto/kickers ) badan meteorologi klimatologi dan geofisika ( bmkg ) memyatakan telah terjadi gempa bumi tektonik dengan magnitudo 4 1 sr pada pukul 0:01:01 wib pusat gempa berada di darat 22 kilometer arah,40
c_c3ee19d9c34e,hingga tanggal 5 desember 2018 pmi kabupaten tmg masih dalam konsidi prima dalam bertugas sebagai tim peyalanan kesehatan dasar darurat pada lokasi gempa bumi & tsunami di donggala sulteng,29
c_c400da54bb14,4 gempa bumi guncang 2 kabupaten di ntt dalam sehari -,11
c_cdf418681468,alhamdulillah bantuan 2 unit rumah untuk saudara korban gempa bumi di lombok sudah tersalurkan segenap tim mengucapkan terima kasih yang sebesar - besarnya kepada,24
c_6d51e5673734,sehari 4 gempa bumi guncang 2 kabupaten di ntt | riau aksi kreatif berinovasi,14
c_e3ab3f0046b7,`` gempa bumi cuma enam kilometer dalam dan berlaku kira-kira 155 kilometer ke timur tenggara kepulauan loyalty di pantai timur new caledonia '' it 's near vanuatu,27
c_0ff9a0c65338,faktor gempa bumi di negara indonesia,6
c_5021681e9257,jne mensupport pengiriman peralatan yang digunakan dalam program trauma healing yang diinisiasi oleh tabloid nyata untuk para korban bencana alam gempa bumi dan tsunami di palu sulawesi tengah *,29
c_9df18241d9b9,kabtegal - jateng ( 5/12 ) sama n 1 slawi bersama bpbd dan pmi kabtegal adakan simulasi penanganan bencana gempa bumi di lingkungan sekolah,24
c_21d6502c9dd0,sih bapak dengan sigap selamatkan anak balitanya saat gempa bumi 70 sr di anchorage alaska 30/11/2018 ( viralhog youtube 1/12/2018 ),21
c_e122c71ec05b,dilanda gempa bumi 7 magnitudo ini penjelasan mengapa gempa di alaska tak memakan korban jiwa,15
c_54b9ca24446b,pasca gempa bumi 5 7 sr di barat laut mataram lombok yang terjadi pada hari kamis ( 06/12 ) pukul 0:09:02 wita ( 1/2 ),25
c_ce4a9323f1aa,gegaran gempa bumi tadi agak kuat di bali,8
c_4aeba2228f57,gempa bumi sederhana berukuran 55 pada skala richter berlaku di rantau sumbawa indonesia menurut jabatan meteorologi malaysia dalam satu kenyataan gegaran itu berlaku pada kedalaman 10 kilometer dan jarak 13 kilometer timur laut dari metaram indonesia,36
c_fc210e2fd9de,menkumham yasonna laoly resmikan tugu peringatan gempa bumi di gusit,10
c_f47734617d14,kondisi mengharukan lainnya terjadi di palu tak lama gempa bumi dan tsunami beberapa waktu lalu presiden bertemu seorang anak kecil usia 4 tahun ia baru saja jadi piatu karena ibunya meninggal jadi korban gempa di palu,36
c_0704c8ea2a9a,tadi malam mimpi gempa bumi parah banget berasa kayak kiamat terus penasaran maksudnya apa kenapa tiba tiba mimpi begituan yang aku baca sih ke a t a n ya a '' karena ada yang ngefitnah sipemimpi menjelek jelekannya karena iri dengan apa yang di pemimpi miliki,46
c_d66ff87d4041,gempa bumi sehabis maghrib tadi gempa di aceh takengon lumayan kuat begitu ku search titik pusatnya ternyata di laut bengkulu ya allah bencana demi bencana datang ke negriku indonesia mengapa ? karena banyak,33
c_04e548c4c25b,gempa bumi 4 3 sr di kabupaten aceh tengah tidak perpotensi tsunami,12
c_91fb6f0b20a9,masya allah baru sekitar 3 weeks ago atau 3 minggu lalu saya diingatkan akan terjadi gempa bumi longsor tanah retak2 amblas dll dan baru kemarin terjadi musibah itu di beberapa wilayah,31
c_c7eb853970ab,ingat gempa bumi di lombok ? ? perlahan-lahan sekarang ini mulai bangkit salah satunya di sdn 3 bilok petung kecamatan sembalun lombok timur yang mulai berbenah ruang kelas yang dulunya hancur,31
c_3efc012c6cca,jadwal gempa bumi di luar negeri dan indonesia tanggal 9/12/2018 lewat,11
c_f6b353528e1b,giat hari ini minggu <PHONE> simulasi gempa bumi dan erupsi gunung merapi di padukuhan kebur lor argomulyo cangkringan sleman,19
c_aea0781b1fa0,aktivitas penunjaman lempeng indo-australia ke bawah lempeng eurasia sebabkan gempa bumi di perairan barat daya bengkulu utara -,18
c_133820dbab1f,gempa bumi gegarkan tiga wilayah di indonesia pagi ini,9
c_78adfaa80c8b,gempa bumi menggegarkan tiga wilayah di indonesia dalam tempoh kira-kira 10 jam bermula tengah malam tadi namun tiada kemalangan jiwa & kerosakan harta benda dilaporkan pihak berkuasa indonesia yang memantau perkembangan berkata setakat ini kejadian itu tidak mencetuskan tsunami,39
c_79bb7a59bbfb,gempa bumi gegar tiga wilayah di indonesia,7
c_5dfd844e6cbf,gempa bumi gegar tiga wilayah di indonesia via sinaronline,9
c_5ae4e34971b6,live now ! ! kepala sub bidang mitigasi gempa bumi wilayah barat akhmad solikhin : kepala seksi observasi bmkg kelas 1 bandung ruhimat menyebutkan gempa dengan magnetudo 50 di pangandaran dipicu dari patahan samudra hindia dari sesar garsela,38
c_c7af022a66f0,assalamu'alaikum peta ini merupakan peta kalsifikasi gempabumi di wilayah gorontalo berdasarkan magnitudo pada peta tersebut kita bisa lihat bnyaknya titik warna warni titik tersebut merupakan titik gempa bumi sesuai dengan keterangannya di wilayah gorontalo,34
c_6afba6693b1c,gempa pangandaran warga dan wisatawan tak rasakan guncangan 5 0 skala richter : jawa barat ilustrasi gempa bumi * /fian/grafis pr pangandaran ( pr ) - salah satu warga di bojongsalawe desa karangjaladri kecamatan parigi dedi kurniadi ( 45 ) mengaku tidak,42
c_94f56610a65a,3 gempa bumi guncang sejumlah daerah di indonesia mulai bengkulu hingga pangandaran jawa barat - banjarmasin post,17
c_f21586c53a64,update respon untuk penanganan bencana gempa bumi tsunami dan likuifaksi di palu sigi dan donggala sulawesi tengah 28 september s/d 10 desember 2018,23
c_6064a0a7e268,dir memimpin mini workshop menghadirkan prof dong youp kwak ( hanyang university ) yang memberikan pemaparan mengenai liquefaction sehubungan dengan bencana tsunami dan gempa bumi di palu,27
c_42a27a750fff,gempa bumi kuat dengan berukuran 73 pada skala richter telah berlaku di kawasan selatan kepulauan sandwich pada jam 10:26 pagi hari ini namun tiada ancaman tsunami kepada malaysia sumber :,30
c_06f34b5ba8c0,gempa bumi kuat di kepulauan sandwich,6
c_d70201806bcb,nomor 5 tahun 2018 tentang percepatan rehabilitasi dan rekonstruksi pasca bencana gempa bumi di kabupaten lombok barat lombok utara lombok tengah lombok timur kota mataram dan wilayah terdampak di nusa tenggara barat ( ntb ),35
c_9d00b1aab9ee,watsons indonesia memberikan bantuan sumbangan berupa 120000 paket tisu basah untuk keperluan sanitasi karena sulitnya akses air bersih bagi para korban bencana gempa bumi dan tsunami di palu donggala dan sigi pada oktober 2018,34
c_7bb9d1ce52e7,live ! bersama pengamat membahas tanggap gempa bumi dan tsunami ( nak ) dengarkan siaran kami melalui aplikasi elmo download aplikasinya di play store dan app store,27
c_b164d3810586,lomba mancing ini selain bertujuan untuk memperingati juga untuk meningkatkan kesejahteraan masyarakat nelayanuang pendaftarannya juga akan disisihkan untuk membantu korban bencana gempa bumi dan tsunami di palu dan donggala,29
c_dc2b57435c0c,mdb : -- -- gempa bumi masih guncang mamasa -- -- makassar mdb -- -info gempa mag : 38 sr 11-dec-2018 21:43:06 wita lok : 301 ls-11949 buat ( 7 km barat laut kecamatan pana kabupaten mamasa sulawesi barat ) kedlmn : 10 km dirasakan iii mmi di mamasa : :bmkg-pgriv,51
c_0a3eaf40d482,"twitter please do ur magic rumah ku di kemang ifi graha , sudah 1 , 5m banjir nya tapi tetangga ku ada yg kena banjir dan kebakaran posisi di kemang ifi graha kig jl . saron 6 belum ada yg bangun please bantu kasian mereka",45
c_7c791f45e11d,kedai alat ganti kenderaan hangus sibu : kedai menyimpan peralatan ganti kenderaan hangus dalam keadian kebakaran di jalan alan lorong 2 di sini awal pagi tadi . pgo sarawak menerima panggilan kecemasan mengenai . . .,36
c_8de4868a34c2,"kebakaran di kampung pulo jakarta timur , suami istri tewas",10
c_616de30858b6,"info kebakaran rumah tinggal di jl . mirah kencana , blok . c , no . 49 , kel . grogol utara , kec . kebayoran lama , jakarta selatan | penanganan : damkar , pln , pmi , agd , satpol pp , tagana , polsek , koramil | situasi : proses pemadaman",54
c_a7a3a5f4d8a8,"menemukan kebakaran , kecelakaan , bencana alam , pohon tumbang , tawuran , ormas anarkis , odmk ( orang dengan masalah kejiwaan ) , kdrt , balap liar , begal , jambret , todong , geng motor dan rampas di wilayah dki jakarta hub telp : 112 .",48
c_837cb6707f42,2b . lah emang kebakaran hutan dan lahan di sekitar ibukota baru ketolong ? hilih banget bos .,18
c_04ba29bf5e17,"minggu ( 5/1/2020 ) dini hari terjadi kebakaran besar yang melahap kontrakan di belakang pasar serpong , kec . serpong , tangerang selatan .",24
c_03bec5b2ef10,pdi perjuangan langkat kunjungi dan beri bantuan korban kebakaran di bohorok,11
c_e00d7781ac4a,"semua urusan selesai dgn selfie2an , berfoto di atas kapal perang , di waduk depan beco , tsunami di banten , kebakaran hutan di sumatera , tinju , bermotor , kereta kencana , kerja3 . . . pekok",38
c_af04c541c138,"dilaporkan dari posko pmi kab . tegal kejadian / bencana sbb : kebakaran rumah pada senin , 6 januari 2020 sekira pukul 22 : 0 wib di rt 4 rw 13 komplek griya pondok asri , mejasem barat , kabupaten tegal . penyebab nya dugaan sementara karena konsleting listrik .",50
c_652d85554fe9,mobil pemadam kebakaran canggih ini hanya ada di surabaya,9
c_0c61b30dc6e1,"( 7/1 ) pkl 2.45 wita . kebakaran di kawasan kupang , rantau , kab . tapin , kalsel .",20
c_7309897ffdd2,video - kebakaran hanguskan empat rumah di krueng barona jaya aceh besar,12
c_d89caf896efc,"sebelumnya nggak terlalu care sama kebakaran di tapi pas tadi ngeliat video nya kek mau nangis . koala sampe dikasi air minum , kangguru badan nya kurus banget . dan hewan lain nya di ungsikan ke tempat aman . kasian . habitat mereka rusak .",45
c_c8a0df2f69a7,"rabu ( 08/01/2020 ) terima berita 4.45 . kebakaran di kantin smp 211 , kel . srengseng sawah , kec . jagakarsa jakarta selatanm objek kantin sekolah . pengerahan 2 unit . situasi pemadaman selesai 5.15",36
c_ad340e6279ac,"sidorukun gang 2 , rumah kaji dulet kebakaran . sudah di evakuasi dan sumber api berhasil dipadamkan oleh pemadam kebakaran . sumber api masih belum diketahui berasal darimana . terimakasih .",31
c_1e7f245956ae,"update : kebakaran rumah di jl . h . rusini 2 , rt.004/01 , kel . meruya selatan , kec . kembangan , jakarta barat . api sudah padam pukul 2.53 wib . tidak ada korban .",37
c_2cbfb81264fb,psatgas kebakaran hutan danuzoneindonesiap8h ku ku jadi ce bibi jodoh atasi kabut asap di riau lewat,16
c_06ef0f594eff,"negeri ini sdh dilanda banyak bencana , dari kebakaran hutan , banjir , invansi cina di natuna . selain dari itu terungkap kasus2 mega korupsi . entah apalagi yg akan terjadi ? ? ? apa runtuh nya kerajaan katak ? ?",41
c_366b1d48ab43,"kebakaran ruko di makassar menewaskan lima orang . dugaan sementara , kelima korban terjebak api dan asap pekat kebakaran di lantai dua .",23
c_867d53488660,kebakaran di dekat pasar ciplak kuningan . . semoga gak ada korban jiwa . . amin .,17
c_50a9915fa812,"kebakaran besar landa ruko di makassar , 5 orang tewas terbakar lima orang tewas",14
c_36da6fb373c6,pagi ini ada kebakaran ya di jakarta timur ? keliata ada asap mbumbung gedhe dari tol dalkot,17
c_9cebc8e80806,telah terjadi kebakaran sepeda motor di kawasan patung dewa ruci pada dini hari tadi ( 10/1 ) sekitar pukul 1 : 6 wita . belum diketahui detail kronologi kejadian tersebut . info dari wahyuputu_12 . via,36
c_fbbf316e8f76,"update kebakaran di malalayang , alkitab ditemukan masih utuh meski rumah ludes terbakar - tribun manado",16
c_2b749da39e90,saat ini telah terjadi kebakaran di jalan tendean dekat pelabuhan p . raya kuala kapuas .,16
c_f730d63b3269,"dalam sehari , dua kebakaran di makassar , satu keluarga tewas terbakar",12
c_177cba43f037,kebakaran ruko di makassar tewaskan satu keluarga,7
c_76054b7ca689,"gambar ni pulak , oleh stanley forman , nak ceritakan pasal usaha menyelamatkan mangsa kebakaran yang berakhir dengan tragedi . terlihat detik-detik akhir mangsa kemalangan , di mana forman menekankan story di dalam gambar ni .",36
c_0dc610da54c7,"liat mobil yg gmw minggir , udah gila ya pd gamau minggir "" jangankan ambulans deh , pemadam kebakaran aje nih , yang suara sirinenya menggelegar segede gaban , masih banyak di bandung yg kaga ngarti apa arti "" minggir dulu ada yang lebih darurat "" gemes bgt w dah """,51
c_1559fb788d39,satu keluarga di kabupaten gowa sulawesi selatan tewas setelah mengalami musibah kebakaran di kediaman nya .,16
c_7e93f4b429a4,kominitas motor bima bantu korban kebakaran di kalampa -,9
c_8f547c7a1c98,"kebakaran asrama polisi wisma segara di jalan jenderal sudirman , klandasan ilir , balikpapan",14
c_40b1c9cb91f4,"lalu kenapa kalau bapak walikota depok merazia lgbt ? . kok elu yg kebakaran rambut keriting lu . biarkan lah , iti tugas nya dia di kota yy ia pimpin . lu kalau mau dukung lgbt , itu hak lu . . .",43
c_9f01195cfc63,"paska-kunjungan waktu kebakaran hutan di riau , titik api makin banyak juga bu . . .",16
c_1493680522ba,"izin melaporkan : telah terjadi kebakaran bengkel motor di depan pasar mina minanga , sekitar jam 4.3 , sekrang sementara proses pemadaman oleh pemadam kebakaran . . @ ereke , buton utara",32
c_fcc8bc82f717,itu jg tradisi bu risma selalu terjun langsung bila ada sesuatu yg mendesak yg terjd di surabya . banjir macet kebakaran sampah di kali bu risma selalu memantau bahkan kalo perlu beri intruksi kepada ke petugas agar penyelesaian cepat kelar . krn itu tanggung jawab pelayan rakyat .,48
c_ca2a6c3c7de1,bhabinkamtibmas desa gogok darussalam aipda sutiman menjadi narasumber dalam kegiatan sosialisasi pencegahan dan penanggulangan kebakaran hutan dan lahan di kantor desa alai kec . tebingtinggi barat kab . kepulauan meranti .,31
c_b41c11a7ed74,iwo soppeng bantu para korban kebakaran di lamajeko sulsel,9
c_a78e38f84f32,polresta denpasar selidiki kasus kebakaran di mal via,8
c_21f7cb9a932a,"viral , foto selembar al-quran utuh di tengah puing kebakaran rumah di parepare",13
c_b00615f42736,"informasi terjadi kebakaran pukul 2.55 wita , kamis ( 16/1/2020 ) , terjadi kebakaran swalayan bintang lokasi di jalan legian kuta . saat ini sudah tertangani dan sedang pendinginan . info dari lpm",33
c_cce08cfe5cfc,16 jan . supermarket bintang seminyak mengalami kebakaran dini hari tadi . terlihat api sudah mulai di padamkan oleh petugas . untuk kronologi masih menunggu info selanjutnya . . . . .,32
c_057446ffc00b,"kebangun jam 3 krn bunyi sirine mengaung2 & amp peluit . setengah sadar memaksa diri utk bangun , ternyata bintang supermarket kebakaran . . kaget & amp agak shock krn tempat tinggal persis di belakang supermarket , cuma dibatasi dg gang",41
c_a7f97faea65a,"news update pagi : kebakaran besar terjadi di suaka margasatwa giam siak kecil riau ? ? ? kebakaran besar terjadi di kawasan konservasi suaka margasatwa giam siak kecil , bengkalis , provinsi riau , kamis ( 16/1/2020 ) .",39
c_42fe6712a758,"karhutla di riau jerat 9 tersangka perorangan : kebakaran hutan dan lahan ( karhutla ) yang melanda sebagian provinsi riau sepanjang dua pekan pertama 2020 ini telah menjerat sembilan tersangka . kepala bidang humas polda riau kombes pol sunarto di pekanbaru ,",42
c_264ceced2c9a,"kebakaran hebat hanguskan 3 rumah di desa bentak sragen . satu warga terluka bakar , kerugian capai ratusan juta",19
c_53592b3b3b5a,kebakaran hanguskan satu rumah warga di pelosoksukabumi,7
c_e4c53dcd5d78,"kebakaran di kerinci , dua rumahludes",6
c_5dc134ae5053,"senin dinihari 3 : 40 wita 20/01/2020 . kebakaran di jl . pegadaian ( samping mitra plaza ) , banjarmasintengah tengah . menurut informasi yg terbakar gudang kosmetik dan atk . @ banjarmasin",33
c_8b0ee9b95dfc,"video-kebakaran di cimahi rumah di komplek buciper kebakaran , tumpukan buku ludes jadi abu",14
c_f81f724c2390,kebakaran di gondang watumalang wonosobo,5
c_7288b4f4e517,"selasa ( 21/01/2020 ) penanganan kebakaran rumah tinggal di jl . taman biduri 1 rt 5 rw 1 , kel . grogol utara , kec . kebayoran lama , jakarta selatan . dugaan sementara kebakaran disebabkan oleh konsleting listrik .",40
c_d2c614bda5a1,"4.47 : rt : kebakaran rumah tinggal di jl . taman biduri 1 rt . 005/rw . 1 , kel . grogol utara , kec . kebayoran lama jakarta selatan . situasi selesai pemadaman dengan menerjunkan 9 unit mobil damkar .",41
c_0324cb2d9bef,"kebakaran hebat di tarakan kaltara , ratusan rumah dan toko hangus dilalap api",13
c_79375bd14ede,pasukan bomba berjaya memadam kebakaran bangsal memproses kayu persendirian di lorong jalan tunku abdul rahman sibu sekitar jam 10.58 malam tadi . tiada kemalangan jiwa dilaporkan . info dari pusat gerakan operasi bomba sarawak,34
c_0e8fcf6d88d5,kebakaran di daerah sepakat 2 ayani pontianak,7
c_9160051ff383,"di daerah saya kel . bugis kec . samarinda kota , samarinda ada bunyi sirine kalo ada kebakaran . karena sering banget terjadi kebakaran . kalau kebakaran nya dekat bunyi minimal di ulang 3 kali . so far , informatif sih . buat kewaspadaan . tapi gak semua wilayah samarinda ada alarm gini",53
c_dcebea092c30,kebakaran pondok gontor di ponorogo diduga akibat korsletinglistrik,8
c_961ab25ccb6b,"kebakaran rumah di pangandaran , penghuni menderita stroke tewas terpanggang korb",11
c_44d4ebe15576,"salurkan bantuan kemanusiaan anda kepada korban kebakaran di pasar batu , kelurahan sebengkok melalui dinas sosial kota tarakan - - - walikota tetapkan 14 hari masa tanggap darurat bencana tarakan -",31
c_c451f99e5115,camat mandau riki rihardi kunjungi korban kebakaran di kelurahan balik alam,11
c_265a668b2dcc,bijak lah dalam menggunakan media sosial . . karena berkomentar negatif atas kinerja petugas pemadam kebakaran kota tarakan yang telah berjuang memadamkan kebakaran di pasar batu . . mari saling memaafkan dan bersama,33
c_dade8f6defb5,pengurus dpc pdi perjuangan dan fraksi pdi perjuangan dprd kabupaten lebak salurkan bantuan kepada korban kebakaran di warunggunung,18
c_9a133810993e,"rabu ( 22/1 ) telah kebakaran di jl . pademangan barat rt 14 rw 11 , jakarta utara pada malam hari ini . . . via patwalambulansdamkarindonesia _ _ _ _ _ _ _ _ _ _ _ _ _ _ _ _ _ _ _ _ _ _ _ _ _ _ _ _ _ _ _ _ _ _ _ _ _ _ _ _ _ _ _ _ _ _ _ untuk informasi kejadian",77
c_1d72792c4540,terjadi kebakaran gardu listrik di jl tukad balian sebelah selatan smk kerta wisata denpasar kemarin malam kamis ( 23/1 ) . api sudah berhasil dipadamkan oleh damkar . info dari bpbd_kota_denpasar prathama35,32
c_5c4d21d482fa,"kebakaran di perbatasan sibolga-tapteng , stit musiberduka",7
c_716ef17d7b43,ini data korban kebakaran di perbatasansibolga-tapteng,6
c_10b58437936c,"up date kebakaran di sibolga : 24 rumah terbakar , kerugian ratusan juta , ini daftar warga yang rumahnyaterbakar",19
c_98c7a7b89227,"kalau dibandingkan dengn penegakan hukum terhadap korporasi tahun 2015 polda riau menerbitkan sp3 terhadap 15 korporasi yng diduga terlibat kebakaran hutan dan lahan . ini jelas mencederai rasa keadilan di masyarakat , hukum tajam kebwah dan tumpul keatas .",39
c_26ed2726a58f,telah terjadi kebakaran di pasar binuang kab . tapin,9
c_f1519f93f4a8,sekedar info saat ini terjadi kebakaran di pasar binuang kab . tapin .,13
c_bef4e6bade52,"hai teknopren . . . pada 23 januari 2020 dr . marina dan hartanto menghadiri diskusi telaah sistem peringkat bahaya kebakaran gambut di balitbang dan inovasi klhk , kota bogor . pertemuan ini dihadiri oleh pemangku",36
c_5d5f128751ae,"bupati kerahkan kekuatan penuh bantu 29 warga tapanulitengah korban kebakaran di sibolga , ini datakorban",15
c_479566bbe46a,kapolsek beserta anggota cek tkp kebakaran ruko di samping smk pgri 2 cianjur,13
c_8795e74416c4,"sebelumnya , diketahui kobe bryant dan gigi akan menghadiri sesi pelatihan di akademi dan kobe akan ikut memberikan pelatihan . namun , helikopter yang mereka tumpangi mengalami kebakaran dan sempat berputar-putar di langit . .",35
c_805cdcae43ea,"saya ingat saat itu saya di atas kapan menuju pelabuhan merak dan mamah saya berkata itu , nak , sabar-sabur kebakaran.""dan orang-orang tua di kapal asyik menonton tv . saya ? lari-lari di atas kapal . sarapan yang menggugah kembali ingatan dari 5.45 """,44
c_6ca19eec5a6f,"sepasang suami istri tewas mengenaskan dalam kebakaran rumah di jalan cokroaminoto , kecamatan lubuk pakam , kabupaten deli serdang , sumatera utara , minggu ( 26/1 ) . kedua korban bernama bunkin , 64 , dan hanna alias popo , 60 .",42
c_d30f6076e293,kebakaran di aceh jaya hanya lahan masyarakat yang tidak produktif,10
c_547966ec81aa,"rabu 29 jan 2020 | kebakaran gudang cat di jl . daan mogot , kel . wijaya kusuma , kec . grogol petamburan , jakarta barat | penanganan : 8 unit mobil damkar . . . info rafa_andreas17 . .",40
c_8ad0fdda7c37,kebakaran lahan di lhok kruet aceh jaya,7
c_dd01017d0804,"rabu ( 29/01/2020 ) terjadi kebakaran pd kabel listrik di jl . pengadegan timur 2 rt 006/002 no . 28 , kel . pengadegan , kec . pancoran jakarta selatan . terima berita pkl . 18.5 . unit tiba 18.55 . penanganan selesai pkl . 19.1 .",47
c_71af91e20a87,"sempet liat di timeline fb / twitter soal demo pemadam kebakaran di paris kemarin . demo nya di place de la republique , dekat banget dengan tempat tinggal ku . dan kebetulan sempat liat dan ambil rekaman ini . tapi ini pas belum rusuh banget . belum ada adegan berantem sama polisi .",53
c_797312ce0d88,"kebakaran rumah , satu keluarga di sekadau tewas terpanggang",9
c_249a491ace18,"bener mas belum lepas ingatan dari kebakaran lahan di ijen kemarin , ini dampak orang2 yg memperkaya diri sendiri . saya asli ijen",23
c_c0f85a300d68,tiga kebakaran di samarinda jelang pergantian tahun - koran kaltim,10
c_dffd31347ccd,"tren kebakaran di samarinda meningkat tajam , sampai 508 kejadian - idn times kalimantan timur",15
c_3b384a21be6c,"kebakaran di pasar batu kota tarakan , lazisnu salurkan bantuan",10
c_e53f8788f29c,"loyalitas pmk dari berbagai instansi saat proses pemadaman kebakaran di jl . tarmidi , samarinda",15
c_43a631e81a40,"siswa belajar memadamkan api saat simulasi bencana kebakaran bersama petugas pemadam kebakaran ( damkar ) kota solo di sd muhammadiyah 1 ketelan surakarta , jumat ( 31/1/2020 ) . acara tersebut untuk menambah wawasan",34
c_0958e89e5794,kebakaran hotel di banda aceh,5
c_5f2d49864f77,"kebakaran lagi , 160 jiwa kehilangan tempat tinggal di samarinda - halo kaltim",13
c_a1ce8d493d59,"minggu , 2 pebruari 2020 _ skj : 3 : 35 wita . telah terjadi kebakaran/10.1.1 . * tkm * di jl surapati . desa banua jingah . * rt * . 8 * rw * 0.03 * gang gula habang * * kec * barabai . * kab hulu",50
c_90141e68e61f,kapolsek gantarang kunjungi warga korban kebakaran di bulukumba,8
c_a71568d1264a,"kebakaran hebat kandang ayam di purwosari pati , 3 ayam siap panen ludes terpanggang",14
c_75c2b8f8b375,"jd inget waktu itu nobar nonton film korea the tower , awalny tmen gw bilang ah aku mah males nonton korea bikin baper "" terus pas nonton pas ledakan kebakaran di film pd teriak tmen gw komen "" baca doa , bukannya teriak , ah dasar gk punya agama "" heol film cuy itu film . . """,58
c_530ed211293b,"api kudus - setelah bertahun-tahun mengalami kekeringan , kebakaran hutan di california selatan membuat sebagian warga merasa kejadian tersebut merupakan perbuatan allah . . . .",26
c_433794b8db72,2 feb | terjadi kebakaran pada sebuah bangunan di kawasan jl . by pass ngurah rai tepat nya di belakang mcd simpang siur dan krisna oleh-oleh . belum diketahui detail kronologi dari kejadian tersebut . info dari,37
c_5d9a640690c9,"breakingnews ! kebakaran di belakang krisna oleh-oleh jl by pass ngurah rai , badung , minggu ( 2/1/2020 ) malam ini . . info dari adiyuda7 via . . .",30
c_410a363504ab,rt : terjadi kebakaran di belakang archiles radial tepat area di jalan raya sebelum lampu merah pamulang,17
c_67424c8280a9,"4.11 : rt : kebakaran di belakang achiles radial tepat area di jalan raya sebelum lampu merah pamulang - parung , sudah ada mobil damkar , apabila kendaraan melintas harap berhati-hati . lebih awal aktifitas pagi sebelum macet terjadi .",40
c_be7b0bf2c1bc,"terjadi kebakaran di ruko furniture sebelah sentra otomotif pondok cabe , tangerang selatan . mohon bantuan petugas",17
c_06671af7f9a0,"kebakaran di tolitoli , kapolres tolitoli : "" kami belum bisa simpulkan penyebab terjadi nya kebakaran "" lewat",18
c_fbc70586288f,"aparat kepolisian resor kota ( polresta ) barelang masih melakukan penyelidikan terkait penyebab kebakaran kios seken sengkuang , batu ampar pada , jumat ( 31/1/2020 ) lalu . masih dalam penyelidikan di laboratorium """,34
c_777ce5b4c05f,polsek sumbermalang dampingi wakil bupati situbondo memberikan bantuan korban kebakaran di desa tlogosari,13
c_e0fdc9144101,"baolan , kabupaten tolitoli , sulawesi tengah , terbakar , minggu ( 2/2/2020 ) . kebakaran di permukiman yang ditinggali buruh pelabuhan itu terjadi sekitar pukul 22.3 wita . kebakaran juga menyebabkan satu orang tewas .",36
c_e26e69c145e3,kaban atr / bpn tolitoli : bekas lokasi kebakaran di sidoarjo perlu di tatakembali,14
c_f5eaf707a77a,"selasa , 4 februari 2020 pukul 18.00wib , terjadi kebakaran bangunan semi permanen di jl . puri anjasmoro blok m/1 , kel . tawangsari , kec . semaraang barat . belum diketahui pasti penyebab terjadi nya kebakaran . korban jiwa : nihil pengerahan unit : 1 unit armada",48
c_6e6366ef72ee,"2.23 : rt : kebakaran rumah tinggal di jl . gombol raya , rt . 7 , rw . 13 , kel . kalideres , kec . kalideres , jakarta barat ( revisi ) . situasi saat ini sudah dinyatakan padam .",42
c_924213437322,"1.39 : rt : kebakaran di jl . rawa lele rt 10 / rw 13 , kel . kalideres , kec . kalideres , jakarta barat . saat ini dalam proses pemadaman 12 unit dpk .",36
c_b1b2fea52f7d,"kebakaran hebat hanguskan 2 bengkel dan 1 rumah di plumbungan sragen . tujuh sepeda motor ikut terpanggang , kerugian ratusan juta rupiah",22
c_5ca05c9ed462,"atau bikin ending diskusi jd kayak kereta thomas n friends . . panjanggg gak abis abis n merembet kayak kebakaran hutan . . . didiemin salah , di bahas di asumsiin disalahkan , dibuat salah . . . bukan soal antara saya salah n anda benar atau sebaliknya . . .",51
c_6559cdfb353d,"halo sahabat donatur , minggu , 2 februari malam kemarin kita mendapati kabar duka bahwa terjadi kebakaran besar di kelurahan sidoarjo , kecamatan baolan , tolitoli sulawesi tengah . korban membutuhkan sahabat sekali",33
c_281a82f80ee9,"tiga spot kebakaran hutan di kawasan antara bukit bendera dan kek lok si , george town , pulau pinang membabitkan lebih enam hektar yang terbakar sejak selasa berjaya dikawal dan dipadam . - penolong pengarah operasi jbpm pulau pinang mohd hafiz hafizal timaradin",43
c_3021dc05c60b,"tidak ada korban jiwa dalam kebakaran tersebut , diduga akibat konsleting listrik : dua unit rumah kontrakan di desa reuleut , kota juang , bireuen , ludes terbakar . musibah kebakaran tersebut terjadi pada rabu ( 5/2/2020 ) sekitar . . .",42
c_8849e28c2471,kebakaran lahan masih terjadi di penajam paserutara,7
c_0649b4dc064d,"news update pagi : kebakaran di jalan kebon jeruk , puluhan rumah semi permanen hangus ? ? ? kebakaran melanda permukiman warga di jalan kebon jeruk iv , rt 4 rw 6 , taman sari , jakarta barat , kamis ( 6/2/2020 )",43
c_4164a1c22224,"kamis ( 06/02/2020 ) terjadi kebakaran rumah tinggal pd pkl . 20.21 di jl . kebon jeruk iv rt 04/06 kel . maphar , kec . taman sari jakarta barat . pengerahan 29 unit . situasi pendinginan pkl . 22.15 dan selesai penanganan pkl . 1.3 dini hari .",49
c_94c5ac34a889,bupati bima bantu korban kebakaran di tolowata -,8
c_b5863e629889,"bismillah ahad malam ( 2/2/2020 ) , sekitar pukul 22.3 wita , kebakaran hebat terjadi di kawasan padat penduduk di jalan bubara dan lumba-lumba , kelurahan sidoarjo , kecamatan baolan , kabupaten tolitoli , sulawesi tengah .",37
c_e5c9ec36ba69,"| | antusias warga bantu korban kebakaran di tolitoli , bantuan tak henti berdatangan | | tolitoli hingga hari ketiga pasca kebakaran massal yang terjadi di kel . sidoarjo kec . baolan kota tolitoli ,",35
c_a5c42104db29,"kebakaran di sman 8 merangin dini hari ini , semoga semua warga sekolah diberi ketabahan . . . .",19
c_05850c127b35,"dulu pernah nyambut cuan pas kebakaran hutan di riau atau kalimantan gitu , iseng masang thread jualan masker grafiti di kaskus . cuan bossss : ) )",27
c_df69a05b7f56,"kebakaran di samarinda hanguskan sepuluh bangunan , dua orang terluka - idn times kalimantan timur",15
c_531810732b0e,"rumah semi permanen yang hangus akibat kebakaran di taman sari , jakarta barat , bertambah jadi 50 rumah .",19
c_a7a5b2cb34e6,kebakaran gudang serbuk kayu pabrik cv mitra warna prima jl . tegal mapan no 56 pakis pukul 18.02 wib . . . 2 damkar kab . malang di lokasi dan api berhasil di padamkan . . .,37
c_23930532a8b5,"kembali ke kejadian kebakaran di rumah nyi kemala , saat api mulai padam , baru lah warga berani masuk ke dalam rumah itu , benar2 luluh lantah , seperti tak ada yg tersisa . . warga pun mulai mencari di setiap sudut dimana nyi kemala ,",46
c_4242ffda6203,"waktu itu sim gue cewenya kebakaran di dapur terus mati dan gentayangan awowkwok , pernah lagi kucing sim gue ilang dan lamaaa balik nya , terus anak gue ilang gk balik balik lagi : ( (",36
c_413c03691649,6.28 : rt : minggu ( 9/1 ) terjadi kebakaran di daerah jatinegara jakarta timur pada pagi hari ini .,20
c_303b5f4121e8,"ada ibu2 hamil / kebakaran di suatu tempat yang butuhin jalan tsb , dan harus muter balik karna jalan nya udah di tutup pake panggung dan sebagainya , akhirnya ibu2 itu melahirkan di jalan dan bayi nya gak selamat karna kurang memadai alat persalinan atau orang yg rumah nya kebakaran",50
c_ee6b35835818,"kku gali strategi jitu tangani karhutla agar tak terulang : iniborneo , jakarta kayong utara mempersiapkan strategi untuk antisipasi kebakaran hutan dan lahan tahun ini . pencegahan ini harusnya di persiapkan sedini mungkin . "" kita diharuskan memiliki",38
c_08ce9c6574e7,"acehkini : rt : sebagian titik api telah padam , penyebab kebakaran hutan di aceh tenggara ini masih belum diketahui .",21
c_3c238e08d4f5,sabtu ( 08/02/2020 ) giat sosialisasi penanggulangan kebakaran di jl . wijaya timur rt 6 rw 3 jakarta selatan .,20
c_12b8500c6b2d,acarah bakar batu dalam rangka kebakaran kantor bupati kabupaten jayawi jaya di wamena papua,14
c_c41d9e55442c,"sebuah rumah panjang rh dingon ak megong 22 pintu musnah dalam kebakaran di km45 jalan oya , sibu kira-kira 3.26 pagi tadi . jumlah mangsa yang terlibat masih belum dikenalpasti . maklumat lanjut menyusul . video : orang awam",39
c_7e6105f6cb4e,"pagi2 dah d bikin spot jantung , teriak2 kebakaran di warung nasi padang deket rumah . . . untung tabung pemadam yg kecil masih bagus , jd cepet padam ga merembet .",32
c_a60056a63919,wali kota banda aceh antar dan serahkan bantuan masa panik untuk korban kebakaran di gampong keuramat,16
c_b6a865672cf1,"selasa , 11 februari 2020 terima berita : 4.2 wib kebakaran rumah tinggal jl . rancabentang 1 no . 33a kel . ciumbuleuit kec . cidadap bandung pelapor bpk budi - sop sudah dilaksanakan - sudah di koordinasikan dengan upt utara info : emergency call 113 dinas kebakaran",48
c_54fa7ab65822,"5.51 rt : bandung , ( 11/2/2020 ) - terjadi kebakaran rumah pada pukul 4.2 wib di jl . rancabentang 1 no 33a saat ini sedang dalam penanganan petugas",29
c_03ce87a6639c,"kami mengimbau masyarakat agar tidak membuka lahan atau kebun dengan cara membakar . sebab bisa menimbulkan terjadi nya kebakaran hutan dan berpotensi terjadi nya kabut asap di aceh . "" """,31
c_8710acfa0054,"regu pemadam kebakaran bpbd kota denpasar , memadamkan kebakaran rumah dan toko di jalan pantai sindu , sanur denpasar selatan yang terjadi selasa , 11 februari 2020 , pukul 4 : 0 wita . luas tanah : 2,5 hektare luas toko :",42
c_c3dcd38a4fb7,"hari / tangal : selasa , 11 februari 2020 jam : 4 : 0 wita info : relawan barnet kejadian : kebakaran rumah dan toko di jalan pantai sindu , sanur denpasar selatan tindak lanjut : berkoordinasi dengan pos induk bpbd",41
c_a62609be2bde,"insiden bencana kebakaran kembali terjadi di sultra , gedung dpm ptsp dilalap si jago merah -",16
c_1d57481557c7,polisi ungkap dugaan penyebab kebakaran lanting di kawasan dermaga sungai durian sintang,12
c_2af78e3b94a1,"kebakaran di barebbo bone , 3 armada damkar dikerahkan",9
c_c0854765be24,"bangun2 dpt kabar buruk , rumah temen kebakaran , setengah rumah nya habis kebakar . blm jelas kronologi nya gmn . tp pak suami kena luka bakar di muka dan kaki tangan . alhamdulillah anak2nya aman , terselamatkan .",39
c_02e59db97a18,hati2 kebakaran . kompor nya belum di matiin,8
c_7184bb78ed8f,3.23 kebakaran di samarinda seberang pasar lama,7
c_7aa91165dd24,"telewicara dengan kasubag publikasi humas ditjen pas rika aprianti terkait kondisi terkini pasca kerusuhan serta kebakaran di rutan kabanjahe , karo , sumatera utara . yuk dengarkan di pro 3 rri",31
c_83b0391e8100,"gubernur riau syamsuar . official melakukan pemaparan terkait kebakaran hutan dan lahan ( karhutla ) di provinsi riau dihadapan panglima tni dan kepala polisi republik indonesia ( kapolri ) yang dilaksanakan di posko karhutla lanud roesmin nurjadin pekanbaru , rabu ( 12/2/2020 )",43
c_68196e50fa08,"untuk upaya pencegahan kebakaran hutan dan lahan ( karhutla ) tahun 2020 di kabupaten ogan ilir , kapolres ogan ilir akbp imam tarmudi , s . ik . m . h . , terus menghimbau dan mensosialisasikan upaya pencegahan karhutla tahun",41
c_6b3dbf64b1c8,korsleting kipas angin picu kebakaran hotel di pati,8
c_e76ef4fb1d85,"kebakaran terjadi di tulungagung , jawa timur ( jatim ) jumat ( 14/2/2020 ) pagi sekitar jam 5 wib . akibat nya , seorang nenek tewas akibat luka bakar serius .",31
c_588557e64add,"menghapus amdal itu sama aja sengaja mau bruntal mengekploitasi alam , apa kabar banjir / longsor & amp polusi . belum kebakaran hutan & amp bencana lain nya . tapi kalau menurut gw , di kawal ketat aja hingga tuntas . karena draft nya juga belum di serahkan pemerintah ke dpr .",52
c_8c94dd9df44c,kebakaran landa gedung pabrik kosmetik di cikembarsukabumi,7
c_f63a05bccd25,"kuningan-kebakaran hebat melanda tempat usaha panglong milik hj enijah ( 50 ) di desa sukarasa , kecamatan darma , hingga menyebabkan kerugian materil mencapai rp 250 juta , sabtu ( 16/11 ) pagi . berdasarkan informasi dihimpun , musibah . . .",42
c_33694b3a2903,"kuningan - dalam sehari , sabtu ( 16/11 ) , petugas damkar kabupaten kuningan disibukkan dengan peristiwa kebakaran di tiga lokasi berbeda . masing-masing musibah kebakaran itu menimpa rumah semi permanen , panglong , dan lahan kosong . lokasi . . .",42
c_3609531c6515,alfa syahputra : penanganan kasus kebakaran yang melanda pemukiman masyarakat di kabupaten rokan hulu dinilai masih terkesan lambat . kita berharap pemkab rohul dapat menyediakan mobil damkar di setiap kecamatan .,31
c_b98ac0094a48,pemkab dan mpc pp majene serahkan bantuan kepada korban kebakaran di pamboang :,13
c_5796e6090827,ratusan korban kebakaran di asmat papua ditampung di 3 lokasi - -,12
c_07333c2a207a,foto : flying fox pemadam kebakaran makassar di cfd boulevard,10
c_d68b90c5cd9e,"di sisi lain , yang terus terjerat hukum dan dikambinghitamkan dalam kebakaran hutan adalah para peladang tradisional seperti di kalimantan barat ini . cek kasus-kasus seperti ini di",28
c_4aa2e55f7bff,kebakaran lahan kembali terjadi di kabupatenbintan,6
c_accbeb598cf7,ketua tp pkk asahan salurkan bantuan kepada korban kebakaran di kecamatan pulau rakyat,13
c_d347451c3d56,bupati kunjungi korban kebakaran di melayu tengah,7
c_620b7029c205,"sehari , dua kebakaran lahan terjadi di kabupatenbintan",8
c_057fcb5afffd,"kebakaran di toraja utara : 6 rumah , 1 mobil , uang rp 300 juta hangus : kebakaran melanda",19
c_6a87cbdf95d2,"6 terjadi kebakaran di gudang textil jalan cideng timur no . 85 kel . petojo selatan , gambir jakarta barat , saat ini masih penanganan petugas .",27
c_e6f258f1d477,"rabu ( 19/02/2020 ) kebakaran ruko gudang textile di jalan cideng timur , no . 85 rt.006/004 petojo selatan , gambir jakarta pusat situasi terakhir api berhasil diluasai tinggal pendinginan terima berita dari masyarakat",34
c_ede99ce1b6cb,"info damkar jakarta pusat , bpk hasanudin : kebakaran ruko di jalan cideng timur nomor 85 , rt 06/04 , gambir , jakpus . sudah 14 unit mobil damkar dikerahkan ke lokasi , dalam proses pemadaman .",37
c_6b631bf4790a,"5.23 : rt : kebakaran ruko di cideng arah tanah abang setelah tl cideng sebelum fly over , sudah dalam penanganan petugas damkar .",24
c_26a133a61d6a,rabu ( 19/02/2020 ) terjadi kebakaran ruko ( bahan textile ) pada pkl . 4.37 di jl . cideng timur no . 78 kelurahan petojo selatan ( titik kenal gedung cideng bank panin ) tanah abang 4 jakarta pusat . pengerahan 15 unit . situasi dalam penanganan .,48
c_fa0e223c6ce4,"rabu ( 19/02/2020 ) terjadi kebakaran ruko ( toko alat pancing ) pkl . 0 di jl . pada mulya ( titik kenal lampu merah jembatan dua ) rt 03/09 jakarta barat . pengerahan 6 unit . sudah berhasil di tanganin oleh petugas , selesai pd pkl . 0.3 .",50
c_a654d9b8260a,"yth kalaksa bpbd tuban drs . yudi irwanto , m . m selamat malam , mohon izin melaporkan kejadian kebakaran bangunan kantor * koramil lama * di desa mandirejo kecamatan merakurak kabupaten tuban pada hari selasa tgl 18",38
c_991adb97c827,"ybm pln beri santunan korban kebakaran di desa pinang sebatang , perawang",12
c_b83b3d3d5acf,"kebakaran hutan dan lahan ( karhutla ) kembali terjadi di komplek town house alyna , tiban gor , batam , rabu ( 19/2/2020 ) sore . . . kebakaran tersebut diduga akibat puntung rokok yang dibuang sembarangan di area sekitar",40
c_b1c130d192c2,"kebakaran kembali berkobar hebat di anjir km 18 , kab . batola",12
c_2a519f87ed1b,"situasi kebakaran di pasaraya blok a , kota padang pada jumat ( 21/2 ) dinihari . saat ini kurang lebih sudah ada 4 mobil pemadam kebakaran yang sudah tiba di lokasi , penyebab terjadi nya kebakaran belum diketahui , api masih berusaha dipadamkan . kontributor : harry_alqadri",47
c_70e36f1a26de,"jumat ( 21/2 ) dinihari , terjadi kebakaran di pasaraya blok a , kota padang . tepat nya di dekat pintu belakang spr plaza . penyebab kebakaran belum diketahui , saat ini api masih berusaha dipadamkan . kontributor : azizabdr ( via ig )",44
c_2abf4309d21a,"tak ada korban jiwa dalam kebakaran di kampus usu bpbd kota medan , sumatera utara",15
c_26f3e750e397,"kebakaran trafo pln di jalan brigjend sudiarto salatiga , rabu 19 feb 2020",13
c_52ab695d27f4,tiga beranak rentung dalam kebakaran di batu sapi,8
c_0d0437801e3b,"jumat ( 21/02/2020 ) giat penanggulangan kebakaran di jl . persahabatan rt 02/04 kelurahan cipedak , kecamatan jagakarsa jakarta selatan . giat di mulai pkl . 20 s / d selesai .",32
c_6ddaacc8e5e1,"jumat ( 21/02/2020 ) giat penanggulangan kebakaran kpd anggota pkk , jumantik dan dasawisma di rw 1 bersama dengan tim kelurahan kedaung kali angke , jakarta barat .",28
c_8d91de8beff9,"sijago merah mengamuk bakar kompleks pertokoan bobotsari purbalingga purbalingga__kompleks pertokoan di sekitar kecamatan bobotsari alami kebakaran hebat , lebih tepat nya di perempatan bobotsari atau timur mapolsek",27
c_ca6c40b8f96c,kebakaran besar terjadi di komplek pertokoan di kecamatan bobotsari purbalingga tepat nya di utara terminal bus bobotsari menurut kabar terjadi sore tadi pd saat ada petir yg menyambar dan merembet .,31
c_9c13f5185df5,purbalingga menerjunkan personil dan 1 unit ambulans pada kebakaran toko di kecamatan bobotsari yang terjadi pada 21/2/2020 sekitar pukul 17 : 0 . api dapat di padamkan pukul 21 : 30 wib,32
c_e43d408d6679,pemerintah aceh salurkan bantuan untuk korban kebakaran di singkil -,10
c_09b2f20306b3,damkar banda aceh : kebakaran rumah di gampong paseu beutong kabupaten aceh besar,13
c_b45e53227825,telah terjadi kebakaran di pekapuran 5 banjarmasin,7
c_d585395b3e5d,"( 24/2 ) pkl 7 wita . kebakaran di kawasan jembatan . 5 , jl . pekapuran , banjarmasin , kalsel .",22
c_6e26db56fe50,kebakaran di pasar sentral kabupaten sinjai,6
c_dac5c9420cab,ini lah korban kebakaran di pasar sentralsinjai,7
c_a31290d51563,"kebakaran hutan dan lahan ( karhutla ) di jalan nelayan , kelurahan sri meranti , kecamatan rumbai , pekanbaru , riau , berhasil dipadamkan tim gabungan .",27
c_e12cd3b331ae,mugo2 seng nge-prank dikei seger waras ! nggak dadi korban kebakaran mergo petugas telat teko gara2 di prank karo uwong,20
c_64a642262c65,amerika siap bantu penanganan kebakaran hutan di ogan komering ilir,10
c_72af8cda97da,pantesan senior ku update tentang mie gentong : ( ( tau2 kemarin kebakaran gatau kenapa sedih padahal gak tinggal di malang lagi,22
c_ce78468ff735,kebakaran 1 ( satu ) unit rumah semi permanen di gampong paya palas kecamatan rantau peureulak kabupaten aceh timur infoacehtimur - telah terjadi musibah kebakaran satu unit rumah semi permanen pada pukul 19.4 wib,34
c_ca928f0905cd,mungkin kalo ada kebakaran nunggu sampe gede dulu api nya dan banyak warga yg mendekat baru di atasi . mau berlagak jadi super hero dia,25
c_3965123534e4,laporan kebakaran di jalan moh toha no . 56 ( pabrik tekstil ) . sudah ditangani damkar kabupaten bandung .,20
c_990d46c04716,terbangun karena banyak yang teriak kebakaran . pabrik u * * * * * * * r di kabupaten bandung terbakar dan merembet ke pabrik disamping nya . hingga saat ini sudah empat mobil damkar . semoga lekas padam . aamin .,42
c_64e4335a972b,"* dalam kunkernya di tolitoli , sekdaprov sulteng kunjungi pengungsi kebakaran * setelah tiba di bandar udara sultan bantilan tolitoli , sekretaris daerah provinsi sulawesi tengah drs . hidayat lamakarate , langsung",32
c_a326f4c0248e,"hari rabu 26 februari 2020 pukul 11 wib , polres payakumbuh melaksanakan focus grup discussion ( fgd ) penanggulangan kebakaran hutan dan bencana alam di wilayah hukum polres payakumbuh bersama pemerintah kab . 50 kota",35
c_e0fb5db5c8a5,"hindari kebakaran , kodim 0203/langkat terima sosialisasi penanggulangan kebocoran gas di lapangan makodim",13
c_1f2f53423419,"tim dan tim pemadam kebakaran dan penyelamatan dari seluruh indonesia sudah registrasi nih , siap untuk mengikuti lomba skill competition , datang ya , 28 dan 29 pebruari 2020 , di stadion sultan agung , bantul , diy .",39
c_c11bfaff8ad8,kebakaran hanguskan rumah dan warung kopi di padang bolak,9
c_08a5f16f8593,"news update pagi : kebakaran di permukiman eks lokalisasi di jambi , 17 rumah hangus dilalap api ? ? ? kebakaran melanda kawasan permukiman padat penduduk di bekas lokalisasi payo sigadung atau pucuk , kota jambi ,",37
c_1b666b9f8eca,terimakasih buat bapak damkar yogyakarta yg tadi subuh sekitar jam 4 berhasil memadamkan kebakaran di sebelah kosku semangat bapak-bapak foto diambil dan diedit oleh teman kos handrean,27
c_1b94f2dd4776,"kebakaran di stasiun kereta ' gare de lyon ' paris . api sengaja dibuat oleh pendemonstrasi yg menolak penyanyi dari congo , mengadakan konser malam ini .",27
c_9025fdbd4e18,"sabtu , <PHONE> ibu lurah menghadiri sosialisasi penanganan kebakaran & amp bencana dengan narasumber dari diskar pb kota bandung bertempat di lapang komplek mandala rw 11 .",27
c_9accf6d10dea,kebakaran rumah di jalan sungai lariang palu tewaskan satu orang,10
c_ba7683cafcd2,kebakaran berlaku di kawasan industri pasir gudang . . please takce care guys . kemungkinan kilang yang berkimia . terkejut time sebelum nak subuh pagi ni . allahuuu,28
c_d5b0fd1101f2,"bimtek ( bimbingan teknis ) kesiapsiagaan bencana bersama pemadam kebakaran kota bandung ( damkar ) , sabtu 29 februari 2020 pukul 9 - selesai di lapangan komplek mandala ( alun-alun sebelas ) . .",34
c_708d31df71fd,kebakaran rumah di grobogan butuh 3 mobil pmk,8
c_7ff986659fcd,seorang lansia tewas akibat kebakaran di jalan sungai lariang palu,10
c_f5f8bf34e805,polisi selidiki kebakaran tambang minyak ilegal di batanghari,8
c_d940087b8928,kronologi kebakaran di hotel bali beach kebakaran di grand inna bali beach terjadi pada minggu ( 1/3/2020 ) sekira pukul 18.3 wita .,23
c_fd8d5c13d551,"kodim 0709/kebumen - babinsa desa tambaksari koramil 19/kuwarasan serda teguh raharjo ikut berpartisipasi dalam kegiatan sosialisasi dan simulasi bahaya kebakaran kepada ibu ibu pkk diwilayah nya di halaman balai desa tambaksari kec . ku warasan kab . kebumen , minggu ( 01/03/2020 ) .",44
c_023997f1b46f,"jd tbtb ada yg kebakaran semua panik , trs aku berinisiatif telfon damkar tp malah damkar yg di sukabumi untung api nya udh mati",24
c_f6ee9d74db05,seekor ular piton sepanjang 4 meter terbakar bersama 12 telur nya saat kebakaran melanda lahan gambut di pekanbaru .,19
c_eda801ccf1fe,mendagri prof muhammad tito karnavian pakai baju seragam pemadam kebakaran dankar puncak hut ke 100 di stadion agung yogyakarta,19
c_83d87efda0d1,suasana pagi ini pasca kebakaran di belakang pasar baru tuban aktivitas pedagang masih berjalan seperti biasanya . selalu support ig kami dengan follow hastag kami,25
c_cfc395e2952c,pray for pasar baru semoga tak ada korban dalam kebakaran di pasar baru tuban,14
c_dc85ad9c9b62,"kebakaran di pasar baru tuban . bantu doa nya teman semoga api cepat padam . karna damkar susah mencari titik api dikarenakan berada di tengah "" pasar . dan para korban yg memiliki kios "" diberikan ketabahan & amp keikhlasan karna kejadian ini . aminn """,46
c_b97112087f54,hari-hari pertama di bulan maret 2020 : 1 . konfirmasi 2 kasus covid-2019 2 . merapi kembali menyemburkan isi nya 3 . kebakaran besar di pasar baru tuban 4 . . . . . .,35
c_684b95344ade,"5.36 : rt : kebakaran ruko di jl . bendungan hilir no . 31a , rt 010/rw 1 , kel . bendungan hilir , kec . tanah abang , jakarta pusat . situasi dalam proses pemadaman dengan menerjunkan 11 unit mobil damkar .",43
c_55607b60673b,siaga di bintang lestari dalam rangka mengantisipasi kebakaran hutan dan lahan ( karhutla ) . tujuan dari pendirian posko ini tak lain adalah untuk mempercepat respon penanganan karhutla yang rawan terjadi di kawasan,33
c_0c90ef4def72,"kebakaran terjadi di kantor dinas perhubungan provinsi jawa timur , jalan ahmad yani , surabaya , rabu ( 4/3/2020 ) malam . kepala bidang lalu lintas jalandishubjatim , muhammad isa anshori menjelaskan kebakaran yang",34
c_a3913643d649,saat ini terjadi kebakaran di gedung graha dika jalan benhil 4 jakarta pusat . mohon tindakan dari pihak terkait,19
c_35c7c4627da3,"kantor dishub jatim terbakar malam ini , kabid lalu lintas jalan ungkap ruangan yang terbakar : kebakaran terjadi di kantor dinas perhubungan provinsi jawa timur , jalan ahmad yani , surabaya , rabu ( 4/3/2020 ) malam .",38
c_2979d7dca12b,"rabu ( 04/03/2020 ) terjadi kebakaran pd satu rumah gardu listrik pln pkl . 16:00:00 di jl . bambu ampel , komplek paminda rawa bambu rt 05/06 pasar minggu jakarta selatan . pengerahan 2 unit . selesai penanganan 16.45 .",40
c_234676eaf93c,"kebakaran pasar baru dan banjir di tuban , normatif nya pewartaan media massa",13
c_0767e3a729e4,rabu ( 04/03/2020 ) giat sosialisasi penanggulangan kebakaran pd anggota jumantik rw 4 di kapuk muara jakarta utara .,19
c_86ed15cfa1c3,rabu ( 04/03/2020 ) giat sosialisasi penanggulangan kebakaran dan pengenalan profesi pd siswa / i serta wali murid paud hikmatul barokah jakarta utara yang dilakukan di sektor v asahimas jakarta utara .,32
c_3cca248ba0a9,choi yoojung weki meki berbagi cerita mendebarkan saat terjadi kebakaran di asrama,12
c_1bc5518fec1c,sabtu 7 maret 2020 sekitar pukul 5 wita terjadi kebakaran di pasar cemara banjarmasin .,15
c_2d4ea77d046d,korban kebakaran di makale dapat bantuan dari bhayangkari cabang tana toraja,11
c_4a3f5861c415,kebakaran di kelurahan payobadar . rt ii rw ii kec . payakumbuh timur . diketahui pemilik rumah merupakan pensiunan guru atas nama safnimar ( 80 tahun ) uda asep via grup wa karang taruna kota,35
c_2729c52ba4aa,bhayangkari cabang tana toraja salurkan bantuan sosial kepada korban musibah kebakaran di makale,13
c_94d67d789c06,jumat ( 06/03/2020 ) giat sosialisasi penanggulangan kebakaran pd peserta arisan di lingkungan rw 10 kelurahan pejaten timur jakarta selatan .,21
c_bbd6a9d3a432,"jumat ( 06/03/2020 ) terjadi kebakaran pd tumpukan sampah pkl . 20.16 di jl . alteri gading pelangi , kel . pegangsaan dua , kec . kelapa gading jakarta utara . pengerahan 3 unit . unit tiba pkl . 20.25 . selesai penanganan pkl . 21.2 .",47
c_344f13fc5fa4,"4.54 : petugas sudin pemadam kebakaran jakarta barat : kebakaran rumah di jl . kedoya raya no 19 , rt 10 / rw 4 , kebon jeruk , jakbar dalam proses pendinginan petugas dengan menerjunkan 9 unit mobil damkar .",40
c_454c0e34e6f7,"kebakaran di <EMPTY> balimo solok , sebuah rumah permanen dilalap sejago merah",12
c_f8f1d936320f,"2.4 : kebakaran rumah tinggal di wilayah karang tengah , kota tangerang , saat ini dalam proses pendinginan petugas dengan menerjunkan 8 unit mobil damkar ke lokasi . ( info : petugas damkar tangerang kota , abdullah )",38
c_15c28d6f1046,"minggu ( 08/03/2020 ) kegiatan sosialisasi pencegahan dan penanggulangan kebakaran di masyarakat dilingkungan rt.007/012 tanah tinggi , johar baru jakarta pusat dalam rangka implementasi instruksi kepala dinas no . 8",30
c_2ef5be923528,"terjadi kebakaran di daerah karang timur , karang tengah , kota tangerang , minggu ( 8/3 ) dini hari . diduga kebakaran terjadi akibat korsleting listrik . tidak ada korban jiwa dan saat ini sedang dalam penanganan oleh 4 mobil pemadam kebakaran .",43
c_cd1e4e7fe2b2,"trc melakukan pemadaman di sri minulyo pada hari sabtu , tgl 7 maret 2020 terjadi kebakaran rumah milik b di jalan sri minulyo no 40 , kelurahan sukosari , kartoharjo , kota madiun , korban jiwa : nihil , korban",40
c_4bbd197f7b65,"salut , anggota dpr hasnah syam ikut bantu korban kebakaran di wajo -",13
c_1ffb030f2e81,# immahapa galang dana untuk korban kebakaran di sumut palangka raya - ikatan muda mudi humbang hasundutan palangka raya ( immahapa ) menggelar aksi penggalangan danauntuk . . .,29
c_2298f07cb1cc,"pasca kebakaran 4 ruko di lorong 3 pasar muntok , kapolres bangka barat tinjau ke lokasitkp",16
c_9ff1f0951465,"info kebakaran kebakaran tumpukan kayu di fly over lp cipinang , di jalan bekasi timur raya , cipinang muara , jakarta timur",22
c_20407fb29c74,"saat ini belum ada terkait penerimaan petugas pemadam kebakaran , jk nanti ada minfire akan memberikan informasi melalui media & amp website resmi . di dlm informasi tersebut jg terdpt syarat dan ketentuan yang diperlukan . minfire blm bisa kasih info ttg syarat tersebut .",45
c_055842bb92d5,si senior . n akibat 1 kes kebakaran bilik si senior . diorg disuruh tinggal bersama sementara oleh owner . so di sini macam2 memori gila diorg alami dan kongsi . mandi bersama . sakit . makan ramen . etc . abam actually can ulang ths muvie back2back kot,49
c_28856cce68c7,papua kebakaran lahan gambut di aceh jaya masih sulit dipadamkan,10
c_e3e28b4c791e,polres nagan raya usut kebakaran lahan di tripamakmur,8
c_32c20bdcf0f7,"pemberian bantuan loghistik korban bencana rumah kebakaran di bogoran , trirenggo via dinsos",13
c_1d19308f10a6,"kebakaran di supermarket wong yung kee , batu 3 .",10
c_784c573b9b67,"sudin damkar jakarta utara : kebakaran rumah di jalan jati vi rt 006/009 , sungai bambu , tanjung priok , jakarta utara . 7 unit damkar dilokasi , proses pemadaman . ( video - )",35
c_072457c04578,"kebakaran satu unit rumah tinggal terjadi di kelapa gading , jakarta utara . sebanyak 6unit mobil pemadam kebakaran di kerahkan ke lokasi . selengkapnya cek di bio",27
c_5e7988b2c618,prajurit tni maksimalkan pemadaman kebakaran gambut di aceh jaya,9
c_14892bc8c216,"kapolres kubu raya akbp yani permana , sik , mh didampingi kapolsek sungai kakap akp matias suwart , sh , map mengecek lokasi titik hotspot kebakaran hutan dan lahan ( karhutla ) di parit toom desa punggur kecil kecamatan sungai kakap.10/3 )",42
c_da69e5aa921f,"sosialisasi penegakan hukum karhutla di prov . sumsel kabareskrim polri komjen pol . drs listiyo sigit prabowo , memberikan materi sosialisasi penegakan hukum kebakaran hutan dan lahan , selasa ( 10/3 ) bertempat di ballroom 2 hotel aryaduta palembang .",40
c_2261c352e46f,"pemkab nagan raya salurkan bantuan masa panik korban kebakaran rumah : pemkab nagan raya menyalurkan bantuan masa panik kepada korban kebakaran di desa babah lueng kecamatan tripa makmur , rabu ( 11/3/2020 ) .",34
c_6207b28be94c,"1 . kebakaran hutan dan lahan ( ) saat ini sudah mulai dilakukan penanggulangan dan pencegahan nya oleh tim manggala agni klhk , tni dan polri di daerah riau . via",31
c_9e8d2e7b0773,bppt sebar 800 kg garam atasi kebakaran hutan di dumai riau,11
c_b88fec70309b,"irfan ramadhani risco , 17 , korban kebakaran rumah orangtuanya di kelurahan <EMPTY> balimo , kecamatan tanjung harapan , kota solok , sumbar , akhirnya meninggal dunia , selasa ( 10/3 ) .",33
c_b32affed81f2,"kebakaran di punggur , satu balita jadi korban",8
c_0ea4db72cc96,"sebagai servis hp dan laptop . pihak nya langsung menghubungi petugas pemadam kebakaran untuk memadamkan kobaran api tersebut . api berhasil di padamkan pada pukul 22 wib . dilakukan oleh petugas unit 112 , damkar bpbd , relawan frpb kudus dan damkar pol pp dibantu warga setempat",47
c_c505e56e426c,"kamis , 12 maret 2020 pukul 21 wib . telah terjadi kebakaran rumah sekaligus servisan elektronik di rumah bapak sutrisno bin rohmad ( alm ) 30 tahun dukuh dosaran rt 3 rw 6 desa loram wetan , kec . jati , kab . kudus .",45
c_d9beefa78f45,kebakaran di belakang kantor wali kota solok,7
c_68f9e7b41ea2,petugas damkar berjibaku padamkan kebakaran lahan di peusangan bireuen,9
c_01095fac13be,"foto : kebakaran lalan di parit haji husin ii , pontianak",11
c_6f870f091545,"babinsa kel . sangiasseri koramil 1424-05 / sinjai selatan serda umar samallo dampingi anggota baznas dalam penyaluran bantuan kepada korban musibah kebakaran di lingkungan babara kelurahan sangeserri kec . sinjai selatan kab . sinjai ( jumat , 13/3/2020 )",39
c_1ca1ea92610c,"jumat ( 13/03/2020 ) kebakaran rumah tinggal di lantai 2 jalan kemayoran barat 3 rt.003/006 kemayoran , jakarta pusat kejadian tersebut terjadi pukul 20.4 wib beruntung nya api berhasil dikuasai petugas sehingga tidak",33
c_b13e8e869781,"akibat kebakaran yang melanda ruko di kuansing , riau , pada sabtu ( 14/3/2020 ) , seorang nenek tewas terbakar di kamar mandi .",24
c_3fa77aa1e543,telah terjadi kebakaran kandang ayam di cisantri desa curugbarang kec . cipeucang kabupaten pandeglang banten . saat ini sedang dalam penanganan petugas damkar . kiriman dulur fbn,27
c_62f02d06f1cc,polsek jayapura selatan dalami kasus kebakaran di hamadi,8
c_cdaf5500de47,mohon doa semua rakan rakan atas kejadian kebakaran yg berlaku kepada rumah makcik saya di kg melayu subang tambahan awal pagi ini . alhamdulillah tiada kemalangan jiwa .,28
c_db2cc9d3dab3,"kebakaran lahan di kota lhokseumawe , prov . aceh . korban jiwa : - nihil kerugian materil : - 2 ha lahan terbakar",23
c_11ebb38ed2c3,"kebakaran di simpang rimbo jambi , pemilik sempat terjebak di kobaran api",12
c_5ebbe40d789a,ku asah allah al.quran ini tidak terbakar . saat kebakaran . di mol baru kota ternate . propinsi malu ku utara . padahal warung di belakang mol baru kota ternate ludes terbakar ratah tanah . saat sijago merah merajalelah.14/3/2020,39
c_31b7d3684a08,turun padang mendapat taklimat insiden kebakaran di rapid pengerang semalam . takziah kepada keluraga mangsa yang terlibat dalam kemalangan tersebut . sumber : fb r . vidyananthan,27
c_d92b4e3064df,"sigap , dinsos sinjai bantu korban kebakaran di samaenre",9
c_44abacd6a449,"200 hidran sumber air pemadam kebakaran bertebaran di kota bandung , hanya 5 yang berfungsi",15
c_0766329f25dd,"tiga polisi wanita ( polwan ) personel polres indragiri hilir ( inhil ) dengan sigap dan pantang menyerah ikut memadamkan kebakaran hutan dan lahan ( karhutla ) di wilayah sungai teritip , kecamatan kateman , kabupaten",36
c_6bca6ff9c3b9,"kamis ( 19/03/2020 ) kebakaran kabel optik di depan apartemen menteng square jalan matraman raya no.30e , kenari , senen , jakarta pusat kamis dini hari tadi ( 19/03 ) pukul 4 wib kabel yang terbakar berada di jalur",39
c_14befefb1b59,"pak soeharto selamat dari kebakaran saat mengisi bbm mobil nya di kudus . dari situ dapat terlihat bagaimana penting nya nama , ia memiliki kekuatan besar terhadap jalan nya hidup .",31
c_ea94bccfa387,sinergitas brimob polri bersama bpbd dalam pemadaman kebakaran sebuah rumah warga yang terletak di desa marisa timur kec . marisa kab . pohuwato,23
c_c792f0c7e2d7,"kebakaran terjadi di jalan siaga i , pejaten barat , pasar minggu , jakarta selatan , kamis ( 19/3 ) malam .",22
c_822a4a314fa3,"hari ini , ( 20/03/20 ) terjadi kebakaran di hawai water park malang . kebakaran berula saat percikan api las mengenai barang yang mudah terbakar di restoran yang sedang dalam proses pembangunan . 1 korban mengalami sesak nafas dan langsung diberikan pertolongan pertama .",44
c_af205c891b91,"kebakaran yang terjadi di desa pulo ara geudong teungoh , kota juang , bireuen , jumat ( 20/3/2020 ) sangat parah .",22
c_ad2f089c6959,"kebakaran penggergajian kayu di ciamis , kerugian ditaksir rp 150 juta lewat",12
c_edc947b6def2,"musibah kebakaran di pulo ara , kota juang , bireuen . api menghanguskan sejumlah rumah sekitar pukul 21.05 jumat ( 20/3 )",22
c_0cc5e21f4020,data korban kebakaran di agats belum final - seputar papua,10
c_59a14a543346,"dokter dan perawat itu persis pemadam kebakaran yg mendekat ke api disaat yg lain berlari menjauh . tanpa apd yg lengkap , sama dengan bunuh diri . . . ( di video ini ungkapan dari seorang dokter senior dari wilayah indonesia timur )",43
c_28e8f19cc0c1,abang none ini bukan kebakaran loh ya . tapi ini sedang dilakukan penyemprotan ( fogging ) di salah satu kawasan di daerah tangerang selatan . jangan sampe kita semua terlena yee ame si nyamuk aedes aegypti yang,37
c_94ef1d93b675,"contoh kasus cls : gugatan munir dalam kasus deportasi tki migran di nunukan . lalu , kasus kebakaran hutan di kalimantan yang menjadi tergugat adalah jokowi , beberapa menteri nya , gubernur dan dprd kalteng .",36
c_649967d477e3,"rumah di gunung sahari jakpus terbakar , 18 unit damkar dikerahkan kebakaran rumah terjadi di gunung sahari utara , jakarta pusat . sebanyak 18 unit pemadam kebakaran dikerahkan ke lokasi .",31
c_5a69ca621120,"22/3 , pukul 23.48 terjadi kebakaran di jl . babakan ciparay kota bandung saat ini sedang dalam penanganan petugas himbauan untuk warga sekitar agar tetap tenang dan mengikuti arahan petugas di lapang",32
c_57ed7216f694,"5.35 : rt : kebakaran rumah tinggal di jl . kayu putih 2 , rt 012/rw 7 ( bioskop linggar jati ) , kel . kayu putih , kec . pulogadung , jaktim . situasi dalam proses pendinginan dengan menerjunkan 7 unit mobil damkar .",45
c_ccf1a23daa4a,"bupati lepas armada damkar , semprot desinfektan di ruas jalan cegah covid-19 pinrang bupati pinrang irwan hamid melepas armada pemadam kebakaran kabupaten pinrang untuk melakukan penyemprotan desinfektan di ruas jalan kota pinrang",32
c_9283818ae344,"tiap ada bencana spt gempa dan kebakaran pak selalu datang dan berpose sendirian di tengah2 bencana yg sdh terjadi , baru kali ini pak jkw tak kelihatan berpose sendirian dgn penderita corona",32
c_6c6814f0e7bc,kebakaran hebat menimpa sebuah gudang penyimpanan thinner yang berlokasi di dusun mojo kemuning rt.05/01 desa sidomojo kecamatan krian sidoarjo sekitar pukul 16 wib . kobaran api yang membesar baru bisa dipadamkan,31
c_49537688fb6e,petugas pemadam kebakaran dan pmi semprot disinfektan di bandara palu cegah corona,12
c_9af619b0a2d6,informasi kebakaran di binuung sungai pinang kab . banjar . .,11
c_f5f174ff95a5,"jumat , 27 maret 2020 | 4.57 kebakaran kabel listrik yg lelehan mengenai sebuah ruko di jl . martadinata rt.1/rw . 2 , kel . kotalama , kec . kedungkandang , kota malang",33
c_93c263c87533,kebakaran di pakong pamekasan hanguskan tiga bangunan,7
c_2f6fb3f3bd2d,- sebuah rumah milik seorang warga pituruh hangus terbakar hingga tak bisa ditempati lagi . kebakaran rumah tersebut diduga disebabkan oleh anak pemilik rumah tersebut yang bermaian api di dalam rumah .,32
c_f3f9e29c9f60,"news ! ! ! kamis , <PHONE> kebakaran terjadi di nav karaoke lamongan plaza sekitar pukul 22 wib . api padam 30menit setelah dijinakkan oleh 1 unit mbl pmk . disinyalir konsleting listrik . tdk ada korban jiwa . . source : david budiansyah",44
c_ed9bf22341e6,puluhan orang mengungsi akibat peristiwa kebakaran di aceh,8
c_a04c2cd5766b,"info daeng : telah terjadi kebakaran sabtu malam sekitar pkl 20.3 wita di jl . dg . regge 2 , tallo . sekitar 3 rumah terbakar akibat arus pendek . cc",31
c_6d51e28a6ad2,"kebakaran di jl regge makassar , 2 rumah hangus dilalap api",11
c_f7da7cc4b201,"segala upaya untuk melawan corona . penyemprotan disinfektan menggunakan mobil pemadam kebakaran kota cimahi , water cannon oleh polres cimahi dan patroli gabungan hingga tengah malam di kota bandung . . tiada lelah",33
c_f1dfaf5e3c73,tenda darurat dibangun tampung ratusan korban kebakaran di kawasan ongkoliong batumerah,11
c_7c436a5f70a6,"terjadi kebakaran di hotel grand inna bali beach , sanur . belum diketahui detail kronologi kejadian . saat ini sudah dalam penanganan tim damkar .",25
c_744066c425f0,"sebulan , lima kebakaran beruntun terjadi di kota baubau",9
c_e09b597f898c,( 01/04/2020 ) terjadi kebakaran pd rmh tgl pkl . 5.1 di jl . mandiri 1 rt 03/011 kelurahan rawa bdak selatan ( titik kenal tanah merah / lap . kobra ) jakarta utara . pengerahan 12 unit . saat ini dlm penanganan ( situssi sudah dpt dilokalisir ) .,50
c_90513c9ddf6f,kapolsek medan helvetia serta anggota nya cek kebakaran rumah di jalan helvetia raya -,14
c_479363eb0a00,telah terjadi kebakaran di pelabuhan lama dekat kantor pemko banjarmasin . .,12
c_5f74c04291ab,mualem serahkan bantuan untuk korban kebakaran di aceh timur,9
c_ee802bbd62ee,"terimakasih untuk dinas kebakaran dan satpol pp kec randudongkal , yg telah membantu pencegahan covid-19 di desa banjaranyar . .",20
c_1bd0d33220e1,frekuensi kebakaran di jakarta timur menurun,6
c_dbdcc93f7150,yb ustaz salim turun meninjau kesan kebakaran yang berlaku di pekan pokok sena tengahari tadi . yb ustaz turut diberi taklimat berkaitan oleh pegawai bomba yang bertugas . sebanyak 7 buah rumah kedai yang terlibat kejadian hari ini . yb ustaz menyampaikan ucapan simpati,44
c_ca53fbdf90ff,"terjadi kebakaran rumah tinggal di jl . sukarela rt 6 / rw 2 , kel . penjaringan kec . penjaringan , jakarta utara , 10 mobil damkar sudah dikerahkan , kamis , 9/4/2020 malam . - - yuk comment & amp tag info ini ke",45
c_5da8c3eb68fe,sejumlah jurnalis yang hendak meliput peristiwa kebakaran di dalam kawasan pelabuhan tanjung priok jakarta utara pada kamis sore 09/04 dilarang mengambil gambar oleh sejumlah petugas keamanan,26
c_75a77a23542d,"ingat dulu ada jenderal yg bilang jarah lah rumah tetangga mu yg sedang kebakaran . . . "" ada di mana jenderal itu skrg mas ? """,27
c_2527bff627e4,"kebakaran di lapas tuminting , manado gara-gara napi narkoba minta dibebaskan",11
c_32c763855f14,2 water canon brimob aramiah dan polres langsa dikerahkan bantu bpbd padamkan kebakaran di tkw langsa,16
c_18fbcd838a19,kebakaran di simpang 3 selalah kota langsa lewat,8
c_7fb0f9f31f3f,"hari2 mengadap risiko , sedikit kesilapan mengundang maut . letupan pengerang yg mengorbankan 6 anak muda baru2 ini & amp kebakaran pelantar piper alpha di aberdeen mengorbankan 167 org tahun 1988 merupakan cth peristiwa berkaitan hse dlm industri saya . byk lagi peristiwa yg berlaku .",46
c_84cfd0acf496,kebakaran kapal pengakut bahan minyak di pelabuhan lama lokasi teluk dalam kabupaten nias selatan .,15
c_65afc4e90ebd,"tunggu - todoroki mau membuatkan makanan ? tanda nya dia akan memasak ? apa . . . kau bisa masak . . . ? "" ragu dia karena sebelumnya todoroki pernah membuat kebakaran kecil di dapur asrama . """,39
c_eb1fb780797b,satu2 nya yg aq demen dgn badai corona ini adl sulit nya pencitraan contoh banjiir masuk gorong2 karhurlaselfi di hutan bekas kebakaran gempaselfi di tempat bekas gempa coronaga bisa selfi sama penderita corona bahkan bagi2 sembako langsung pd kerumunan mlh dihujat,41
c_b3376e728dc0,"informasi warga : telah terjadi kebakaran di desa tobat , kecamatan balaraja , kabupaten tangerang . tepat nya di dekat rsu balaraja , saat ini tim pemadam kebakar sudah berada di lokasi . .",34
c_c2a0a05dc765,"kebakaran gudang di malang , enam unit damkar diterjunkan enam-unit-damkar-diterjunkan",10
c_4aa3319c76e8,kebakaran landa satu rumah di selatan sukabumi,7
c_4cbc8091315d,"selasa ( 14/04 ) mobil mengalami kebakaran di jln boulevard harapan indah bekasi depan cluster asia tropis , pada siang tadi . belum diketahui penyebab terjadi kebakaran mobil tersebut . credit by yan . soekamti via",36
c_c59e3e69d6e7,video-petugas pemadam kebakaran semprotkan disinfektan di wilayah desa dukuh kuningan,10
c_b557001074b0,"kebakaran terjadi di lorong kampar rt 14/02 , bangko , merangin , kamis ( 16/4/2020 ) malam , sekitar pukul 22.3 wib .",23
c_7d79283459d9,"<PHONE> polisi sebut toko yang terbakar bukan toko sepatu , tapi jual beli perlengkapan menjahit - kepolisian resort kota pekanbaru , mengklarifikasi kebakaran yang terjadi di jalan hos",28
c_f4d67c031864,"penyerahan bantuan kemanusiaan terhadap korban kebakaran yang terjadi di desa fatufia kecamatan bahodopi kabupaten morowali oleh personil polsek bahodopi di posko relawan desa fatufia kec . bahodopi , giat penyerahan tsb di pimpin langsung kapolsek bahodopi iptu zulfan sh .",40
c_311092774194,"kebakaran di taman sari , jakarta barat menghanguskan puluhan rumah semi permanen pada sabtu ( 18/4 ) malam .",19
c_6b3a6d8277b2,antisipasi bahaya kebakaran satlinlamil surabaya periksa kelistrikan di kri dan pendirat -,12
c_3131a86d9139,"kek di he is psychometric , tujuan nya nemuin kejadian di balik kebakaran . kita udah ada tersangka dari awal dan sepanjang drama ya cuma ttg nebak cerita dari kedua nya aja , mana yg tersangka bnrn . sedangkan di memorist ini , tersangka nya bukan jajaran org yg muncul sepanjg drama",52
c_f4816e8630a5,"yncisalawakuambonchapter ambon , malu ku penyerahan bantuan kepada korban kebakaran di ongkoliong desa batu pada tanggal 8 april 2020",19
c_f982696fb8ab,"donasi ynci_gowa utk korban musibah kebakaran di kec . somba opu , kab . gowa .",16
c_56d83f04634e,"( 19/4 ) pkl 0.45 wita . terjadi kebakaran di kawasan jl . pekapuran laut , banjarmasin , kalsel .",20
c_261c4711b025,"terjadi kebakaran di daerah pekapuran laut banjarmasin , info melalui balakar 654 . @ banjarmasin-kalsel",15
c_58816ebf15e0,"kebakaran kabel listrik di jalan kembang xi rt 005/002 , kwitang , senen , jakarta pusat berhasil dipadamkan petugas menggunakan apar oleh personil dari pos karavan kwitang menggunakan motor masih menunggu petugas",32
c_62370f3e88af,kebakaran hutan dan lahan di aceh harus diwaspadai |,9
c_fc182226aa2c,"telah terjadi kebakaran toko bangunan di jalan tukad buaji , sesetan , selasa ( 21/4 ) malam . hingga kini belum diketahui penyebab terjadi nya kebakaran . api sudah dalam penanganan . . info dari andiirizki",36
c_4537995bd19d,"bmw bagi sembako kepada korban kebakaran kepala departemen v infrastruktur & amp perhubungan dpp michael wattimena , melalui tim relawan bmw , membagikan sembako utk korban kebakaran di kawasan ongkoliong , desa batu merah , sirimau , kota ambon .",40
c_79aa2a71c6c8,"kamis ( 23/4 ) malam , telah terjadi kebakaran di jl . kembang matahari . penyebab kebakaran masih belum diketahui , saat ini api sudah dalam penanganan tim damkar . . info dari wah_mica_07 via",35
c_9555b6d1c372,"damkartu pemadam kebakaran ka , alias bomba kalo di film kartun kembaran blangsak",13
c_fd332c166d47,"peristiwa kebakaran memecah kesunyian malam ramadhan sekitar pukul 1 : 30 dinihari tadi , sabtu ( 25/4/2020 ) yang terjadi di km 91 jalan raya room , kecamatan manyar . bermula dari hubungan pendek arus listrik yang",37
c_41b87c5f8ba1,"detik-detik petasan sulut kebakaran di pekayon bekasi , anak-anak berlarian api d",12
c_36f1c8241024,"perjalanan kembali ke rumah masing-masing , yang saya lihat cuma asap kebakaran dimana-mana , saya tidak memperhatikan bercak-bercak darah di jalan atau semacamnya .",24
c_67f8ef14c3e1,jadi ingat tragedi kebakaran pabrik korek yang di medan itu . konteks nya beda sih bukan karena kerusuhan atau apapun . it happened in 2019 . and it was illegal worker,31
c_0ca47e3141f3,"semalam kebakaran di dekat es masuk gajahan . . @ solo , jawa tengah",14
c_3b668680b058,"kebakaran di makassar , pemadam sulit menuju ke titik api",10
c_e495a1aaf170,penyebab kebakaran belum di rilis ya ?,7
c_ca726b1eb861,"tweet dari detikcom ( ) detikcom ( ) menge-tweet : kebakaran hebat melanda gereja christ cathedral di serpong , kabupaten tangerang . penyebab kebakaran bangunan gereja 4 lantai itu masih diselidiki .",32
c_0d1929a3a415,katar labuhanbatu berikan bantuan sembako kepada korban kebakaran di pematang seleng,11
c_041eebff0b57,punca kebakaran di bangunan empat tingkat yang belum siap itu masih dalam siasatan,13
c_9a019c577069,kebakaran rumah di pasar satelit kota lubuklinggau sumatera selatan .,10
c_3ec99e3c768a,"5.16 kebakaran kabel listrik di jalan kramat raya samping gedung prodia , kenari , senen , jakarta pusat petugas blm ada dilokasi",22
c_96b6aa42630a,terjadi kebakaran pd rumah kontrakan pkl . 19.13 di jl . tanggul kali adem blok eceng rt 012/022 kel . pluit kec . penjaringan jakarta utara . pengerahan 18 unit . unit tiba pkl . 19.2 . selesai penanganan dan dilakukan pemadaman sampai dengan pkl . 19.57 ( 30/04/2020 ) .,51
c_7da23097b792,giat sosialisasi himbauan antisipasi cegah covid-19 dan antisipasi bahaya kebakaran di jl . pantai selatan rw 2 kecamatan kepulauan seribu selatan jakarta utara ( 30/04/2020 ) .,27
c_79b549b97dcb,"kebakaran kapal di pantai mutiara kel . penjaringan , kec . pluit , jakarta utara",15
c_af8c405fb446,"pkp : kes kebakaran , kemalangan dan penyelamatan di air menurun lebih 40 peratus",14
c_851c9706b066,terjadi kebakaran pd tiang menara bts telkom pkl . 23.1 di jl . suwiro no . 28 kelurahan menteng kecamatan menteng jakarta pusat . pengerahan 5 unit . penanganan mulai pkl . 23.18 s / d 23.3 ( 01/05/2020 ) .,41
c_45ff4002660f,tapaktuan - himpunan mahasiswa islam ( hmi ) cabang tapaktuan dan masyarakat relawan indonesia ( mri ) aceh selatan menyerahkan bantuan kepada korban kebakaran 14 rangkang dan satu balai pengajian di,31
c_1d3e7ec3c6c8,"kebakaran di salah satu rumah di br pipitan canggu , kab badung . . . info by via",18
c_ffde0a83d0cf,"terjadi kebakaran di btc , pondok aren , tangerang selatan , sabtu , [ 02/05/2020 ] . api diduga berasal dari genset , kejadian itu berhasil dipadamkan oleh security dan warga . . . . . . . . . . . credit by :",45
c_7c952ef22587,"kebakaran rumah kosong di daerah kupang jaya ( ngesong ) surabaya , sudah ada petugas pmk kota surabaya dan api sudah dipadamkan .",23
c_58c7c7705a13,"musibah kebakaran kembali terjadi di tanjung jabung barat . minggu ( 3/5/2020 ) si jago merah menghanguskan tiga rumah warga di rt 7 parit kerbau , desa bungo tanjung , kecamatan betara .",33
c_dc7e0a7b5cf9,"kebakaran warung makan di kuta utara timbulkan kerugian ratusan juta : kebakaran yang terjadi di sebuah warung makan , di jalan pantai batu bolong , desa canggu , kecamatan kuta utara , badung , bali menimbulkan kerugian hingga mencapai rp700 juta . kasubag",43
c_651fd9069120,"5 rumah warga samarkilang terbakar . . samarkilang - kebakaran hebat terjadi di pelosok bener meriah , kecamatan syiah utama , samarkilang . menurut camat syiah utama , khalisuddin , kebakaran tersebut terjadi sekira",34
c_d3e9d7642421,"sulselketuasatuan tugas ( satgas ) himpunan pelajar mahasiswa bantaeng ( hpmb ) ikhsan menyikapi musibah kebakaran yang menimpa sepasang keluarga suniati dan maudu di dusun morowa , kecamatan bisappu , kabupaten bantaeng ,",33
c_12602ee837ab,dan bener aja dong : ( sekitar tahun 2011 pondok aku mengalami kebakaran yang cukup besar dan memakan korban . seluruh santriwati di pulangkan ke rumah selama kurang lebih satu bulan . pas aku balik ke pondok ( stlh kebakaran ) first impression aku ketika tidur di kasur yang udah lm,51
c_54326425ecf9,bupati bantaeng salurkan bantuan sembako ke korban kebakaran di sinoa -,11
c_6f76b2ec26b6,"kebakaran hanguskan ruko tekstil di tanah abang kebakaran terjadi di kawasan tanah abang , jakarta pusat . enam unit mobil pemadam kebakaran terpantau sudah tiba di lokasi .",28
c_28f72b60d6bc,": kebakaran di fasilitas pt sinar pangjaya cimahi , tak ada korban jiwa |",14
c_a7b9b4abccf1,pagi dini hari ( 9/5 ) telah terjadi kebakaran toko di jl . kediri tuban badung . api berhasil dipadamkan oleh dinas pemadam kebakaran kabupaten badung . info by : mahardika_candra13 via,32
c_61d19dcd87c1,setengah miliar rupiah kerugian kebakaran gudang mebel di jepara,9
c_4ec2a7ca856e,kebakaran di desa ngali kabupaten bima . semoga pak gubernur . bisa bekerja cepat untuk warga nya sendiri . dengarkan lah tangisan mereka pak gub .,26
c_94754a3af9a7,kebakaran pagi tadi sekitar pkl 5.45 wita di jl belitung . gedung bkia yang terbakar,15
c_29ed9bb0d8c4,"waka ops res pati kompol i wayan tudy subawa , sh . m . pd . h pimpin proses pemadaman kebakaran di pasar porda juwana",25
c_5381b2fabb41,telah terjadi kebakaran di jalan belitung gg . bkia banjarmasin 5 : 35 wita 10/05 @ banjarmasin,17
c_45b8e91b8843,telah terjadi kebakaran di jl belitung gg bka banjarmasin,9
c_994992ed4de1,balita nyaris terpanggang saat kebakaran di timika - seputar papua,10
c_eed623f4c9d9,kebakaran hanguskan sebuah sekolah di seruyan,6
c_a7240e83e18a,dpc komunitas sabua raa ndai mbojo ( srnm ) kabupaten bima dan kota bima menggalang dana untuk membantu korban kebakaran di desa ngali kecamatan kecamatan belo selatan kabupaten bima .,30
c_e7f5cc3c6faf,"geser & gt & gt kebakaran gudang aspal di bangak tumpen boyolali . @ boyolali , jawa tengah , indonesia",20
c_366e02cc45f8,"dua malam , dua kebakaran besar terjadi di pati krjogja",10
c_2928f320b9a1,kebakaran ruko di dekat pasar wisma asri bekasi . ( p . mu mu ),15
c_3771de6d7db5,kebakaran hebat di sebuah gudang pabrik di purwakarta | foka tv via,12
c_fcf549a36763,jabar faktajabar telah terjadi kebakaran dini hari tadi selasa 12 mei 2020 sekitar pukul 0 . di daerah campaka depan rs bhakti husada ii purwakarta pt putra naga indotama . . . bagi warga purwakarta yg tau info,38
c_b9a3a4d5b91f,"naget ayam gosong , mi rebus sungai kapuas , mi dokdok yang rasa nya ngambang , adonan pizza yang tidak kalis dan tidak mengembang , apa lagi ? tapi syukur lah tidak sampai kebakaran gitu : "" ; 0 ; 1 ; 0 ; 0 ; in ; 7.24456121633665E+017 ; 1.25996562366631E+018 ; ttalgiii _ ; mon may 11 21 : 53 : 32 0 2020 ; 1.25996488781775E+018 ; kesaksian korban selamat dari kebakaran kapal tanker di belawan """,78
c_ad17eccda1c8,"from , musibah kebakaran kapal mt . jag leela yang sedang docking di galangan kapal milik pt . waruna nusa sentana shipyard belawan - medan sumatera utara pada hari senin ( 11/5 )",33
c_417cc398c930,"kebakaran hanguskan bangunan di smp negeri 7 pekanbaru , diduga akibat tersambar petir via",14
c_90f19ff43971,"sepanjang 2020 , terjadi 63 kasus kebakaran di kota bandung | times indonesia",13
c_52d95cadf511,"telah terjadi kebakaran hari rabu , 13 mei 2020 sekitar pukul 18.3 wib di jln raya stasiun padalarang rt . 2 rw . 7 desa kertajaya kec . padalarang kab . bandung barat , 1 orang meninggal dunia . selengkapnya :",41
c_c8848fae28ad,ketua dpd nasdem takalar kunjungi korban kebakaran di galesong,9
c_fbe1c17a3f72,"pdi perjuangan salurkan bantuan korban kebakaran di pangkalan kerinci pelalawan , hanguskan 10 rumah petak",15
c_0dcd9fd72705,solidaritas mahasiswa abdya salurkan bantuan kepada korban kebakaran di desa krueng pantoe - analisa aceh,15
c_be37e806a2da,kebakaran berlaku di store besi buruk bateri lama dekat seremban .,11
c_060976849130,"kebakaran menghanguskan rumah di tanjung priok , jakarta utara , selasa ( 2/6/2020 ) malam wib . pemadam kebakaran mengerahkan 13 unit mobil pemadam ke lokasi .",27
c_3296e493fbc2,"terhadap korban kebakaran di pagadih hilia , syafril anggota dprd agam salurkan 50 sak semen dan paket sembako",18
c_398be51a9f83,"selasa , 2 juni 2020 telah terjadi kebakaran di daerah jakarta utara , tepat nya di rt.3/rw . 15 , tanjung priuk . kebakaran tersebut disebabkan oleh meledak nya tabung gas dan menganguskan dua buah rumah . agd dinkes meluncurkan satu unit ambulans untuk ke tempat lokasi tersebut .",49
c_39c8c7cc72b7,"23.37 : kebakaran rumah tinggal di jl . re martadinata rt 03/015 , pelita muara , tanjung priok jakarta utara , selasa ( 2/5 ) pukul 21.3 wib . pengerahan 13 unit damkar kelokasi , selesai penanganan pukul 23.05 wib . via",42
c_748f9c3e07c7,"petugas dari suku dinas penanggulangan kebakaran dan penyelamatan ( gulkamart ) kota administrasi jakarta barat mengevakuasi ular kobra di gedung sekolah smp tunas harapan di grogol petamburan , jakarta , pada selasa ( 2/6/2020 ) malam .",37
c_3d008e2e3883,"terjadi kebakaran pd rumah tinggal pkl . 21.3 di jl . re martadinata rt 03/015 , pelita muara , tanjung priok jakarta utara . pengerahan saat ini sebanyak 13 unit . unit tiba pkl . 21.4 . selesai penangana pkl . 23.05 ( 02/05/2020 ) .",46
c_ef5e4729b3b3,"telah terjadi kebakaran di jl . kampung muara bahari , pelita 3 , tanjung priok - jakarta utara pukul 21.15 , kabar terkini api sudah di padamkan oleh pemadam kebakaran",30
c_41b8aba2b941,"kamis , 4 juni 2020 telah terjadi kebakaran gudang istana ban di jl . pantura km . 5 jalan kudus - pati , desa tenggeles kec . mejobo kab . kudus . kronologi kebakaran terjadi pada rabu , 3 juni 2020 pukul 20 . api pertama kali di ketahui oleh warga sekitar yang sudah membesar .",56
c_dca696e24462,satu pengungsi kebakaran di tanjung priok mengaku reaktif covid-19 setelah sebelumnya ikut rapid test . perempuan 46 tahun itu dirujuk ke rs koja .,24
c_6f9c22cc3f6e,"usai 11 jam , kebakaran gudang ban di kudus padam",10
c_9d8d66ada3a3,korban kebakaran rumah di pangkalan kerinci : terima kasih pks,10
c_795f495ce284,pemkab aceh utara serahkan bantuan untuk hj nurhafifah korban kebakaran di tanah luas,13
c_b74460c6eaea,wakil gubernur sulsel kunjungi korban kebakaran di kelurahan maccini parang makassar,11
c_10ece88b9856,"kebakaran hebat , hanguskan gudang milik istana ban di desa tenggeles , mejobo kudus . selengkapnya di :",18
c_320d502eb7c9,"pagi pagi berangkat kerja . sambi liat mba mba sepedaan . tiba tiba ada kebakaran , di jalan mulawarman , dekat sd pedalangan 1 banyumanik , semarang . ( warung makan mba yum )",34
c_f09b1163b0c4,kebakaran lahan mulai terjadi di sampit meski belum kemarau,9
c_54643a0f6891,"kebakaran di jl . lambung mangkurat , gg . kenari berhasil di padamkan bersama damkar kota samarinda di bantu relawan",20
c_6a304d5ecc0c,"giat sosialisasi himbauan antisipasi cegah covid-19 dan antisipasi bahaya kebakaran di jl . sumagung iii , kel . kelapa gading timur , kec . kelapa gading , jakarta utara oleh tiga orang personil menggunakan unit kuda besi urc .",39
c_dac276027609,"0.28 : kebakaran di jl . paus , kelurahan jati , kecamatan pulogadung , jakarta timur . saat ini dalam proses pendinginan . via",24
c_6d4806fea7cc,7.52am klk : berlaku kebakaran kenderaan di km 40.6 hala timur ( g . sempah - bukit tinggi ) . penutupan semua lorong . trafik perlahan 400 meter sebelum lokasi kejadian . hati2 memandu .,35
c_f9957fba7396,"07.36am klk : berlaku kebakaran kenderaan di km 40.6 hala timur ( g . sempah - bukit tinggi ) . penutupan lorong tengah , lorong perlahan & amp lorong kecemasan . trafik lancar dilokasi . hati2 memandu .",38
c_3f760ba7a3fb,"semoga saudara ku tabah dan sabar bersama bpba dan dinsos aceh , anggota dpra dapil 8 memberikan bantuan sandang dan pangan kepada 24 kk korban kebakaran di desa lawe desky dan kampung karo kec . babul makmur kabupaten aceh tenggara .",41
c_d005302407a9,"sebanyak 50 kk dengan total ada 200 warga korban kebakaran mengungsi di smpn 104 tegal parang , mampang , jakarta selatan . ( riw )",25
c_2e8139785d6a,"tim elshinta peduli menyerahkan bantuan dari pendengar radio elshinta berupa 200 paket makanan cepat saji & amp 200 minuman kemasan kepada warga korban kebakaran di rt 9 rw 3 , kel . tegal parang , mampang prapatan , jakarta selatan , minggu ( 7/6 ) dini hari . ( riw )",51
c_149bf699d739,tragis ! kebakaran rumah di godong grobogan hingga roboh tak tersisa,11
c_d7fef78d9aee,"* pac gp ansor mampang prapatan peduli korban kebakaran * telah terjadi musibah kebakaran pada hari sabtu , 6/6/2020 berupa 25 rumah warga dengan korban terdampak 50 kk atau 200 jiwa di rt 9 rw 3 kel . tegal parang - mampang prapatan",43
c_12168664ab20,bupati asahan dan sekda asahan memberi bantuan kepada korban kebakaran di kecamatan sei kepayangbarat,14
c_fa15d02b3388,"kebakaran juga terjadi di srumbung magelang , inikronologinya",8
c_024073a62734,"senin 8 juni 2020 sekitar pukul 3.5 wita telah terjadi kebakaran di jl . kolonel sugiono banjarmasin , tepat nya disamping gedung radio nirwana . menghanguskan 1 buah ruko toko mainan .",32
c_a8eb6e6ec995,video kebakaran di jl padat karya depan komp . purnama permai kel . sungai andai kota banjarmasin video lengkap nya di youtobe . . link :,26
c_6800b073ffef,telah terjadi kebakaran di jln kolonel sugiono berdekatan rm tokyo kota banjarmasin . .,14
c_a4a5d746637f,damkar banda aceh : kebakaran rumah berkonstruksi kayu di gampong keuramat,11
c_cb2e75542816,"just like what i did . . waktu itu jaman ga ada bioskop 1 pun di jogja pasca kebakaran semua . nonton di sgm , kulineran , trus balik sore / malem",32
c_4e191973a488,mana drama banget lagi segala mo di panggilin pemadam kebakaran karena batang nya udah nyangkut di daging,17
c_d871675fbc4b,"5 fakta kebakaran di asmat papua , hanguskan ratusan rumah dan kios hingga 897 warga mengungsi - -",18
c_d24bcb5520a0,"breaking news : toko candi elektronik solo terbakar , api melalap seluruh bangunan berikut isi nya solo , peristiwa kebakaran terjadi di solo , jawa tengah , selasa ( 9/6 ) . api membakar bangunan dan",36
c_501e8c4f6b6a,"kebakaran di samarinda ulu , berdekatan dengan spbu , menghanguskan bangunan gubuk - tribun kaltim",15
c_de22f6adbf7e,asyik dj lagi kebakaran gw mo berjudi $fire mumpung bandar belum ada yg tahu & amp retail lagi pada cl ( semoga jgn lompat kodok cebong ) . kemarin $hkmu pas arb mgkn hari ini arb lagi $kren byk di pom-pom pasti turun hari ini .,46
c_67113c503fe0,truk damkar terguling sebelum padamkan kebakaran di lebak,8
c_95a14854b68a,"kios pasar patrol indramayu terbakar , pedagang panik petugas pemadam kebakaran tengah memadamkan kobaran api yang menghanguskan bangunan kantor teras simpan pinjam bri patrol di dalam area pasar patrol , rabu ( 10/6 ) malam .",36
c_7005f20460aa,kebakaran di hotel tabita sentani tak sampai memakan korban jiwa . namun api melahap bangunan yang belum jadi tersebut .,20
c_52a54d3fb79e,"rabu , 10 juni 2020 pukul 2.55 wib , terjadi kebakaran rumah huni di jl . gah utara 5 , kel . gemah , kec . pedurungan . belum diketahui pasti penyebab terjadi nya kebakaran . dugaan sementara berasal dari konsleting",41
c_d0a06a617f2a,"kunjungi korban kebakaran di tanco , bupati serahkan bantuan - -",11
c_b5ae3a2b257a,"kebakaran terjadi di pajak ( pasar ) meranti , jalan punak , gang rambutan , kecamatan medan petisah",18
c_431bd067e679,terjadi kebakaran di tabita sentani jayapura,6
c_985e8840be6d,kebakaran melanda rumah warga di bekasi,6
c_06a416d6a66b,"kebakaran toko sembako di jalan jatibunder rt.006/009 kelurahan kebin melati , kecamatan tanah abang , jakarta pusat , jumat dini hari ( 12/6 ) . . achmad syahroni , danton sektor 2 tanah abang mengatakan kita menerima",37
c_81a935716762,"4.29 : kebakaran kios di kawasan pemukiman padat penduduk di jalan jatibunder , kebon kacang , kec . tanah abang , jakarta pusat , jumat 1.2 wib . 8 unit mobil damkar dikerahkan kelokasi , selesai pemadaman 3.02 wib . tidak ada korban jiwa . ( info petugas sudin damkar jakpus , teguh )",54
c_2b16a4a696c7,telah terjadi kebakaran sebuah gudang distributor furniture di kawasan akong kec . sepatan kabupaten tangerang terbakar hebat disebabkan lokasi banyak nenda benda mudah terbakar membuat api cepat membesar . petugas,30
c_a9d0addcb5ca,kebakaran pabrik roti di desa megucilik kec weru kab cirebon yg membakar gedung beserta isi nya serta 1 unit kendaraan box,21
c_a9e13944c2da,"jangan terlalu mudah mengambil keputusan "" . ada sepasang suami istri tergesa gesa berlari menuju ke helikopter di puncak gedung hotel . untuk menyalamatkan diri pada saat terjadi kebakaran , tetapi saat sampai di atas sana mereka menyadari bahwa hanya ada tempat untuk """,44
c_2579c0676cfd,telah terjadi kebakaran sebuah gudang distributor furniture yang berlokasi di kawasan akong sepatan kab . tangerang terbakar hebat ( 11/6/2020 ) prtugas damkar dari bpbd kab . tangerang terima laporan jam 20.45 . wib .,35
c_4460b7a694da,kebakaran hebat melanda pabrik roti di cirebon : okezone news,10
c_73af96e83f8a,video kebakaran di desa jaro rt 5 kec . jaro kab . tabalong video lengkap nya di youtobe . . link :,22
c_c1e62f80676e,"yuk , selalu waspada terhadap potensi kebakaran yang ada di sekitar kita . cek kembali apakah semua sudah aman ? ingat ! ! kebakaran tidak dapat diduga tetapi kita dapat mencegah nya . via",34
c_ca6dbda7f5a8,"jumlah kemalangan , kebakaran di sabah dijangka meningkat via",9
c_4c92dfe80512,"list nomor telfon darurat polisi : 110 ambulans : 118 dan 119 bnpp : 115 bencana alam : 129 pemadam kebakaran : 113 siapapun yg belum tau dan liat ini , mending save di notes hp . jangan telfon 911 , kejauhan",42
c_0d98a562a793,cuaca terik dan angin menyulitkan pemadaman kebakaran lahan di aceh .,11
c_e0ce871da2dd,kebakaran karena putung rokok dibuang ke tumpukan sampah merembet membakar jaringan telephone di bantul .,15
c_95887f1e6e64,video kebakaran di jl aw syahranie komp . folder air hitam rt 21 kel . air hitam kota samarinda kaltim . video lengkap nya di youtobe . . link :,30
c_59496f01c1c7,"serangan itu sukses , ketika khalayak twitter yg merasa pembela hak kaum tertindas tertrigger , dan menyuarakan macem2 , sampe ke mana2 . ramelah itu ttg buzzerp , luhut , faksi pemerintah , smp nyinggung malari segala . jadi lah kmrn ky kebakaran , di ruang echo tentunya .",49
c_66adad312592,kebakaran di metro ? ? ? ? metro cuma 10 km x 10 km kecil mungkin gampang ditrace mana udah lama kan,22
c_4b82a96397b8,"kebakaran rumah kembali terjadi di koja , jakarta utara",9
c_806b67fcc669,"kebakaran di gang h mastur samarinda , 20 bangunan hangus , ada yang panik , jidat korban luka memar - tribun kaltim",22
c_1d2d44259156,"23.11 : kebakaran rumah di rt 03/07 , kel . tugu selatan , kec . koja , jakarta utara , senin ( 15/6 ) malam , pukul 22.25 wib . 7 unit damkar dikerhakn kelokasi , selesai pemadaman pukul 22.46 wib . ( info sudin damkar jakarta utara angga ) .",51
c_5558f7b20d40,"video kebakaran di jl yam sabran gg melati kec . pontianak timur kota pontianak kalbar . video lengkap nya di youtobe . . link : jangan lupa di subcribe , like dan share . .",35
c_c01bc77df46b,"kebakaran pt . kansai prakarsa coatings , ( pabrik cat ) di kawasan industri gajah tunggal , kel . pasir jaya , kec . jatiuwung , kota tangerang . via",30
c_9ccfeac06d93,bupati berikan bantuan kepada korban kebakaran di madang sumberharta,9
c_18fb63ea8af7,"kebakaran pabrik plastik di bekasi , ada beberapa kali ledakan",10
c_01b91b569fb6,"( cont . ) konyol . yoon aera tidak akan melakukan nya , meski . . . yah . oke . baik lah . tidak ada salah nya . lagipula , yoon aera tidak akan mau mendengar ada nya kebakaran di mini market jika saja wanita itu salah mengoperasikan alat di sana . apakah ingin ( cont . ) """,60
c_7325d1a3439d,"apel gelar pasukan dan peralatan siaga kebakaran hutan dan lahan ( karhutla ) kabupaten seruyan tahun 2020 dipimpin langsung bupati seruyan yulhaidir dan kapolres seruyan akbp agung tri widiantoro , s . i . k , m . h di lapangan apel polres seruyan , rabu ( 17/6/2020 ) pukul 8 wib",52
c_0f0e0764ce99,"personil dari dinas penanggulangan kebakaran dan penyelamatan dki jakarta melakukan penyemprotan disinfektan di kompleks monas , jakarta pusat , rabu ( 17/6/2020 ) . penyemprotan dilakukan menjelang pembukaan",28
c_f61198aac5d9,"kota wali kota tangerang , arief wismansyah , mendatangi lokasi kebakaran yang terjadi pada sebuah pabrik di kawasan industri jatiuwung . rabu ( 17/6/2020 ) arief menjelaskan , menurut laporan bpbd kota tangerang , musibah",35
c_3dd069f7b6b0,"video kebakaran di desa bamban rt 5 kec . benua lima kab . barito timur kalteng . video lengkap nya di youtobe . . link : jangan lupa di subcribe , like dan share . .",36
c_3fefe479c114,"mari bantu korban kebakaran di mantraman , mereka sangat membutuhkan uluran tangan kita sudah jatuh tertimpa tangga , kira-kira begitu lah nasib 25 keluarga di rw 3 mantraman , menteng , jakarta . rumah bilik yang mereka tempati terpaksa mereka relakan habis dilahap si jago api .",47
c_cdf0fac6ae8a,"kebakarann , , kebakaran , , , , kebakaran kebakarann , , kebakaran , , , , kebakaran kebakaran dimana [ clingak clinguk ] , , , di hatimuu dan diri mu , , , terbakar api cemburu ~ ~ ~ ~ uuuuuw ~",44
c_e1551fe0f56a,lazismu tanggap bantu korban kebakaran di magelang,7
c_ad68de7d60a5,"minggu ( 21/6 ) dini hari , terjadi kebakaran di pasar tradisional baturiti . belum diketahui kronologis kejadian . saat ini api sudah berhasil dipadamkan oleh damkar . info dari atiik1 _ via",33
c_56f83a69a682,esok nya sja tb2 menjemput sju utk brkt kerja . sju mkin merasa bimbang . aplg sja semakin agresif . ketika terjadi kebakaran di dapur sja yg terluka krn menyelamatkan sju dibawa ke rs . sju yg menangis krn khawatir . sja kembali mengingatkan mengenai jwbn sju atas perasaan nya .,51
c_4a9a8f18e540,"telah terjadi kebakaran di salah satu gedung pasar baturiti dinihari ini , belum diketahui kronologi nya . astungkara api telah berhasil dipadamkan oleh damkar tabanan . 21/06 . info dari mangaryy _ _",33
c_0a0b4e7d0474,"markas cabang laskar merah putih kab . padang pariaman santuni korban kebakaran di talao mundam , minggu ( 21 juni 2020 ) .",23
c_08c2240c09a3,"via damkar_kabupaten_badung begini proses pemadaman kebakaran sebuah rumah milik warga di jalan padang luwih , desa dalung , kuta utara yang terjadi sore tadi ( 22/6 ) jam 18 wita . tim damkar badung mengerahkan lima",36
c_8200e53ec2fb,polsek medan baru salurkan bantuan sembako kepada korban kebakaran di pasar meranti,12
c_84a23cd152b9,"liat di ig info badung ada berita kebakaran , ternyata rumah temen biasa banter kalo di kelas , damn man dieu te benisse mon frere",25
c_cafadfe24b2f,"kebakaran kebakaran ! di mana ? di rumah saya , loh udah keburu angus semua karena terlalu asik teriak kebakaran . nyiramnya juga cuma pake ember . . . . emmbbbeerr . . . . .",36
c_5b9a2f0e3e0a,"rabu 24 juni 2020 pukul 2.3 wita terjadi kebakaran tempat ibadah klenteng setya dharma guang de mio ( tempat ibadah umat konghucu , tioisme dan budha ) di jalan bukit niaga rt 11 no 29 kel . klandasan ilir kec . balikpapan",42
c_9c6d8c59bf58,"breaking news , kebakaran di kawasan pasar baru , balikpapan kota , di tempekong , pukul 2.55 wita . via kabarbalikpapan source portalbalikpapan .",24
c_db08f9814de4,"3.12 : kebakaran tempat ibadah klenteng di jalan bukit niaga rt 11 no 29 kel . klandasan ilir balikpapan kota , rabu ( 24/6 ) pukul 2.3 wita . api berhasil dipadamkan pukul 3.2 wita , 12 unit damkar dikerahkan kelokasi . ( sumber pusdalops bpbd kota balikpapan )",49
c_22cae5c7f850,"breaking news , kebakaran di kawasan pasar baru , balikpapan kota , di tempekong , pukul 2.55 wita saat ini pemadam sedang berupaya memadamkan api , video : ig / junaedyf aryarap _ dennyalfajry",34
c_4ea63442c30a,"kebakaran rumah di dusun blembem plesungan , kondangrejo , karanganyar , jateng , selasa ( 23/6 ) malam . 5 unit mobil pemadam dikerahkan kelokasi , api berhasil padam rabu ( 24/6 ) dini hari , pukul 1 wib , tdk ada krbn jiwa . "" kata suparji petugas damkar surakarta kpd radio elshinta . """,56
c_5a1c0b1fa067,video - korban kebakaran di nagan raya dapat bantuan dari baitul mal aceh,13
c_60489cf0fd06,foto-foto kebakaran rumah di plesungan karanganyar,6
c_b2e50399c6b0,"iya sama , awalnya juga gasuka sama yg berseragam . namun setelah punya temen dan kenal mereka yg berseragam ternyata seru asik dan enak diajak ngonrol dan berbagi pengalaman di lapangan , itu yg bikin gua kagum sama para pemadam kebakaran di tempat gua tinggal .",46
c_c59b99895f0f,kebakaran warung inayah di purutrejo pasuruan jawa timur,8
c_8aa2e0f5a25a,pasal 170 - pengeroyokan pasal 156 - penistaan agama pasal 493 - membahayakan kebebasan bergerak orang lain di jalan raya pasal 497 - menyalakan api di jalan umum dan dekat dengan bangunan hingga menimbulkan kebakaran terus ? yang mana menurut anda pasal yang bisa di tuduhkan ? ?,48
c_bd4677cd62ab,begini lah suasana penyemprotan disinfektan yang dilakukan oleh dinas penanggulangan kebakaran dan penyelamatan ( gulkarmat ) dki jakarta di kawasan gelora bung karno ( 16/6/2020 ) . tonton utuh nya di sini .,33
c_65442e52becd,"kebakaran lagi di agam hari ini , satu unit rumah kayu di nagari panampuang dilalap api dalam sehari , dua peristiwa kebakaran terjadi di wilayah kabupaten agam , sumatera barat , jumat ( 26/6/2020 ) . pertama , sebuah",39
c_c6e7e7254246,"kebakaran di penjaringan jakarta utara , pada pukul 23.3 wib , malam tadi ( 27/6 ) menyebabkan enam rumah . 12 unit mobil pemadam diturunkan untuk menjinakkan api . belum diketahui mengenai korban dan total kerugian . talk petugas piket suku dinas gulkarmat jakut , nurdin silalahi .",48
c_1c352a544c4b,"sabtu , 27 juni 2020 pukul 22.00wib , terjadi kebakaran rumah huni di jl . purnosari no . 12 rt05 / rw02 , kel . kemijen , kec . semarang timur . belum diketahui pasti penyebab terjadi nya kebakaran . dugaan sementara berasal dari",44
c_004f1866657c,kebakaran terjadi di pemukiman warga jakarta utara pada minggu dini hari,11
c_1b63dbdc750e,terjadi kebakaran pd rumah tinggal pkl . 23.18 di jl . muara baru raya rt 17/17 kelurahan dan kecamatan penjaringan jakarta utara . pengerahan 5 unit . sudah dalam penanganan petugas ( 27/06/2020 ) .,35
c_dd6edc1d683a,"kebakaran melahap rumah tinggal di penjaringan , jakarta utara , minggu ( 28/6/2020 ) dini hari . 10 unit mobil pemadam kebakaran dikerahkan ke lokasi kejadian .",27
c_7dce735dfa2f,"video kebakaran di komp . pasar segiri jl dr sutomo kel . sidodadi kec . samarinda ulu kota samarinda kaltim video lengkap nya di youtobe . . link : jangan lupa di subcribe , like dan",36
c_3ea2c50fe6d6,info kebakaran dan penanggulangan bencana di kota bogor ( 24 jam ),12
c_e762ede2e33c,"lhokseumawe untuk penyebab kebakaran , masih dalam penyelidikan , meskipun dugaan sementara akibat konsleting listrik . sedangkan para korban , lanjut kapolres lhokseumawe , akan ditampung di beberapa tempat .",30
c_1eb137e319ee,"sempat terjadi beberapa kali ledakan dilokasi kebakaran rumah 3 lantai , di jalan pesantren no 24 , rt 01/05 , kel , cibabat , kecamatan cimahi utara , jawa barat . "" kata indra hadi kepada elshinta . ( red ) ( foto - sudin damkar kota cimahi ) """,50
c_719c18f38396,"2.25 : kebakaran rumah di jalan pesantren no 24 , rt 01/05 , kel , cibabat , kecamatan cimahi utara , jawa barat . senin ( 29/6 ) dini hari pukul 01-59 wib . masih proses pemadaman dilokasi dengan 4 mobil damkar . kata risky petugas sudin kota cimahi kepada radio elshinta . ( red ) """,57
c_607b9c8eb230,kebakaran lahan meningkat di provinsi riau . badan meteorologi klimatologi dan geofosika ( bmkg ) riau mencatat terdapat 41 titik panas yang tersebar di wilayah provinsi riau .,28
c_425d4940eb77,kebakaran landa galangan kapal dan mess karyawan di pontianak,9
c_5e7cba796f00,kebakaran hebat melanda mes karyawan dan galangan kapal di pontianak salah seora,12
c_9e763a35e616,"balikpapan - kepolisian daerah kalimantan timur menggelar rapat koordinasi penanganan dan pengendalian kebakaran hutan dan lahan di gedung mahakam polda kaltim , selasa ( 30/06/2020 ) . dengan mengutamakan protocol",30
c_96c90185e7f8,"terima laporan kebakaran hari selasa , 30 juli 2020 , pukul 23.33 wib , di lembur suuk rt.03/rw . 4 , desa cangkuang , kecamatan cangkuang , kabupaten bandung . - objek yang terbakar : rumah tinggal - nama pemilik : bapak aan ( 57 tahun )",47
c_ea4ea59157ad,semoga teman2 anggota komunitas peduli kukar ( kutai kartanegara ) sehat selalu dan penuh keberkahan allah dalam penggalangan dana bencana kebakaran di kec . loa kulu . aamiin,28
c_624977e33726,ada kebakaran di sabang ? ? siap . untuk sektor pariwisata sudah dibuka tapi memang masih agak sepi pak president . . gw : ah ngapain gw mencerna percakapan nya . ama anak2 gw aja udah pusing,37
c_70865e07c85d,iswara kabupaten bima bantu korban kebakaran di wera -,9
c_16660216e099,"beberapa hari sebelum kebakaran sempet ndelok film neng kono numpak pit seko omah . ning waktu kuwi isih nganggo kaosan shuvit , durung kaosan pit koyo ngene . ready stock 70rb saja . di bel wae aku nek meh pesen lurrr . . .",44
c_e2b2f0d283d8,sosialisasi cegah covid19 dan bahaya kebakaran di jl . mindi rt 2/2 kelurahan pulau untung jawa kecamatan kepulauan seribu selatan jakarta utara ( 3/7/2020 ) .,26
c_f0b5e598427f,"minggu 5 juli 2020 | 3 : 25 - 5 : 15 wib penanganan kebakaran rumah permanen milik ibu sri rahayu di dk . putat rt 1 / rw 6 , ds . pondok , kecamatan karanganom , klaten . | tidak ada korban jiwa maupun luka | yudha brama jaya",51
c_d02e17ff3ab3,"sabtu 4 juli 2020 | 23 : 40 - 1 : 30 wib penanganan kebakaran oven kayu milik bp . triyanto di dk . ngrenggodadi rt 25 / rw 7 , ds . kalikebo , trucuk , klaten . | tidak ada korban jiwa maupun luka | yudha brama jaya",50
c_aef7dc164c9e,video - proses pemadaman kebakaran lahan gambut di aceh barat,10
c_fd57cbd7cfb4,"seorang wanita lanjut usia bernama cinlan , 73 , meninggal dunia dalam sebuah kebakaran rumah yang terjadi di jalan kapten jumhana gang intan nomor 76c medan area , kota medan , sumut , pada sabtu ( 4/7 ) dini hari .",41
c_918c7153719c,"3 hektar lahan di kumpeh ulu hangus terbakar : sapajambe , muarojambi - provinsi jambi kembali dihadapkan dengan ancaman bencana kebakaran lahan . sekurangnya 3 hektar lahan gambut milik warga di kecamatan kumpeh ulu , kabupaten muaro jambi ludes terbakar ,",41
c_e24c70244f8b,semoga tapi emang ada kebakaran kok di bukittinggi patang sore .,11
c_7ede662e31e3,"kebakaran hutan kembali terjadi di riau , lokasi nya di lahan konsesi pt araraabadi",14
c_938f984e59ba,"video - korban kebakaran di lhokseumawe mengungsi di bekas kandang lembu , termasuk bayi 4 tahun",16
c_ac4d5a0b75a5,"hehee tadinya sy ga bgitu percaya klo cebong itu dungu nya hqq , tpi ngliat kelakuan si deni ini sy jadi percaya . klo dia nyalahin vendor analog nya bgini spbu di bandung kebakaran yg disalahin peroko yg ada di dumay . . super duper ngaco",46
c_a6e731e53400,"gubernur riau ( gubri ) h syamsuar pimpin rapat kebakaran hutan dan lahan ( karhutla ) di balai dang merdu , bank riau kepri , senin ( 6/7/2020 ) . para pejabat yang tergabung dalam forum komunikasi pimpinan daerah ( forkopimda ) seperti kapolda riau irjen pol setya imam effendi ,",51
c_0e7a957cda80,"terkini : korban kebakaran di asmat papua bertambah , total 929 jiwa kehilangan tempat tinggal - tribun papua",18
c_cc8180e99fc6,"majalengka - polres majalengka polda jawa barat melaksanakan apel sinergitas kesiapan pengamanan dalam rangka penanggulangan bencana alam karhutla ( kebakaran hutan dan lahan ) diwilayah kabupaten majalengka bertempat di halaman apel mako polres majalengka , senin ( 6/7/2020 ) .",40
c_8250574848a6,porles bengkalis usut penyebab kebakaran hpt di rupat,8
c_bb1ef74f96c2,"video kebakaran di jl alalak utara gg pesantren rt 11 dan rt 12 kel . alalak utara kota banjarmasin video lengkap nya di youtobe . . link : jangan lupa di subcribe , like dan",35
c_d3cfe7060eb5,"video - kebakaran hanguskan delapan ruko di pasar bina usaha aceh barat , sejumlah warga pingsan",16
c_14fa7e9e1972,"rabu , 8 juli 2020 pukul 15 wib terjadi kebakaran di dusun dawe , desa sidoharjo , kecamatan candiroto , warga berkata nya sengaja tidak telfon damkar karena akses jalan tidak bisa dilalui armada damkar , ayo lakukan pencegahan dengan latihan dan pendampingan dari damkar temanggung .",47
c_f6d5c928562a,"innalilahi wainnailaihi rajiun , toko almarhum ayah dan ibu ku habis kebakaran ga ada sisa di pasar impres lhokseumawe",19
c_7192420db209,"telah terjadi kebakaran di pasar inpres kota lhokseumawe pada pukul 2 : 30 wib . belum diketahui pasti akibat terjadi nya kebakaran . meskipun dalam peristiwa ini dipastikan tidak ada korban jiwa sepertinya , namun kerugian yang didapatkan menjadi ratusan juta rupiah . 9/7/2020",44
c_c79e60477ba1,"pmi sragen bantu korban kebakaran rumah di ploso , jati sumberlawang sragen ( 8/7/20 ) bantuan berupa uang tunai , paket sembako , hygine kit , sarung & amp matras . kebakaran terjadi rabu ( 8/7/20 ) pkl . 5 bantuan ini berasal dr masyarakat y yg disumbangkan melalui kupon bulan dana pmi",53
c_5bc91000486b,"telah terjadi kebakaran mobil di jl . kusuma bangsa vi , denpasar , jumat ( 10/7 ) , pkl . 0.45 wita . kebakaran tersebut telah ditangani oleh tim bpbd kota denpasar . . . yuk comment & amp tag info ini ke",43
c_ef9612cd21df,"info humas kamis , 9 juli 2020 telah terjadi kebakaran yang dimulai sekitar pukul 16.12 wib kebakaran ini terjadi di : jalan pemuda 1 , rt.003/02 , rawamangun , pulogadung , jakarta timur",33
c_4230161d8f5c,seorang warga tewas akibat kebakaran di makassar,7
c_a060af2e1d65,kebakaran kembali terjadi di macero kecamatan belawa kabupaten wajo,9
c_174688318132,kebakaran hanguskan ratusan kios di pasar inpres lhokseumawe,8
c_461b4fe963a1,"sebuah spbu yang berada di jalan klaten-boyolali , desa gedaren , kecamatan jatinom , klaten , mengalami kebakaran di bagian atap . dugaan sementara , api berasal darikorsleting listrik . saya baru saja selesai menuang """,36
c_50eed90372b6,terjadi kebakaran pd rumah tinggal pkl . 0.54 di jl . manyar i rt 3/2 kel . bukit duri kec . tebet jakarta selatan . pengerahan 19 unit . unit tiba 1.05 . selesai penanganan pkl . 3.3 ( 11/07/2020 ) .,42
c_4304facd852c,"bpbd kabupaten tuban activity * laporan kegiatan penanganan di wilayah bpbd kabupaten tuban * * i . jenis kegiatan pemadaman kebakaran di rumah warga * ii . waktu kejadian : * hari : * jumat , 10 juli 2020 * pukul : * 22.2",44
c_3a58a924d457,terjadi kebakaran pd rumah tinggal pkl . 5.42 di jl . kali gendong kelurahan rorotan kecamatan cilincing jakarta utara . pengerahan 8 unit . unit tiba pkl . 5.5 . dalam penanganan petugas ( pendinginan pkl . 6 ) ( 11/07/2020 ) .,43
c_7a9ac39c6281,"kemarin malam sekitar pukul 22.2 wib terjadi kebakaran rumah di kelurahan sidorejo rt 5 rw 1 , kecamatan / kabupaten tuban kebakaran berasal dari konsleting listrik dari kamar gudang di lantai 2 . kemudian api",35
c_bbf4f94997f0,"kebakaran di jalan manyar rt 002/rw 3 , kel . bukit duri , kec . tebet , jakarta selatan .",20
c_4b628c709ff1,kebakaran menghanguskan mobil di kalimalang pada sabtu ( 11/7/2020 ) . pengemudi berhasil menyelamatkan diri .,16
c_466970738df1,kebakaran baru saja terjadi di jalan cisebe cikaso bandung . . petugas sedang bertugas memadamkan api . semoga api cepat padam ya wargi . sumber : . follow follow . punya,31
c_451ce1f4cf88,"video kebakaran gudang di jl mulawarman rt 59 no . 49 kel . sepinggan kec . balikpapan selatan kota balikpapan kaltim video lengkap nya di youtobe . . link : jangan lupa di subcribe , like",36
c_4c490529364e,"telah terjadi kebakaran di taman cibodas , cipanas . pukul 0 : 0 wib . belum diketahui penyebab nya . _ _ _ _ _ _ _ _ _ _ _ _ _ _ _ istimewa",36
c_744cf4e49450,kebakaran jenglot lagi musim birahi ada yg kawin yg nongton kaga punya tendeman makan nya pada meracau di temlain,19
c_5ad1e54e1e28,video kebakaran sekolah paud dan tk aisyah muhammadiyah jl cempaka ii kel . kertak baru ulu kec . banjarmasin tengah kota banjarmasin video lengkap nya di youtobe . . link : jangan lupa di,34
c_a538b33231b8,bupati gelar apel siaga hadapi kebakaran hutan dan lahan di kuningan,11
c_1e57cf383ec6,telah terjadi kebakaran di jl cempaka dekat mesjid al jihad kota banjarmasin,12
c_95fc42cc8e7d,"rekayasa keselamatan kebakaran ( fire safety engineering ) prodi satu2 nya di indonesia . ilmu yang memahami tentang memadamkan api , tetapi tidak api cemburu .",26
c_af01471a1a7e,"menanggapi kebakaran kapal perang amerika , jenderal esmail qaani : hari2 yg sangat berat sedang menanti as dan rezim zionis . apa yg terjadi saat ini di amerika khususnya insiden kapal perang , tak lain akobat kejahatan mereka sendiri . "" """,42
c_2f7c92cd22fc,"awas , 7 hutan di solo raya diminta tingkatkan kewaspadaan kebakaran . kph surakarta sebut di antaranya lereng lawu , tangen sragen hinggawonogiri !",24
c_da6381161deb,kerugian kebakaran toko di bandar olo padang ditaksir rp1 miliar via,11
c_9ee17d807d58,"kebakaran 2 toko dan gudang di padang , kerugian ditaksir capai rp1 miliar petuga",14
c_bac6cacfc738,kegiatan pengecekan dan pengalihan arus kendaraa di lokasi tkp kebakaran toko kimia di laweyan surakarta .,16
c_e4881d692668,"sehari dua kebakaran terjadi di gianyar , ini lokasi nya",10
c_7c34e3989371,"rabu ( 15/7/20 ) pukul 20.48 wib kebakaran boiler ( gudang serbuk ) di pt pwkwi ku pen kecamatan pringsurat , api dapat di padamkan oleh damkar temanggung pukul 0.15 wib .",32
c_097919bac5dd,mencegah terjadi nya kebakaran hutan dan lahan menjadi tuntutan bagi indonesia bila ingin mencapai komitmen yang diumumkan presiden di cop 21 paris . komitmen itu mendesak penurunan emisi 29 persen dibandingkan skenario business-as-usual pada 2030 .,36
c_1aa2eb8c4f8b,"laik nya agenda tahunan , kebakaran hutan dan lahan selalu berulang . dalam periode <PHONE> , bahkan diwarnai kenaikan pada tiga tahun akhir periode . terlebih di daerah-daerah dengan area gambut luas seperti riau , jambi , sumatra selatan serta kalimantan .",42
c_cb91eefc1d61,"kompi 1 yon b pelopor satbrimobda ntt dan tim jibom dpp danki 1 , iptu inacio ximenes . laksanakan pemadaman kebakaran lahan di kawasan hutan lindung ilinmedo , kampung kolibuluk , dusun lua , desa hoder , kecamatan waigete , kabupaten sikka .",43
c_d5e3e818f0d1,video kebakaran di jl . a . yani km 8 handil manarap gg arkansas rt 4 rw 2 kel . handil manarap tengah kec . kertak hanyar kab . banjar video lengkap nya di youtobe . . link : jangan lupa,41
c_af66c67dcf80,"kebakaran hebat di banda olo padang , damkar kesulitan padamkanapi",10
c_84e475e3ca49,upaya pemadaman api kebakaran kapal perang amerika di san diego telah memasuki hari ke empat . hingga sampai saat ini pemadam api masih belum padam sepenuhnya,26
c_3792f720bcb7,"kebakaran gudang milik pabrik tekstil di desa purwosuman , kecamatan sidoharjo , sragen , jawa tengah , kamis ( 16/7 ) malam .",23
c_05311536de1a,"rumah warga terbakar , babinsa kasarangan bantu padamkan api barabai - kembali kebakaran terjadi di kabupaten hulu sungai tengah . kali ini kebakaran terjadi di desa kasarangan rt 6 rw 2 kecamatan labuan amas",34
c_2233262763b3,"kebakaran di pasar juwiring klaten , gan .",8
c_4f5e29f85471,"4.54 : kebakaran di jl . mangga besar raya xiii , rt . 02/01 , no . 32 , kelurahan mangga dua selatan , kecamatan sawah besar , jakarta pusat . saat ini pemadaman telah selesai , penanganan 27 unit dpk . via",43
c_6a9bafd7883d,"3.34 : kebakaran di jl . mangga besar raya , jakarta pusat ( titik kenal rs . husada ) , saat ini dalam proses pemadaman . via",27
c_a64b9d20d658,"kebakaran warung makan di jalan mangga besar raya , jakarta pusat . sebanyak 27 unit mobil pemadam kebakaran dikerahkan ke lokasi .",22
c_3c1d52077a63,22 unit damkar dikerahkan untuk memadamkan kebakaran di rm padang di jakrta pusat .,14
c_29dc4b284b5c,seorang pemilik warung tewas dalam kebakaran di natuna .,9
c_e1f1a12ab302,"letak tepi psl pegangan agama mereka , perkara pertama yg mereka patut buat selepas kebakaran notre dame ialah buat audit terhadap gereja2 bersejarah di negara mereka , kemudian buat langkah2 pencegahan & amp keselamatan . nmpk gaya nya , tak ada langsung !",43
c_46f3fc2e7bfe,damkar banda aceh : cara sederhana menanggulangi kebakaran di rumah,10
c_37930775a0fb,"pelaksanaan simulasi kebakaran , yang dilakukan di halaman lpp rri tual , di dampingi oleh perwakilan dari dinas pemadam kebakaran untuk pegawai rri .",24
c_ed8bd60fb97a,"para pelaku kebakaran hutan dan lahan di bontang , catatan hingga juli 2020 ada 26 kasus",16
c_186fadee6405,"kebakaran toko bangunan di menganti gresik tidak timbulkan korban jiwa , api masih berkobar",14
c_c3f2bbff5596,"diskominfo banda aceh : kebakaran rumah di gampong lampisang , dpkp banda aceh turunkan mobil damkar",16
c_b468dd39e765,"menolak lupa , proyek pembangunan kcic ini disinyalir menjadi penyebab utama kebocoran & amp kebakaran besar pipa minyak pertamina di cimahi akhir oktober 2019 kemarin .",26
c_f9efcdcec2d2,"assesment ( 20/07 ) dan distribusi ( 17/07 ) bantuan logistik untuk warga terdampak bencana kebakaran di kelurahan paseban , pasar senen jakarta pusat . _ _",27
c_537062cd3904,6.25 terjadi kebakaran ruko pkl . 5.48 di jl . komplek toho blok b no . 5 kelurahan kramat muara kecamatan penjaringan jakarta utara . pengerahan 9 unit . dalam penanganan petugas ( 21/7/2020 ) . sumber,37
c_e3a0d59b1be8,"terjadi kebakaran pd rumah makan pagi sore ( lt . 3 ) di jl . kemang raya gg . kemang 4 ( titik kenal spbu shell ) kel . bangka , kec . mampang prapatan jaksel . pengerahan 4 unit . selesai penanganan pkl . 4.05 ( 21/7/2020 ) .",50
c_a31c5cf32fb8,"kebakaran di kawasan manggar sari , balikpapan timur , sekitar pukul 3 wita dinihari . saat post ini diunggah proses pemadaman tengah berlangsung , video : abi rahmans",28
c_416e4a756997,palopo online ( poliners ) bantu korban kebakaran di tombang,10
c_f61c97dbc4d9,aceh timur - terjadi nya kebakaran di gampong peulalu kecamatan simpang ulim aceh timur sekira pukul 16 wib menghanguskan tiga unit ruko permanen . senin ( 20/07/2020 ) . keterangan diperoleh dari kapolsek simpang,34
c_ed361206a4e7,damkar banda aceh : penyebab kebakaran di rumah tangga dan cara penanggulangan nya,13
c_5c860bc993b7,"fasdes dpg bersama manggala agni daops kapuas melakukan diskusi pencegahan kebakaran hutan dan lahan di kantor desa saja binjai , kec . kapuas murung , kab . kapuas , kalimantan tengah , rabu , ( 8/7/2020 ) . , lihat selengkapnya :",42
c_c15cf3b747a5,"itu tuh kayaknya kenapa kebakaran , gara2 om nya kageyama rusuh cem boneq atau jaqmania gituu . . makanya si kageyama malah ngasih tau om nya tanding di tokyo ( bukan miyagi ) , etapi tokyo ikutan jd korban",39
c_aaf69fa84615,terjadi kebakaran pd 12 rumah kontrakan pkl . 16.05 di jl . cipinang muara iii kp . kapitan kelurahan klender kecamatan duren sawit jakarta timur . pengerahan 12 unit . selesai penanganan pkl . 17.43 ( 21/07/2020 ) .,39
c_bd437b67fd79,"kebakaran terjadi malam ini sekitar 19.08 wib di jl . madumurti no 55 patangpuluhan , wirobrajan , kota yogyakarta . 1 unit damkar jogja dan 1 unit damkar bantul dikerahkan . kebakaran dinyatakan selesai pada pukul 19.4 wib",38
c_01ee49ea8ea5,"kebakaran rumah di curugpanjang lebak , kerugian ditaksir miliaran",9
c_79137a8e3561,"kebakaran hebat menghanguskan kios bensin eceran di kota tebingtinggi , sumatera utara ( sumut ) .",16
c_02b4ed8fac68,"bersama melakukan respon kebakaran di jl . m . toha terdapat 1 korban md dan langsung di evakuasi ke rsud kab tangerang . tangerang , ( 23/07/2020 ) . . .",31
c_29c11cf70593,"malah tanya , videone endi ? "" . yakali orang kaget mah buru-buru lari , bukan videoin . ngga jeda lama sii kebakaran blom ada pemadam kebaran yg kesana , dan hujan dong , dan aku lari nyari tempat teduh dan ketemu kek gubuk kecil gtuu di pinggir jalan . ngga lama berselang hujan nya reda """,57
c_1c94fe9efa4e,dalam upaya cegah kebakaran hutan dan lahan ( karhutla ) personel polsek singkawang tengah berikan imbauan di daerah rawan kebakaran .,21
c_a696ca69e065,tiga unit mobil damkar padamkan kebakaran rumah di jakarta utara,10
c_87278b069a66,"kebakaran di jalan patimura , maesa , palu",8
c_8f97484bf59d,terjadi kebakaran ( jaya 65 ) rumah tinggal di kota tangerang akibat lilin sembahyang,14
c_820363962aff,kanit binmas iptu marjalan pimpin giat himbauan dalam upaya cegah kebakaran hutan dan lahan ( karhutla ) di wilayah singkawang tengah,21
c_4f66bd189efb,"tadi malam mimpi kebakaran di hutan ( ? ) belakang rumah sampe masuk berita , gara-gara banyak sampah kertas catatan kuliah ku dulu . trus aku langsung terbang ke rumah , aku padamin pake airbender , untung animonster ku selamat semua",41
c_3e1ce0afb828,"sabtu ( 25/7 ) sekitar pukul 5.1 wita terjadi kebakaran gudang garmen dan sablon di jalan gunung ringin raya , tegal harum denpasar barat . kebakaran diduga terjadi akibat percikan api sisa pembakaran sampah . tidak ada korban jiwa dalam peristiwa ini . . info",45
c_66955f22c1db,"nyampe denpasar ada kebakaran di deket rumah , memang paling bener itu tinggal di kintamani aja bercocok tanam",18
c_898c1bb99085,"kebakaran 7 rumah di morokrembangan surabaya diduga karena korsleting : kebakaran 7 rumah di jalan tambak asri bunga rampai 5 , rw 6 , morokrembangan , surabaya , diduga dipicu oleh korsleting di salah satu rumah",36
c_b16e86fb4bb4,jalan yang sempit jadi penghambat upaya pemadaman kebakaran 7 rumah di morokrembangan,12
c_d30065b3c23d,"datangi korban rumah terbakar di maulafa , wali kota beri bantuan kupang , rnc - wali kota kupang , dr . jefirstson r . riwu kore , mm , mh . , mengunjungi korban kebakaran rumah di rt 19/rw 18 , kelurahan maulafa , kecamatan maulafa , jumat ( 24/7/2020 ) . wali kota",54
c_0beb940946db,"buka posko galang dana bantu korban kebakaran rumah penduduk di bangko , ketua gmb : terimakasih bupati rokan hilir dan paradonatur",21
c_87a91c2f0320,"kebakaran melanda sebuah rumah tinggal di kembangan , jakarta barat pada sabtu malam . sebanyak 10 mobil damkar dikerahkan ke lokasi .",22
c_13e37ea137fc,personil yang tergabung dalam sat gas preemtif ops bina karuna kapuas 2020 laksanakan giat himbauan dalam upaya cegah kebakaran hutan dan lahan ( karhutla ) di wilayah singkawang tengah .,30
c_849d1f1bed92,"sebanyak 10 unit mobil pemadam kebakaran ( damkar ) diterjunkan ke lokasi kebakaran rumah tinggal di kecamatan kembangan , jakarta barat , sabtu sekitar pukul 23 wib .",28
c_481025d09d2f,bpbd kabupaten tuban activity mohon ijin melaporkan bahwa pada hari minggu 26 juli 2020 pukul 0.2 wib telah terjadi kebakaran di dsn glagah desa temaji kec jenu tuban . obyek yg terbakar adalah lahan yg berdekatan,36
c_3e3cb2032026,"kejadian kebakaran tkp jetis pasiraman yogyakarta , sabtu 25/07/2020 pkl 11 : 45 wib di rmh kontrakan ukuran 6x6m ygmn rmh dikelola utk pengepul rongsok , api dpt dipadamkan 30mnt dgn 3 unit damkar uk sedang , tdk ada",39
c_0571338c6008,generasi milenial : taruna merah putih jakarta timur hadir berikan bantuan korban kebakaran di klender :,16
c_39d126c2a923,pemadam kebakaran dengan sigap memadamkan api di kelenteng tua di pusat kota singkawang yang terbakar .,16
c_b5ddfff6fdc8,"timesindonesia , banyumas - pmi kabupaten banyumas bertindak cepat melakukan kegiatan kemanusiaan untuk membantu korban kebakaran rumah di komplek pancurawis gang kenanga rt 2 rw 9 kelurahan purwokerto kidul kecamatan",30
c_2a0927ac9398,"sabtu 25 juli 2020 kebakaran rumah kontrakan di jl . pinang raya rt 1 rw 9 , kel . pondok labu , kec . cilandak , penanganan : 12 unit damkar , sudah dalam penanganan petugas . . . info bagasadtyap . .",43
c_2e7d46e1a4cb,"terjadi kebakaran pd rumah tinggal pkl . 23 di jl . al mubarok raya no . 54 rt 1/8 joglo , kembangan , jakarta barat . pengerahan 10 unit . unit tiba pkl . 23.08 . dalam penanganan petugas ( 25/7/2020 ) .",43
c_db1753bdebab,"kebakaran melanda sebuah rumah kontrakan di pondok labu , jakarta selatan .",12
c_b4996ae04a0a,kebakaran terjadi di 2 lokasi jakarta selatan sebanyak 12 unit mobil pemadam keb,13
c_320f13850af0,kebakaran terjadi di 2 lokasi jakarta selatan .,8
c_ca54c75d41b0,"breaking news ! terjadi kebakaran perbukitan di banjar yeh malet nyendol manggis karangasem , minggu ( 26/7 ) malam . belum di ketahui penyebab kebakaran , titik api mulai terlihat pukul 19 wita . . saat ini pihak",38
c_2d6905279031,4.08 : kebakaran rumah di jalan raya parung-ciputat ke arah parung dekat pool taksi bluebird cinangka depok . ( bpk wardi ),22
c_e4c49fde1310,"tadi pagi ada kecelakaan mobil yang ngebut , lepas kendali , dan menabrak 7 orang , di berlin . polisi , pemadam kebakaran , dan petugas yang diturunkan puluhan . anjing pelacak dan polisi bersenjata berat terlihat di tkp . mennginvestigasi apakah ada bahan peledak dan motif teror .",49
c_ae5581a3f7ef,"terjadi kebakaran di jalan cisaranten kulon ( dekat kampus al-ghifari ) , kelurahan cisaranten kulon , kecamatan arcamanik , kota bandung , minggu , 26 juli 2020 malam . . follow follow . punya",34
c_dad16008ccaa,"dalam rangka pencegahan kebakaran hutan dan lahan ( karhutla ) , bhabinkamtibmas punggur kapuas aiptu subarto mensosialisasikan maklumat kapolda kalbar tentang larangan dan sanksi pembakaran hutan dan lahan kepada sdr gustino di dusun selat kering desa punggur kapuas",38
c_c59b54e652d5,personil sat gas preemtif dipimpin iptu marjalan berikan himbauan tentang cegah kebakaran hutan dan lahan ( karhutla ) di wilayah singkawang tengah .,23
c_00f69ea88fa1,"kebakaran menghanguskan rumah tinggal di jalan budi mulia rt 001/rw 1 , pademangan barat , pademanangan , jakarta utara , selasa ( 28/7/2020 ) .",25
c_17c0bb0d462e,"saat reses , aleg pks berikan bantuan kepada korban kebakaran di malangbong garut",13
c_8a76fed51cff,terjadi kebakaran pd rumah tinggal pkl . 2.09 dini hari di jl . budi mulia rt 1/10 no . 6 gg . e4 kel . pademangan barat kec . pademangan jakarta utara . pengerahan 5 unit . dalam penanganan petugas ( 28/7/2020 ) .,44
c_b34a334ecc8d,"serius yang beginian ditanya ? di sumatera ga ada apa-apa , hutan semua . mangkanya kalau musim kemarau suka kebakaran hutan + kabut asap . kami di sini ga ada mcd , mall , chatime , xiboba , janji jiwa dan sejenisnya itu kami ga ada . hidup kami disini berburu dan meramu .",54
c_507505d81dde,"rabu ( 29/07/2020 ) anggota sektor ii koja melaksanakan giat sosialisasi himbauan antisipasi covid-19 dan pencegahan kebakaran kepada warga di kelurahan lagoa dan kelurahan koja , kecamatan koja , jakarta utara .",32
c_0e86a03eff31,"kamu tetep anak papa , nanti kalo ada orang yang ngatain kamu papa yang bakal ngadepinadek makin nangis pa . belum lagi pas di pondok kebakaran jam 3.3 pagi papa udah nyamperin adek di pondok . ily so much terimakasih dan sayang ku gaakan bisa aku untaikan dalam kata kata pa",51
c_ee5dd7295963,"team jakarta barat berbagi kasih dari donatur untuk korban kebakaran di panti asuhan taruna jakarta timur . jakarta barat team distributes blessings from our contributors to the fire victims at taruna orphanage , jakarta timur .",36
c_caf2b6fff85f,"petugas pemadaman kebakaran ( damkar ) kabupaten serang siang tadi melakukan penyelamatan korban tercebur kedalam sumur di taman sari , kel . cimuncang , kota serang banten , selasa ( 28/7/2020 ) . korban tercebur sumur karena pengaruh minuman beralkohol . video : damkar kab serang",46
c_b617e44114b1,bapak kapolres pekalongan kota didampingi oleh bapak kasatlantas polres pekalongan kota mengecek lokasi kebakaran di mansyur dikyasalantasrespklta min_lantas_respklkota update . lantaspekalongankota,21
c_e261f4b4f325,bapak kapolres pekalongan kota di dampingi bapak kasatlantas polres pekalongan kota melakukan pengecekan lokasi kebakaran di jalan kh . mansyur @ pekalongan,22
c_111e8115690a,"medan marelan , ( rabu , 29/07/2020 ) terjadi kebakaran pada pukul 0.3 wib , berlokasi di lk . 5 , kel . rengas pulau , kec . medan marelan . depan spbu . objek terbakar 1 unit bangunan permanen , dan 2 unit mobil minibus",46
c_8499827134fd,granat paluta galang dana bagi korban kebakaran di padang bolak,10
c_b8c37ce0c98e,pusat nya alat pemadam kebakaran di glodok jakarta barat hubungi pt satria saftindo <PHONE>,14
c_3dcf270181f9,"kebakaran rumah di barru sulsel , wanita dan balita tewas : kebakaran 3 rumah dan 1 kios",17
c_f97fb8db5f71,kebakaran hebat di sintang hanguskan puluhankios,6
c_b22f45310ced,kebakaran hebat di kabupaten barru tewaskan ibu dan anak .,10
c_49bd2ae4653e,"baca komentar petisi . pernah bekerja di proyek redd+ kalimantan tengah , melihat sendiri lokasi kebakaran lahan gambut di kalteng & amp sepanjang perjalanan dr kab kapuas menuju bandara di kalsel sepanjang tahun 2010 - 2015 . lewat",38
c_88a0cf135fe9,"kebakaran maut di barru sulsel , ibu dan anak tewas",10
c_c0757b9f8456,perhutani gelar apel siaga pengendalian kebakaran hutan di wisata bukit seribu besek purworejo,13
c_a2b5d88836a5,kebakaran mobil truk di lintas jambi tebo di duga dari kampas rem yang lengket dan menimbulkan percikan api .,19
c_82a7f5c81b80,perhutani dan stakeholder adakan sosialisasi penanganan kebakaran hutan dan lahan di jeruklegi cilacap,13
c_18cc22a94b03,terjadi kebakaran pd tumpukan pallet pkl . 5.14 di jl . dr . soemarno kelurahan pulogebang kecamatan cakung jakarta timur . pengerahan 3 unit . unit tiba pkl . 5.2 . dalam penanganan petugas ( 1/8/2020 ) .,38
c_218f0493f86a,parah nih jam segini kebangun karena alarm kebakaran hotel nyala . ternyata krn ada pengunjung hotel nge vape d lorong hotel . modar kau di hantam nya sama orang palembang . lari apa otak mu nge vape d lorong hotel,40
c_005323524e2d,"kebakaran di cisurupan , tiga rumah dan dua kandang domba hangus jadi abu "" gosip garut via gosipgarut",18
c_a3ce06d0d6ae,"kebakaran kembali terjadi di muara kaman , 7 bangunan di desa tunjungan terbakar",13
c_e60fe72c602d,dua aula polsek disiapkan untuk lokasi pengungsian kebakaran di balikpapan,10
c_2835cddf67e5,"minggu 2 agustus 2020 pukul 21.45 wita terjadi kebakaran di jl . yos sudarso rt . 9 kelurahan prapatan balikpapan kota asal api belum diketahui , penyebab kebakaran masih dalam penyelidikan pihak kepolisian jumlah",34
c_9d430324316c,3 petugas damkar terluka saat padamkan kebakaran di kota balikpapan facebook : instagram :,14
c_c1629017874a,"kebakaran di gunung kemendur balikpapan , 2 petugas damkar dilarikan ke rs kebaka",13
c_78482452fdeb,"diterima informasi ada kebakaran di jalur 2 jalan poros samarinda - tenggarong , kabar nya dekat gudang lpg . . via : kabar . samarindaofficial _ _ _ _ _ _ _ _ _ _ _ _ _ _",39
c_ae448ec8dc3d,"kebakaran di polewali mandar , selengkapnya di :",8
c_8b8ae958cb02,kalau tidak salah buku ini ada fragmen menceritakan kebakaran di pasar lama bandung . buku ini bisa didapat di mana kak ?,22
c_c4c977907e34,siasatan juga mendapati kebakaran di kilang mercun itu disahkan berpunca daripada bahagian makmal yang menjalankan kerja-kerja menguji mercun yang siap untuk dipasarkan .,23
c_f0862ede25a2,"sebelum tidur aku liat berita ini , oooh kebakaran di pabrik petasan . eh bangun tidur aku liat kok jadi kek hiroshima nagasaki . explosion area nya luas banget . innalillahi wa innalillahi rajiun",34
c_cb48eb08d0b1,"kebangun gara2 mimpi buruk tentang kebakaran deket rumah berujung explosion kecil smpe lantai retak , setelah sadar hanya mimpi lalu buka ig , ada yg lebih seram dari itu di kehidupan nyata beberapa saat yg lalu",36
c_0de6b93d9a5b,"kondisi pagi ini , pasca kebakaran toko tunggal jaya ayauw , yang terletak di jalan kartini rembang",17
c_f99034da7d0f,breaking news kebakaran besar landa kawasan permukiman padat di samarinda - tribun kaltim,13
c_77635438d1ef,diskominfo banda aceh : pemko salurkan bantuan masa panik kepada korban kebakaran di panteriek,14
c_5fa7dde80d9f,"damkar banda aceh : keren , truk pemadam kebakaran di masa depan ini canggih banget !",16
c_84909f82fdd9,05/08/2020 20.24 kebakaran lahan kosong di jl pakel baru sorosutan umbulharjo yogyakarta . 2 unit damkar yogyakarta dikerahkan ke lokasi kebakaran untuk pemadaman . penyebab kebakaran karena membakar sampah . kebakaran selesai 21,33
c_15f48b5e4279,terjadi kebakaran sore kemarin pkl . 15.45 di saung balkon lt . 4 pt . intregrity indonesia jl . rs . fatmawati no . 57b rt 8/5 kel . cilandak barat kec . cilandak jaksel . selesai penanganan pkl . 16.25 ( 6/8/2020 ) .,45
c_f3d5a5ce6740,"namun amarah ayah nya selalu menjadi penghalang . jericho tidak ingin ada kebakaran di rumah nya . tidak , imajinasi itu berlebihan . jericho selalu takut dengan aturan ayah nya . termasuk mengendarai motor sebelum memiliki sim . gak ah , nanti ayah aku marah . "" """,48
c_1c9961eab53c,kebakaran melanda 2 titik di jakarta utara .,8
c_42311ac3a334,terjadi kebakaran pd rumah tinggal pkl . 4.1 di jl . pluit permai ( titik kenal belakang pos damkar pluit ) kel . pluit kec . penjaringan jakarta utara . pengerahan 6 unit . dalam penanganan petugas ( 8/8/2020 ) .,41
c_f51d1a03160c,polisi selidiki penyebab kebakaran pabrik di sentulbogor,7
c_879e3a4241a9,"terdengar ledakan , kebakaran pabrik di sentul belum padam",9
c_5e328a32d3b8,dpc pdi perjuangan kabupaten garut kembali santuni korban kebakaran di pasirwangi garut,12
c_183b95911795,"cegah kebakaran hutan kebun dan lahan di muba , bupati dodi reza alex noerdin turuntangan",15
c_66f8767ae9bc,kebakaran di ende via,4
c_d8360c95ee96,"omongan mas masih bau bisnis . belum dengar cerita sengketa terkait sawit , cerita kasus kebakaran gambut , cerita kasus pekerja outsourcing . bahkan dengar cerita rasa buah durian yang dipetik di lahan sawit mas belum pernah mungkin : hambar , tak manis . hara nya habis duluan di tanah",50
c_254dc7637ff2,polsek_pml_res_pml _ anggota polsek pemalang kota melaksanakan patroli hutan jati milik perhutani guna antisipasi terjadi nya kebakaran hutan saat musim kemarau di wilayah pemalang,24
c_0661b7dbca5c,"2.47 : kebakaran ruko di jalan raya merdeka , cimone , kota tangerang dan lalin dilokasi padat . ( p . dedi )",23
c_76db693dccb7,kebakaran disertai ledakan terjadi di pabrik etanol pt . enero mojokerto,11
c_09f93581accc,"personil kodim 1608/bima , bantu padamkan sisa puing kebakaran di samili",11
c_da3a548da211,tadi baca disebabkan kebakaran yang ada di pekanbaru ya . syukur lah kalau sudah normal haha,16
c_f3e9d6adf9ce,kebakaran lahan di ogan ilir .,6
c_195411de55b6,kantor nya kebakaran di pekanbaru,5
c_01620dea03f9,"gedung telkom ada yg kebakaran gi kata nya di pekanbaru , makanya jaringan langsung pada keputus .",17
c_9ebc9093bb81,"berita sebelumnya menyebutkan kebakaran terjadi di duri selatan , yg mana yg benar ya ?",15
c_b8a776af92c1,"apakah area lampung terkena dampak kebakaran tersebut ? ini indohome nya lemot , dah di restar berulang2 sama saja . .",21
c_32d8d25305ee,"halo kak hendra . maaf atas kendala nya , saat ini sedang terjadi pemeliharaan jaringan akibat kebakaran yg terjadi di sto telkom pekanbaru . namun kondisi dilapangan , api telah berhasil dipadamkan dan masih dalam proses pemulihan layanan . terima kasih - isal",43
c_e2a077ca4f0a,"telah terjadi kebakaran toko perabotan di jalan mataram , legian , badung , kamis ( 13/8 ) pagi . belum diketahui kronologi dan penyebab terjadi nya kebakaran . saat ini sedang dalam penanganan tim damkar . . info dari",39
c_e663cd9697f3,"gak perlu min , efek kebakaran di pekanbaru , skrg udeh normal",12
c_b4e4971e1b53,"selamat malam kak putri . maaf menggangu aktifitasnya kak , arel cek pada nomor internet kakak saat ini sedang terdampak dari maintenance jaringan di lokasi nya akibat kebakaran yg terjadi di sto pekanbaru . estimasi waktu perbaikan selama 12 jam dan saat ini ( 1/2 )",46
c_1d6d5844fbc4,"setelah sempat mengalami gangguan imbas kebakaran fasilitas sentra telepon otomat ( sto ) di pekanbaru , selasa ( 11/8/2020 ) , memastikan layanan komunikasi nya di wilayah sumatera sudah pulih .",31
c_dffebaff72e3,"telah terjadi kebakaran kapal di pelabuhan benoa , rabu ( 12/8 ) belum diketahui penyebab kebakaran kapal , saat ini sudah dalam proses pemadamam api oleh tim damkar . info kiriman kityangelarima via",33
c_d8925a79354a,"pmi provinsi dki jakarta memberikan bantuan kepada warga korban kebakaran di rt.01 , 02,03 rw . 5 kelurahan duri selatan , kecamatan tambora , jakarta barat . rabu ( 12/8 ) bantuan tersebut diberikan secara simbolis oleh",37
c_a3f4db82d4dd,polisi selidiki penyebab kebakaran hpbb telkom di pekanbaru,8
c_f4d30c84e306,news video kebakaran yang terjadi di kampung baru ujung balikpapan nyaris menyambar kapal - tribun kaltim,16
c_0501f666c61f,belum lagi wacana proyek food estate yg sudah terbukti gagal kembali dilakukan lagi . masih jelas ingatan kami apa yang diberikan plg untuk kehidupan di tanah kami . kebakaran hutan & amp banjir tiap tahun menjadi kegiatan rutin selama 24 tahun di kawasan plg .,45
c_610375b8742b,"dan tidak lupa , udara kami kalian cemarkan dengan asap kebakaran hutan yg kalian lakukan untuk membuka lahan . setelah semua penindasan itu pun kalian merasa belum puas menghajar kami , baru ini kami di cegat ketika ingin melakukan ritual yg diajarkan leluhur kami .",45
c_a8d2bd145579,"kak kevin , setelah anti cek untuk dm sudah direspon ya dan dilaporkan dengan nomor tiket in 73 12 59 38 . sebagai informasi , saat ini telkom group sedang melakukan pemulihan khususnya di sebagian area pekanbaru karena terdampak terjadi nya kebakaran di area ( 1/2 )",47
c_11eb6f1f9c9e,"malam kak danang . informasi yg kami terima saat ini untuk wilayah pekanbaru sedang terjadi gangguan yang disebabkan karena ada nya kebakaran di sto pekanbaru , dan ahsan cek untuk lokasi kak danang terkena dampak gangguan , namun pemulihan layanan sedang diu ( 1/2 )",45
c_789776b65625,"malam , kak salma . akan segera di balas ya tapi saat ini sedang terjadi gangguan layanan indihome akibat kebakaran yang terjadi di sto pekanbaru . team teknis on progress pemulihan layanan . mohon berkenan menunggu progress nya selesai ya kak . terima kasih . - ersad",47
c_d1064ddf7acd,"iya , kak vian . informasi yg dimen terima saat ini untuk wilayah pekanbaru sedang terjadi gangguan yang disebabkan karena ada nya kebakaran di sto pekanbaru . namun pemulihan layanan sedang diupayakan secara optimal oleh tim terkait . oh iya , agar dapat dilak ( 1/2 )",47
c_66cc05cb1d65,"maaf kak sisca , saat ini sedang terjadi pemeliharaan jaringan akibat kebakaran yg terjadi di sto pekanbaru . namun kondisi dilapangan , api telah berhasil dipadamkan dan masih dalam proses pemulihan layanan . agar nantinya dicek secara berkala mengenai jarin ( 1/2 )",43
c_3f361c4ebd52,"saya air sign , lalu sering tertarik dengan fire sign . kebakaran udah kalau gabisa di kendalikan oleh avatar masing masing .",22
c_f96809e62a86,damkar banda aceh : alat pemadam kebakaran penting di mobil,10
c_7952fd5bf010,dpc pdip palembang berikan bantun kepada korban kebakaran di kelurahan 32 ilir,12
c_4332e1b90681,polisi selidiki penyebab kebakaran hpbb telkom di pekanbaru : personel mengidentifikasi penyebab terjadi nya kebakaran yang menyebabkan lumpuh nya seluruh jaringan telkom di riau dan provinsi lain nya .,29
c_fd15854ff910,"makasih buat data yang diberikan . mimin infoin ya kak , saat ini layanan di sejumlah wilayah di sumatera yang sempat terganggu akibat kebakaran di sto telkom di pekanbaru masih dalam penanganan oleh tim terkait : ) - rino",39
c_4caf5047a51f,"wae wuul ini adl cagar alam habitat komodo di flores daratan , seluas 1 , 484.44 ha di sisi timur tnk . di dekat sinilah lokasi kota baru kek golo mori . di sini diserang kebakaran , di dlm tnk diserang klhk yg serahkan 470,7 ha kpd investor resort dan bisnis wisata .",53
c_1667682d3425,"peduli , dpc pdi-p garut gerak cepat bantu korban kebakaran di kecamatan cigedug lewat fakta",15
c_45cc7ee63af2,"kebakaran di 2 rt kelurahan tanjung laut indah bontang selatan , yang menghanguskan puluhan pemukiman warga sekitar , langsung direspon pupuk kaltim melalui penyerahan bantuan bagi para korban bencana . . bantuan oleh",33
c_8bd25975027f,"karena kebakaran di kantor telkomsel riau , daerah riau ke atas tdk ada sinyal . propinsi aceh , sumut , riau & amp kepri semua dpt * 888 * 20# . dpt 5 gb & amp tlp berlaku 2 hr .",41
c_972dc68630c5,"kebakaran melanda kawasan cagar alam wae wuul , komodo : salah satu habitat komodo , yakni dikawasan cagar alam wae wuul di desa macan tanggar , kecamatan komodo , kabupaten manggarai barat terbakar terbakar pada kamis malam , 13",39
c_dbbb15847964,"kebakaran di barusuda cigedug , hanguskan rumah panggung dan madrasah "" gosip garut via gosipgarut",15
c_ed2d68a3747b,"selamat malam sobat , mohon maaf saat ini sedang terjadi gangguan layanan indihome akibat kebakaran yang terjadi di sto pekanbaru . team teknis on progress pemulihan layanan . kami upayakan secepatnya kendala nya segera solved . terima kasih - radi",40
c_387d18ca86b8,"kebakaran sempat terjadi di salah satu wilayah di kawasan taman nasional komodo di labuan bajo , kab . manggarai barat , ntt . wilayah cn dive yang terbakar saat ini sudah berhasil dipadamkan . simak ! kapolres manggarai barat akbp bambang hari wibowo .",44
c_6e71db400508,kebakaran landa perbukitan cagar alam di manggarai barat,8
c_841b96367a3a,kebakaran di manggarai barat ntt di luar taman nasional komodo pihak taman nasio,13
c_8b4d2cb81c7f,"kebakaran di sto pekanbaru centrum , layanan telkomgroup area sumatera pulih",11
c_d356afff6ca6,"maaf kak febri , saat ini sedang terjadi pemeliharaan jaringan akibat kebakaran yg terjadi di sto pekanbaru . namun kondisi dilapangan , api telah berhasil dipadamkan dan masih dalam proses pemulihan layanan , silakan informasikan nomor internet dan nomor hp ( 1/2 )",43
c_af8a42beac69,"dua bocah di jambi terjebak api saat kebakaran melanda rumah nya . satu di antaranya berhasil diselamatkan , namun satu nya lagi tewas dalam kejadian itu .",27
c_d8a0b98f5c0a,"sempat lumpuh di 94 kota di wilayah sumatera lantaran terjadi nya kebakaran di fasilitas sentra telepon otomat ( sto ) telkom di kota pekanbaru , beri kompensasi kuota 5gb seharga rp 1 untuk pelanggan di sumatera .",37
c_c5e18a51b7a7,"dalam rangka menyambut hari jadi polwan ke-72 tahun 2020 . kapolsek iptu khamdari , dampingi kasat narkoba akp elce angelina , beserta rekan rekan polwan polres banjarbaru , melaksanakan bakti sosial memberikan bantuan sembako kepada korban kebakaran , di kel . cempaka , jumat ( 14/08 )",47
c_131fb43ef206,[ sabtu jam 9.05 wita tanggal 15 agustus 2020 desa kayu rabah kec . pandawan ] telah terjadi musibah kebakaran yang menghanguskan 1 ( satu ) bangunan rumah milik bapak harto . adapun asal usul api belum di ketahui dan menghanguskan 100% rumah tersebut .,45
c_597428639a86,"halo , kak dhil . informasi yang kami terima saat ini untuk wilayah pekanbaru sedang terjadi gangguan yang disebabkan karena ada nya kebakaran di sto pekanbaru , namun pemulihan layanan sedang diupayakan secara optimal oleh tim kami di lokasi . terima kasih . - esther",45
c_b41a1e85f7b7,"minggu 16 agust 2020 kebakaran kios bensin ( pombensin mini ) di jl . raya bogor titik kenal depan rs harapan bunda rt 1/9 ciracas , jaktim . sudah penanganan petugas damkar dengan menerjunkan 2 unit mobil",37
c_0095f6afd566,"yaamppun so sad cit : ( di riau siang nya hilang sinyal sampai malem , gegara ada kebakaran di telkomsel pusat nya : (",24
c_58e62a95de77,"minggu 16 agust 2020 kebakaran pada lapak pom bensin eceran di jl . raya bogor , depan rs . harapan bunda , jaktim , sudah dalam penanganan petugas . . . cc",32
c_cd2d843119a9,"si tambahan untuk wilayah pekanbaru sedang terjadi gangguan yang disebabkan karena ada nya kebakaran di sto pekanbaru , dan tadi sempat terjadi gangguan nasional beberapa saat , namun kami dapat informasikan layanan mulai kembali normal . terima kasih - arvi ( 2/2 )",43
c_c7279c04a6c6,terjadi kebakaran pd kios bensin ( pembensin mini ) pkl . 0.08 di jl . raya bogor titik kenal depan rs harapan bunda rt 1/9 ciracas jaktim . pengerahan 2 unit . dalam penanganan ( 16/8/2020 ) .,38
c_a2511d2e6cc1,"kak andhi , mohon maaf hasan cek jaringan internet di lokasi kak andhi saat ini masih progress pemulihan pasca kebakaran yang terjadi di sto pekanbaru , diupayakan secepatnya terselesaikan pemulihan nya agar jaringan internet bisa kembali normal ya kak . per ( 1/2 )",44
c_e19319129c09,"paket data spesial telkomsel ini ditawarkan kepada pelanggan di sumatera sbg bentuk apresiasi . selain itu juga telah terjadi nya penurunan layanan ketika telkomsel down akibat dampak kebakaran di fasilitas sentra telepon otomat ( sto ) telkom di kota pekanbaru , selasa ( 11/8 ) kemarin",46
c_84fa77d2ce14,"1.27 : kebakaran gudang obat batik di jl . pramuka pabean , pekalongan , jateng pukul 0 wib . penyebab kebakaran belum di ketahui , dugaan sementara berasal dari korsleting listrik dan api berhasil di padamkan . via instagram wulanmeliliaaa",40
c_101521795fe2,"gudang obat batik di jalan pramuka pabean , padukuhan kraton , terbakar pada senin ( 17/08/2020 ) sekitar pukul 0 wib . penyebab terjadi nya kebakaran belum di ketahui , dugaan sementara berasal dari korsleting listrik . beruntung api berhasil di padamkan . via",44
c_67cb2f0792f1,mahkamah tinggi kuala lumpur memerintahkan seorang remaja lelaki ditahan di penjara selama diperkenankan yang di-pertuan agong setelah didapati bersalah membunuh 23 individu dalam kebakaran di pusat tahfiz darul,28
c_11d087dcc3d3,"remaja bakar tahfiz dipenjara hingga dapat pengampunan agong [ metrotv ] : kuala lumpur : mahkamah tinggi kuala lumpur , hari ini , mensabitkan seorang remaja lelaki bersalah membunuh 23 individu dalam kebakaran di pusat tahfiz darul quran ittifaqiyah , kuala",41
c_99ce4b7b720e,"halo sobat , mohon maaf arini sampaikan untuk saat ini di lokasi kakak masih dalam progress pemulihan pasca kebakaran yang terjadi di sto pekanbaru , diupayakan secepatnya terselesaikan pemulihan nya agar jaringan nya bisa kembali normal ya kak . terima kasih - arini",43
c_1ef313c835de,pembunuh dijatuhkan hukuman penjara mahkamah tinggi kl dapati remaja lelaki berumur 19 tahun bersalah membunuh 23 individu dalam kebakaran di pusat tahfiz darul quran ittifaqiyah pada 2017 .,28
c_035b1eeb1954,"kebakaran hutan di blok pajaten cirendang desa padabeunghar kecamatan pasawahan kabupaten kuningan , senin 17 agustus 2020 , telah berhasil dipadamkan pada pukul 20.15 wib . saat itu , langsung mengerahkan 1",32
c_eb8e4a7e5246,ternyata indihome error itu karena kebakaran di pekanbaru ya sksksk pantas jelek bgt sinyal nya gabisa buka yt,18
c_730e0d975561,mangsa telah ditimpa kemalangan kebakaran pada <PHONE> yang lalu akibat letupan gas memasak dalam rumah . kemalangan tersebut menyebabkan puan suratun nur bt sahwan cedera teruk ( melecur ) di anggota badan sebanyak 32% dan terpaksa menahan kesakitan setiap hari .,41
c_931fb35d700a,"team jakarta barat mengunjungi korban kebakaran di tambora jakarta . jakarta barat team visits fire victims at tambora , jakarta barat .",22
c_dcd8f10ebf20,"malam kak felim . jawin informasikan perihal jaringan internet nya , setelah di lakukan pengecekkan saat ini team teknisi sedang dalam progress pemulihan layanan jaringan internet nya pasca kebakaran yang terjadi di sto pekanbaru . terima kasih - jawin",39
c_9a050fd0022a,"rabu 19 agust 2020 kebakaran rumah di jl . kartini 10 , rt.003/rw . 9 , kel . kartini , kec . sawah besar , jakarta pusat dengan penanganan 12 unit damkar . . . info jakpus . informasi . .",41
c_4c7f5024a72f,"pagi ! : pandemi covid-19 belum reda , sementara itu gempa , banjir , kebakaran dll terjadi pula diberbagai wilayah di indonesia . penderitaan masyarakat bertambah , maka hanya tuhan yang mahakuasa dan sifat sabar saja yang pasti menolong nya !",41
c_5e5872eb7aec,"sejak diluncurkan , cctv asap digital telah berhasil memantau dua kebakaran yang berhasil dipadamkan dalam waktu yang cepat , yakni di sungai aur dan di suak kandis , kabupaten muarojambi .",31
c_4698d6712cfb,"telah terjadi kebakaran di bukit kawasan desa pemuteran buleleng , rabu ( 19/8 ) malam ini . video credit uncledick13 via . .",23
c_3bb4cea2ce8e,ada yang kelupaan gua juga kaget ternyata yang mademin itu kebakaran bukan cuma tetangga ada juga 2 mobil pemadam kebakaran coy berarti ya luas banget anjirrr dan gua tau ada pemadam itu karena di ceritaim temen gua beberapa waktu lalu saat temen gua lagi ke bandung,46
c_061fa8f5f908,"lagi gotong royong buat mademin api kebakaran di kebun bambu itu gua langsung sembunyi di balik tiang listrik dan gua doa dalam hati gini semoga aja bukan karna petasan tadi yang di mainim dan di lempar ke kebun bambu "" gua berdoa iti sambil hati yang deg deg an karna takut wkwk """,53
c_428857798f4c,"terdengar ledakan dan kebakaran , saluran jargas di lamongan bocor .",11
c_f9589de79bf3,"kanit binmas polsek banjarbaru timur iptu hadi suprayetno , mendampingi pramuka saka bhayangkara dalam melaksanakan bakti sosial memberikan sembako kepada korban kebakaran , di kelurahan cempaka kota banjarbaru , kamis ( 20/08 ) .",34
c_06719f3488e9,sejumlah organisasi salurkan bantuan untuk korban kebakaran di aceh tengah dan bener meriah lewat . co.id,16
c_5b4717ca4952,"info kebakaran : medan marelan , ( kamis , 20/08/2020 ) terjadi kebakaran pada pukul 21 wib , berlokasi di jl . titi pahlawan lingk . 4 kelurahan rengas pulau , kec . medan marelan . objek terbakar , sebuah pabrik",41
c_143924bc4254,"kebakaran hebat melanda sebuah bangunan yang dijadikan usaha pabrik pengolahan udang impor milik pt sarana ayu semesta ( sas ) di jalan titi pahlawan kelurahan paya pasir kecamatan medan marelan , kamis ( 20/8/2020 ) malam .",37
c_2199b2f98fe1,"innalillahi wa innailaihi raajiuun telah terjadi musibah kebakaran pada selasa ( 18/8/2020 ) pukul 22.4 yang berlokasi di jl . kartini rt03/09 kel . kartini , kec . sawah besar , jakarta pusat . sebanyak 25 rumah hangus",38
c_ed65f4fd5db8,video unit pmk kompair66_fire_fighter meluncur menuju kebakaran di jl kelayan a rt 1 rw 1 kel . murung raya kec . banjarmasin selatan kota banjarmasin video lengkap nya di youtobe . . link :,34
c_0fdd73df86e9,"hai , kak tiyar . untuk sejumlah wilayah di sumatera yang sempat terganggu akibat kebakaran di sto telkom di pekanbaru saat ini sudah normal kembali ya kak . apa ada yang bisa mimin bantu kak mengenai seputar produk dan layanan telkomsel-nya ? makasih : ) - intan",47
c_ccb9840c74f1,"min , ada update seputar kebakaran yang terjadi di pekanbaru ? apakah sudah kembali atau masih down ?",18
c_51017fb41a69,damkar kota depok menerima laporan kebakaran lapak di samping tol cijago sekitar pukul 2 wib . kini masih proses pemadaman .,21
c_5b24299fb2da,"kebakaran di spbu sijunjung , mobil dan sepeda motor dilalapapi",10
c_9ce4354bc085,"sabtu ( 22/08/2020 ) pukul 1.3 wita . terjadi kebakaran di poros samarinda - bontang km 37-38 , kec . sungai siring . dalam kejadian tersebut 1 unit rumah hangus terbakar . @ sungai siring",35
c_5ee7391b1fb1,"2.29 : kebakaran bangunan semi permanen di kawasan cisalak , cimanggis , depok , jabar tepat nya di samping tol cijago dan saat ini sedang dilakukan upaya pemadaman oleh petugas , sabtu ( 22/8 ) dini hari . ( ros )",41
c_e5e5a785e43d,"telah terjadi kebakaran di kp . leweng gede parahu , sukamulya balaraja sampai informasi ini di dapatkan masih belum di ketahui penyebab kebakaran nya , yang tau info nya bisa komen di kolam komentar dm via sobatnet",37
c_455365f2cb70,"5 unit damkar diterjunkan untuk memadamkan kantor kejaksaan agung yang terbakar terjadi kebakaran di kantor kejaksaan agung , jalan sultan hasanudin dalam , kebayoran baru , jakarta selatan .",29
c_6f4064a1bb15,hutan di california kebakaran lagi . peringatan serius buat yg di sini . jangan sampai tragedi karhutla terulang lagi & amp memperburuk dampak pandemi is a,26
c_0ec0e18a2dae,"rupanya ada yg sedikit janggal , kebakaran besar di kantor pada hari weekend , dengan cepat menghabiskan bagian seluruh gedung 6 lantai , dan sampai sekarang belum diketahui kronologis penyebab nya , hmmm",33
c_2a2adeeee08a,"lagi , kembali terjadi kebakaran di aceh tengah lewat . co.id",11
c_5c121b83b7de,11 jam kebakaran di gedung kejaksaan agung belum juga padam,10
c_2c6a0ede1878,"video kebakaran di jl kelayan a gg 12 ujung rt 22 rw 1 kel . kelayan dalam kota banjarmasin . video lengkap nya di youtobe . . link : jangan lupa di subcribe , like dan",36
c_0f06a2e0eb34,"belum pernah terjadi dalam sejarah nkri ( mungkin juga dunia ) gedung kejaksaan agung yg merupakan instansi vital kebakaran hebat , bertepatan di era rejim yang banyak kasus mega korupsi nya . . kebetulan kah ?",36
c_93bd78b19a8e,"kembali terjadi , kebakaran di kelayan a hanguskan dua rumahwarga",10
c_4a7bd038d88f,"inikan nama nya pemborosan , tdk tepat beli alat nya untuk apa . . . pakai robot efektif untuk demo kebakaran aja di lapangan terbuka dan medan yg datar tanpa halangan kayaknya . hal ini hrs jelaskan .",38
c_70bfe2af021b,"bakar sate : warga bandung bakar rumah : peristiwa bandung lautan api adalah peristiwa kebakaran besar yang terjadi di kota bandung , provinsi jawa barat , indonesia pada 23 maret 1946 . dalam waktu tujuh jam ,",37
c_05ecbaa6e168,"banjarnegara ( 23/8 ) relawan pmi bna distribusikan bantuan logistik & amp keperluan lai nya untuk korban kebakaran di ds . kecitran , kec . klampok",26
c_ea75ba9765dc,"1 keluarga tewas , kebakaran rumah di riau , begini kronologis nya baca & amp shere ya . ?",19
c_c3b1b2ebb132,polisi selidiki penyebab kebakaran dua pasar di makassar,8
c_78e52927202f,"gotong royong peduli korban kebakaran kebakaran yang terjadi senin malam ( 24/08 ) di dusun air itam timur , kec penukal kabupaten pali sumatera selatan sekitar pukul 19.3 wib . hal ini mengakibatkan satu rumah dua",36
c_f834bb2611a4,"tiga hari pasca kebakaran di gedung kejagung ri , penyebab kebakaran masih misteri , polisi ambil cctv : indonesia dikejutkan dengan kebakaran yang melanda gedung kejaksaan agung ( kejagung ) ri yang berada di jakarta selatan , beberapa hari yang lalu .",42
c_4a6dfbe77eb5,"sejak awal tahun hingga saat ini , sudah ada 84 kasus kebakaran di makassar . kebakaran paling banyak terjadi di bulan agustus ini . umum nya penyebab kebakaran adalah arus pendek listrik . karena itu warga diminta selalu waspada terhadap peristiwa kebakaran",42
c_bd04b5e36612,dpc pdi perjuangan kabupaten garut kunjungi 5 keluarga korban kebakaran di limbangan,12
c_04e99eb8d58c,"rabu ( 26/8 ) malam , terjadi kebakaran rumah warga di desa yeh sumbul , mendoyo , jembrana , tepat nya disebelah selatan kantor desa . hingga kini belum diketahui penyebab dan kronologi terjadi nya kebakaran . . info dari via",41
c_03d77b36a9c4,"kamis 27 agustus 2020 pukul 3.45 wita kebakaran di jl . karang jati dalam rt 19 dan 20 kel . karang jati balikpapan tengah menghanguskan 4 unit rumah rt 19 : 2 rumah , rt 20 : 2 rumah + 1 warung dan 2 unit r2 ( sepeda",48
c_d67c8422367e,kebakaran di kejaksaan agung | | kejagung kebakaran | | kejagung jakarta selatan kebakaran | trending in indonesia asian networkmedia,20
c_9bf6c2fe1722,"- - - - - - sebuah utas - - - - - - - jaksa agung di pusaran pinangki , tjoko tjandra dan terkadang alam semesta ikut memberikan tanda terhadap suatu keburukan lewat bencana . katakan lah kebakaran di gedung memang murni akibat kelalaian hingga melahap satu gedung",49
c_ee1e15fc72f9,"6.49 : dinas pemadam kebakaran ( dpk ) kab . bogor : informasi sementara kebakaran sampah dan rongsokan di daerah cirimekar , bekang , cibinong , kab . bogor , sekitar pukul 6.1 wib . sudah dikirimkan 3 unit mobil pemadam kebakaran ke lokasi .",45
c_59c482ee0ca9,"laznas wahdah inspirasi zakat salurkan bantuan untuk korban kebakaran di pannampu makassar makassar - - kebakaran melanda pemukiman padat penduduk di belakang pasar pannampu jalan indah 4 , rt . 5 /",32
c_57feea8a1bbb,"kebakaran terjadi di polsek ciracas , jakarta timur .",9
c_9c286e3182b1,"penyerahan bantuan 15 sak semen dri sahabat pac ansor cirinten kpd bp imong , korban kebakaran di kp cihaladan ds badur kec cirinten lebak - banten .",27
c_47426be3ca3b,"kebakaran lahan di ogan ilir , warga : sudah langganan setiap tahun",12
c_5f289086f6e6,"melihat pemberitaan , ketua dpc pdi perjuangan kabupaten garut sigap kunjungi korban kebakaran di pamengpeuk",15
c_8de29e94b9d4,"di kantor penataran rutin : 1 . masalah deskriminasi 2 . masalah sexual harassment 3 . keselamatan dari serangan orang gila beresenjata 4 . keselamatan dari kebakaran 5 . pemakaian alat pacu jantung di tiap komputer ada panic button "" , hati2 dengan tombol ini . orang baru sering kepencet ! """,52
c_99c1cc295052,"hai kak darma , michel informasikan kendala koneksi jaringan yang terjadi pada koneksi internetnya , saat ini masih recovery di area eks kebakaran sto pekanbaru , agar segera kembali normal serta masih dalam penanganan lebih lanjut oleh tim kami di lokasi da ( 1/2 )",45
c_c3acb6b7f518,"sehari kemarin ada dua peristiwa kebakaran terjadi di garut "" gosip garut via gosipgarut",14
c_6310ae56351a,kebakaran toko elektronik di blauran surabaya sebabkan sekeluarga meninggal,9
c_65669f509e51,"pemkot parepare bergerak , wawali dan jajaran turun pastikan kebakaran di sumpang tertangani baik via",15
c_a0fcb960160d,"kebakaran di sumpang parepare , 8 rumah hangus , kerugian ratusan juta , tak ada korban jiwa , 10 kk dievakuasi via",22
c_7ac55abfa2d2,"wakil ketua komisi i dpr aceh , drs . h . taufik , mm ( fraksi gerindra ) menyalurkan bantuan bagi korban kebakaran di kab . bener meriah .",29
c_3d0386f0ea49,"laporan masuk 23.4 kebakaran gudang lokasi di lik kaligawe gang xii . @ semarang , indonesia",16
c_6879272f465b,"musim kemarau , 1.1 hektare lahan di garut rawan kebakaran : kabid pencegahan dan kesiapsiagaan bpbd garut , tb a sofyan mengatakan , secara umum luas lahan yang rawan terbakar selama kemarau di kabupaten garut kurang lebih 1.1 hektare . luas tersebut",42
c_e5b2d3f75f48,"damkar : halo , tim pemadam kebakaran di sini ! ada yang bisa kami bantu ? gue : "" pak , hati saya terbakar api cemburu , tolong padamin dong "" damkar : "" kupret "" """,37
c_c1925932ba18,kebakaran kampus stie di palu merambat ke 7 rumah sekitar nya kebakaran di kampus,14
c_8b31c32cf9ae,"belasungkawa sedalam-dalamnya atas meninggal nya satu keluarga yang menjadi korban kebakaran di salah satu toko elektronik pasar blauran di jalan kranggan , sawahan , surabaya , minggu ( 30/8/2020 ) .",31
c_d62a942c2a79,"update info kebakaran bedeng di jl . pejambon , kel . gambir , kec . gambir ( titik kenal gereja imanuel ) , jakarta pusat | penanganan : 13 unit damkar , pln , pmi , agd , dishub , satpol pp , pskb/tagana , polsek , koramil | situasi : pemadaman selesai",53
c_f4937626c439,kebakaran di gambir deket gang pejambon,6
c_2c568c19da19,"iseng buat laporan kebakaran palsu , pria di sidoarjo terancam 10 tahun penjara",13
c_9e2e48e6e4f8,"kebakaran baru saja terjadi di jalan bojong koneng bawah dekat jembatan ojek . sudah ada team damkar kota bandung . sempat terdengar 2x ledakan , kemungkinan dari suara ledakan tabung gas . .",33
c_22e230b82860,"remaja ini sebar hoaks kasus kebakaran di surabaya , saat ditangkap ngakunya cuma iseng",14
c_c83ddb6009f2,kerugian materil akibat kebakaran di kampus stisip pb palu belum ditaksirkan,11
c_07d07472416c,"tak hanya tni-polri , pemadam kebakaran hingga petugas kesehatan disiagakan di pilkada tasikmalaya",13
c_97dcb6f030a2,"2 unit mobil damkar kabupaten tangerang dikerahkan kelokasi kebakaran lapak limbah di jalan raya serang , km 13.5 , kampung pulo , desa bitung jaya , cikupa . proses pemadaman api . kata andrian petugas damkar kepada elshinta , jumat ( 4/9 ) pagi . """,46
c_da618754398e,"kebakaran lapak limbah di jl . raya serang , km 13.5 , kampung pulo , desa bitung jaya , cikupa , kabupaten tangerang , jumat ( 4/9 ) pagi pukul 3.5 wib . pak tabrani",35
c_1b929e9e7cca,"[ 2 ] dijadikan gudang penyimpanan di kawasan pujasera eks pabrik kunir di ngunut tulungagung pada kamis 3 september 2020 jam 8.3 pagi terbakar . kata dia , diduga api kebakaran berasal dari kabel instalasi lama di rumah tersebut . ia menyebut setelah mendapat",44
c_ddef93c0d192,"| | dinas pemadam kebakaran kota yogyakarta berusaha untuk dapat memenuhi batas "" response time "" penanganan kebakaran di bawah 15 menit untuk menuju lokasi terhitung sejak mendapat laporan dari masyarakat .",32
c_d835f30d1f6d,"jaksa dilatih pakai apar , kejari tabalong gandeng damkar tabalong simulasi penanganan kebakaran : kejari tabalong gandeng damkar pemkab tabalong latihan penanganan pemadaman kebakaran penggunaan apar di lingkungan kantor setempat , jumat ( 4/9/2020 )",35
c_045ce2ff646e,kebakaran showroom mobil di pasir panjang kupang . ada penampakan . ? ? ? ? ? ? | trending in indonesia asian networkmedia,23
c_97384cf8a63d,kebakaran di depan stkip bangko jalur 3 kab merangin jambi | trending in indonesia asian networkmedia,16
c_7d386bad1974,jadi pemadam kebakaran di mall depok . . .,9
c_28414b8b91c0,"pmi sragen distribusikan bantuan untuk korban kebakaran rumah di di . dawangan rt . 17 purwosuman , sidoharjo sragen ( 4/9/20 ) bantuan berupa uang tunai , paket by higiene kit , paket phbs , sarung , matras & amp paket sembako semoga bermanfaat",44
c_a078dab0577c,"wali kota , kapolres dan dandim tinjau rumah korban kebakaran di subulussalam : wali kota subulussalam , h affan alfian bintang , se bersama kapolres akbp qori wicaksono dan dandim 118 subulussalam turun ke lokasi kebakaran . . .",39
c_aa0ef3cec1a7,"kebakaran di bone , empat rumah warga hangus",8
c_d70713babc98,"jadi cerita nya ada kebakaran , trus pemadam dateng , pemandm nya langsung nyiremin rumah2 di samping rumah yg lagi kebakaran nya trus pemadam kebakaran nya di lemparin batu warga , kata nya pemadam nya malah bercanda wkwk dasar orang2 tolol lu kira api nabun bisa di pademin pake aer",50
c_158cb3beee5d,"kebakaran di jl . kampung rawa sawah , jakarta pusat | jumat , 28/8/2020 | trending in indonesia asian networkmedia",20
c_7a6a0761be92,walkot h affan alfian bintang langsung turun ke lokasi beberapa saat musibah kebakaran melanda rumah warga di pertigaan menuju kantor pemerintahan kota subulussalam tersebut .,25
c_93d4d8967767,"kebakaran terjadi di astanaanyar kota bandung , sedikitnya 8-10 ruko terbakar",11
c_83e8badaceeb,ada apa dengan bandung . udh liat snapwa video kebakaran 2x di bandung .,14
c_344afe3cdd2d,"kebakaran hebat landa sebuah ruko di kawasan tegallega , kota bandung , minggu 6 september malam lagi2 , spanduk ib-hrs tak terbakar . . .",25
c_53ac3c08362c,"si jago merah menghanguskan 13 ruko di jl . otto iskandar dinata kota bandung 26 unit mobil pemadam kebakaran di kerahkan ke lokasi kejadian sijago merah dapat di blocking sehingga tidak merambat lebih luas , api",36
c_c029c038a084,bila aku dengar balik ustaz yg cerita kan kisah arwah budak tahfiz ( tragedi kebakaran tahfiz ) yg umur dia 5 tahun tu cerita pasal mimpi dia sebelum dia pergi tu seriously kite akan terfikir kat mana kite di sisi allah sewaktu kite pergi nanti . allahuakhbar,47
c_4e4996aa85f8,kebakaran hebat di tegallega bandung,5
c_4cb27e997de6,"kebakaran hebat terjadi di jalan otista bandung galamedia - sebuah kebakaran besar terjadi di kawasan jalan otista , kotabandung , ahad , 6 september 2020 malam . . berdasarkan data dari dinas pemadam kebakaran dan",35
c_b2ee725f3ff4,19 mobil pemadam atasi kebakaran di balimester,7
c_d984bbe21445,"rutin lah periksa instalasi listrik , mayoritas kebakaran di sumedang akibat korsleting listrik",13
c_b049314867aa,kebakaran di jalan barukang 1 makassar | trending in indonesia asian networkmedia,12
c_9345cd11bdb8,dahsyat nya kebakaran di gedung utama kejaksaan agung di jakarta selatan | trending in indonesia asian networkmedia,17
c_da7b74cd86cb,ngeri ! ! ! kecepatan tinggi mobil damkar meluncur kebakaran di pt . kurnia ciburuy padalarang | trending in indonesia asian networkmedia,22
c_b4b77b2fd2a3,info kejadian kebakaran dari bpbd_kabupatencirebon : laporan kejadian kebakaran di kabupaten cirebon kejadian : kebakaran lahan ( ilalang dan semak belukar ) lokasi : kelurahan kaliwadas blok bandongan kidul rt 1,31
c_01c2e10a001b,kebakaran di belakang kantor pos banjarbaru,6
c_fc39b121036b,"kebakaran di lembata makin meluas , api belum berhasil dipadamkan",10
c_157a3f174eaa,"cirebon - musim kemarau saat ini kebakaran lahan marak terjadi di wilayah kabupaten cirebon . kebakaran lahan terjadi di blok bandongan , kelurahan kaliwadas ,",25
c_a4c612016586,"2 rumah dan warung di depok ludes terbakar kebakaran di jalan ridwan rais , beji ,",16
c_b73f638f7860,"kabupaten tegal dan salurkan bantuan untuk tiga kepala keluarga yg alami musibah kebakaran rumah yg terjadi jumat ( 04/09 ) lalu di desa sumbarang , kec . jatinegara . bupati tegal serahkan bantuan tersebut .",35
c_64c7917a5efe,"14.39 - pembersihan terhadap sisa-sisa puing akibat kebakaran di kelurahan balimester , jatinegara barat , jakarta timur masih terus dilakukan oleh petugas penanganan prasarana dan sarana umum ( ppsu ) kelurahan bali mester . dorothea",35
c_542c0945f01e,: pesepeda gowesnujukantor sumbang korban kebakaran di jalan juanda depok | depok news,13
c_a47352a8cb25,"poto area sekitar area kebakaran sono cakep "" . jadi nostalgia poto "" pas pekanbaru berasap . iya , gk sehat dan bahaya . tapikan - a e s t h e t i c - bercanda , jangan cancel plis , udh nobody di cancel pula . """,49
c_193f8c63bd5b,"stop kebakaran hutan dan lahan . . . kanit binmas polsek pontianak utara iptu y . willem memberikan himbauan tentang pencegahan karhutla kepada warga masyarakat di jln . kebangkitan nasional , kel siantan hilir pontianak . kamis , 10 september 2020 .",42
c_27127d13f999,pesepeda gowesnujukantor sumbang korban kebakaran di jalan juandadepok,8
c_cf39b36f08ea,sekitar pkl . 5.3 wita terjadi kebakaran di bengkuring raya i kel bengkuring kec samarinda utara kota samarinda,18
c_e119a82a0c42,info kebakaran di dearah bengkuring raya 1 samarinda kaltim,9
c_fe046badc98f,"kebakaran besar melanda permukiman penduduk di rawa bebek , penjaringan , jakarta utara , jumat dini hari . sebanyak 25 unit kendaraan damkar dikerahkan .",25
c_6b11a9df9164,"2.11 : rt : kebakaran rumah di jl . rawa bebek rt 12 / rw 11 , kel . penjaringan , kec . penjaringan , jakarta utara . situasi dalam proses pendinginan dengan menerjunkan 24 unit mobil damkar .",39
c_9830f28313b3,kebakaran terbesar di pesisir barat as tewaskan 15 orang,9
c_077e657542a5,terjadi kebakaran pkl . 5.45 pd salah satu ruangan di apartemen centra timur lt . 6 jl . raya pulo gebang kel . pulo gebang kec . cakung jakarta timur . pengerahan 8 unit . dalam penanganan petugas ( pendinginan) ( 13/9/2020 ) .,44
c_740a3f4c9bf6,bupati oku selatan sambangi korban kebakaran di bandingagung,8
c_45adfdafea3e,ketua dpc partai demokrat batu bara bantu korban kebakaran di kuala indah : ketua dpc partai,16
c_675352acd939,"angka kebakaran di garut tinggi , petugas pemadam beri saran untuk warga",12
c_8354c7af6eea,kasus djoktan jadi mirip kebakaran di pabrik kembang api . ledakan tak terkendali menebar sengatan api kemana2 . siapa sj yg akan tersambar hingga berkelojotan terbakar dan tumbang ?,29
c_3da9993ea9e4,"kebakaran pasar baru bekasi , kerugian capai rp 500 juta kebakaran terjadi di pas",14
c_3ab00b144a62,"pasar baru bekasi terbakar , 13 unit damkar dikerahkan kebakaran terjadi di pasar",13
c_73d642476823,"23.4 : kebakaran di pasar baru bekasi timur . benar , terjadi kebakaran di pasar baru bekasi , bekasi timur , kota bekasi . saat ini 13 unit mobil damkar sudah dilokasi . "" kata niko sudin damkar kota bekasi kepada elshinta , senin ( 14/9 ) . ( red ) """,52
c_666eb4b1b305,"23.34 : kebakaran di pasar baru bekasi , bekasi timur , senin ( 14/9 ) malam . belum diketahui persis penyebab kebakaran . saat ini sedang dalam penanganan tim pemadam kebakaran . via",33
c_99a30f81f95f,"rabu , 16 september 2020 pukul 4.5 wib unit garuda 112 yang terdiri dari petugas bpbd , relawan frpb , petugas damkar pol pp kab . kudus dibantu damkar djarum , damkar pura dan warga sekitar melakukan pemadaman kebakaran rumah di desa jati kulon rt05 rw01 kec . jati .",50
c_c3559e322791,"hingga saat ini , kebakaran hutan dan lahan ( karhutla ) di kawasan hutan lindung ilinmedo blidit , desa egon , kecamatan waigete , kabupaten sikka , nusa tenggara timur belum bisa dipadamkan .",34
c_8aa461549548,kebakaran melanda pemukiman padat penduduk di pannampu makassar -,9
c_9872a38477d7,sementara ini lah daftar kerusakan dari kebakaran di pasar malam tanjungbalai kota karimun lewat,14
c_881f40cbbe5b,dpc pdi-p garut kembali bantu korban kebakaran di kecamatan cikajang lewat fakta,12
c_b80f53514cf3,"sapa aktor intelektual dbalik pmbakaran gedung yg bgitu rapih ini ? dimulai kcelakaan seorang jaksa dngan mobil sedan sport mahal nya , kebakaran gedung terjadi di hari cuti kejepit nasional , kok bisa ada tukang renovasi di hari libur cuti nasional ? ? ? siapa yang memberi akses itu",49
c_c137a53d897c,nagara institute sebut kebakaran di kejaksaan agung serangan ke negara,10
c_157ef54d8e8e,bupati cellica nurrachadiana jenguk warga korban kebakaran di kecamatan pedes lewat berita nasional,13
c_3b0fc64b69fc,"jakarta , buletinnusantara kebakaran melanda di permukiman warga di jalan kali baru timur 4 , rw 6 , kelurahan bungur , kecamatan senen , suku dinas penangulangan kebakaran dan penyelamatan ( gulkarmat ) jakarta pusat kerahkan untuk memadamkan api pada ,",41
c_c4251cd71637,detik-detik mencekam kebakaran hebat di kawasan pasar maninjau agam,9
c_8eadfe855a0b,"kebakaran gudang kayu terjadi di jalan kalibaru barat 1 , cilincing , jakarta utara . sebanyak 15 unit mobil pemadam kebakaran ( damkar ) diterjunkan ke lokasi .",28
c_af2837c5f0e5,"kebakaran gudang di jl . kalibaru barat 1 , rt . 2 rw . 8 , kel . kalibaru , kec . cilincing , jakarta utara , minggu ( 20/9 ) dini hari pukul 1.47 wib . saat ini dalam proses pemadaman dengan mengerahkan 11 unit kendaraan damkar . via",50
c_038ade4ad8ae,"kebakaran wad hkl satu kebakaran telah berlaku di wad ortopedik dan traumatologi di tingkat 4 , hospital besar kuala lumpur . tiada kemalangan jiwa yang dilaporkan . berita lanjut :",30
c_82caeca8d8ff,polsek lamandau datangi tkp kebakaran hutan dan lahan di kelurahan tapinbini,11
c_876e6dc060d8,"kebakaran hutan dan lahan di berbagai negara tahun 2020 diprediksi jadi yang terburuk selama 18 tahun terakhir , bagaimana diindonesia ?",21
c_5daf978a9f73,"kebakaran melandai gedung kemensos ri di salemba , jakarta pusat , senin ( 21/9 ) dini hari .",18
c_14875548ebcb,"innalillahi , lansia di indramayu tewas terbakar dalam rumah petugas polsek tukdana memastikan api tidak menyala lagi pasca kebakaran rumah di desa / kecamatan bangodua yang menewaskan penghuni nya . foto : anang syahroni / radar indramayu lewat",38
c_b3351f9bcdc1,"kebakaran di lantai 3 gedung kemensos , jl . salemba raya , no . 28 , kel . kenari , kec . senen , jakarta pusat , senin ( 21/9 ) pagi pukul 3.55 wib . via",37
c_48115f09029b,"bumdes maju abadi yang terletak di desa mekarmaju , kab . bandung memproduksi cangkul , golok tebas dan berbagai alat pertanian , perkebunan , dan pemadam kebakaran . untuk pemesanan hubungi <PHONE> . bumdes maju abadi juga hadir di platform marketplace",41
c_1b91d7a8cdc0,"kebakaran ruko di aceh , ibu dan dua orang anak nya terbakar hidup-hidup via",14
c_90e89b00b850,"senin , 21/09/2020 pkl 21 telah terjadi kebakaran rumah sdr . supri dk . baran , rt . 13 , ds . doyong , kec miri , kab sragen . di duga akibat konsleting arus listrik , saat ini api sudah selesai dipadamkan oleh masyarakat , dinas pemadam kebakaran , bpbd kab . sragen , anggota koramil dan polsek",59
c_69670945f48d,""" twitter please do your magic "" ayo mutualanku kita saling berbagi , dan mari sama-sama ringankan saudara-saudara kita yang terkena bencana kebakaran di kalibaru-jakarta utara . narahubung : ical 082249536768/wa atau tf ke bca : <PHONE> an / krisna ilhamsyah . rt untuk membantu",45
c_82b885d50798,cepat tanggap anggota dprd garut pdi perjuangan berikan bantuan pada korban kebakaran di kec . cibiuk lewat fakta,18
c_ae340bd070ab,"kebakaran , pemilik rumah tewas terbakar diduga akibat arus pendek atau korsleting listrik , satu unit rumah di blok uwod , desa jatisawit , kecamatan jatibarang hangus terbakar , minggu ( 20/9 ) malam .",35
c_b56d1caea6d9,satu unit truk ikut terbakar pada kebakaran gudang di margomulyo surabaya,11
c_b79d43379c62,separo kekuatan pemadam kebakaran surabaya diterjunkan untuk jinakkan kebakaran gudang di margomulyo,12
c_289f2780ff04,"pemerintah inggris hanya mengijinkan beberapa tempat usaha yang penting untuk tetap buka , seperti supermarket , minimarket , toko sembako , apotek dan rumah sakit . kantor polisi dan brandwer atau pemadam kebakaran masih di ijinkan beroperasi selama lockdown ketat di berlakukan kembali",43
c_68f366a25b46,"kebakaran hebat di kompleks pergudangan margomulyo surabaya , begini rincian bangunan nya via",13
c_184699ef581e,tiga korban kebakaran di bireuen dikubur satu liang,8
c_d3e7a913a749,tiga korban kebakaran di bireuen dikubur satu liang : ketiga almarhum diangkat tim relawan dan warga setempat dari lantai dua toko muda jaya yang terbakar,25
c_281e2a8b3924,"tiga korban kebakaran di bireuen dikebumikan dalam satu liang lahat di aceh utara : tiga korban dalam musibah kebakaran toko nya di desa cureh , kota juang bireuen , senin ( 21/09/2020 ) malam dikebumikan dalam satu liang lahat",39
c_f92053eacf08,"kebakaran di kompleks pergudangan margomulyo surabaya , api telah padam , diduga akibat korsleting : api yang membakar tiga gudang di kompleks pergudangan margomulyo , jalan sentong asri , kecamatan tandes , surabaya telah dikendalikan",35
c_f3c65e25ad6a,527 : imbas kecelakaan di jembatan ciherang sebelum pom bensinkontener menutupi hampir sebagian badan jalan,15
c_888fe0dd5fd9,05:42 kecelakaan daihatsu xenia b 1877 vmf & amp pick up e 8968 vl di exit tol semanggi jalan gatot subroto & amp masih penanganan polri,26
c_00091545bdf3,imbas kecelakaan di jembatan ciherang sebelum pom bensin kang truk kontener menutupi hampir sebagian badan jalan,16
c_c7b45a91ad0a,kecelakaan di cipularang arah bandung km 102 belum ada petugas,10
c_dfe662d6691f,terjadi kecelakaan di km 34 tol cikampek arah jakarta lalin tersendat,11
c_e96df9e9106b,# kakorlantas : ada tabrakan bus dengan mobil di tol cikampek km 56 - kakorlantas polri irjen royke lumowa menyebut ada beberapa korban luka akibat kecelakaan di tol cikampek,29
c_e7f8d7f56b93,kecelakaan di indrapuri korban mahasiswi asal aceh tamiang - serambi indonesia '',12
c_c1f77aa317d3,kecelakaan maut di tahun baru 2018 : melalui,8
c_23cbca171b2b,libur natal dan tahun baru 13 kecelakaan laut terjadi di sukabumi | pikiran rakyat via,15
c_1d54793931f3,kecelakaan pesawat di costa rica tewaskan 12 orang,8
c_6bb2facc0762,new post ( bus limbersa rombongan wistawan palembang kecelakaan di yogyakarta ) has been published on berita -,18
c_e716a3278fdc,10 detikcom kecelakaan pesawat di costa rica tewaskan 10 warga as via detik_tv,13
c_9dcdae586190,setiap tahun ada sekitar 25ribu kematian akibat kecelakaan yang berhubungan dengan gangguan tidur di amerika serikat,16
c_ffc93fcc5a53,untuk mengurangi angka kecelakaan balap moto gp pihak panitia membuat polisi tidur di setiap lintasan,15
c_7c12801d9f6e,setelah 3 hari diam akhirnya bbm-an lagi dengan alasan super bokis bus masuk jurang kecelakaan dan lain2 doi lupa berita apapun bakal tersebar di medsos ada rekam digital dan enggak ada bus masuk jurang malam tanggal 30 des kemarin,39
c_654ac27ba2ee,tahun 2017 angka kecelakaan di maros meningkat ini jumlahnya,9
c_065a8e190445,kecelakaan truk di saradan : melalui,6
c_dbee31ec0261,: kecelakaan maut di italia enam orang tewas terpanggang : kecelakaan maut,12
c_6bd01788f6c6,angka kecelakaan di singkawang turun,5
c_840c59d5edfe,angka kecelakaan di singkawang turun : kapolres singkawang kalimantan barat akbp yuri nurhidayat mengatakan angka kecelakaan di kota setempat mengalami penurunan cukup drastis pada tahun 2016 terjadi sebanyak 71 kasus sedangkan pada tahun 2017,34
c_ea8ffb3dbf5b,0:06:33 wib cikarang timur km 39 - km 41 arah cikampek padat kepadatan volume lalu lintas karawang barat km 45 - kamu 48+200 arah cikampek padat dampak ada evakuasi muatan kecelakaan di bahu jalan,34
c_627baa5c8c35,klik kecelakaan mobil di km 93 cipali arah jakarta lalu lintas macet,12
c_61da3bd75f28,kecelakaan mobil di km 93 cipali arah jakarta lalu lintas macet : sebuah mobil travel,15
c_a6b4b6284ae5,550 kecelakaan sebuah elf terguling di jalan gunung sahari ( depan bank dki ) arah mangga dua proses penanganan petugas,20
c_28837e2a7c67,telat check ini gegera ada kecelakaan di tol,8
c_3c4ceed6fca4,radio andika 553 telah terjadi kecelakaan antara dua sepeda motor di desa sumberjo kecamatan kandat kabupaten,16
c_518b9b2b21a4,live ! kepala kantor sar palembang toto mulyono : 42 orang selamat 2 meninggal dan sejumlah penumpang lainnya masih dicari dalam kecelakaan speedboat kamu awat muda yang terjadi di perairan tanjung serai banyuasin sumsel pada rabu sore sekitar pukul 0:18 wib,41
c_a25341eefa16,di tol cikampek ada kecelakaan ya ? ini stuck enggak jalan di jorr cc,14
c_a7d12f188597,134 : : kecelakaan di karawang timur km 52 arah jakarta kendaraan truk box di lajur kiri dalam penanganan petugas jasamarga,21
c_d54e2a585de4,kecelakaan di jalan lintas riau - sumbar 1 tewas di tempat 2 luka-luka (,14
c_01bd17680898,kecelakaan di cibanteng proyek korban terlindas truk tangki air - bogor barat online,13
c_e86d4cf2c593,03:56 kecelakaan pick up f 8018 begitu & amp pemotor b 6568 egs di tl kodam jalan mayjen sutoyo jaktim & amp sudah dalam penanganan polri,26
c_47056ad239c5,kecelakaan toyota innova b 8482 wi & amp pejalan kaki di depan grand lucky jalan radio dalam jaksel korban luka2 irsan pratama ra ( 27 tahun ) & amp sudah dalam penanganan polri,33
c_0ee688ed2d1d,sebuah mobil dan pejalan kaki mengalami kecelakaan di jalan radio dalam jaksel bagaimana kondisi terkini di sana ? yuk mata-mata kirim infonya ke,23
c_b5e1acb46a92,ksop palembang dan tim sar masih cari 11 penumpang kecelakaan kapal awet muda di palembang - berita trans lewat,19
c_1c88a176a793,kalau ini pernah kejadian 20 tahun lalu sepupu gue yang kena penyakit langka meninggal di hari jumat enggak lama mamanya ( tanpa sakit ) dikuburinnya jadi satu lahat selang dua hari tetangganya bapak sama anak meninggal karena kecelakaan di belawan,40
c_36d95406cf90,lagi di angkot terus tiba tiba macet tumben banget biasanya daerah sini jarang macet eh enggak taunya ada kecelakaan rame banget korbannya meninggal dan di menutupi koran di pinggir jalan merinding innalilahi wainailaihi rajiun,34
c_bb2940fb3c00,1 penumpang truk asal banjarnegara tewas kecelakaan di tol palikanci km 201,12
c_27f7287bb3aa,4 kendaraan kecelakaan beruntun di tol fatmawati arah serpong,9
c_69e4f24eaca7,555 : : kecelakaan di karawang barat km 48 arah jakarta kendaraaan bus dan kendaraan bus di lajur 3/kanan selesai penanganan petugas,22
c_f52018b8a083,ada kecelakaan 2 bus di km 48 tol cikampek arah jakarta,11
c_3c70db2ef7ef,aki adalah jumlah kematian ibu selama masa kehamilan persalinan dan nifas yang disebabkan oleh kehamilan persalinan dan nifas atau pengelolaannya tetapi bukan karena sebab-sebab lain seperti kecelakaan atau terjatuh di setiap 100000 kelahiran hidup,34
c_c30a99136ec6,643 : kecelakaan truk tronton roda 10 alami selip masuk ke lajur pembatas jalan dan menabrak tiang pju sekitar 400 meter menjelang km 78 dari jakarta arah merak imbas lalin macet di arah sebaliknya ( p wahyu ),38
c_4cad2060376c,kecelakaan motor di lampu merah cocacola cempaka putih 1 korban luka,11
c_56bcafe95a99,02:28 kecelakaan mitsubishi b 2581 szk menabrak pembatas di depan jak tv kawasan scbd jaksel & amp sudah dalam penanganan,20
c_4954b0ca9e39,dunia 4 kendaraan kecelakaan beruntun di tol fatmawati arah serpong - detikcom ( siaran pers ) pasangan,17
c_f852f43ea786,543 : kecelakaan minibus warna putih di jalan nata endah bandung jabar mohon bantuan petugas ( p rahmat ),19
c_3e7d98efceca,kecelakaan lalulintas di pettarani,4
c_0f7d75c10cb8,eorang warga desa cihonje gumelar meninggal karena kecelakaan kerja di perkebunan cianjur gumelar kemarin korban,15
c_146cb18069c5,belakangan ini sangat disayangkan masih banyak kecelakaan yang terjadi di laut turut berduka cita kepada keluarga para korban mari simak analisa prof berikut :,24
c_abcb26cab05c,foto kecelakaan semarang : begini jika truk terguling di bawen,10
c_5082f22c46cd,kanye west memiliki pelat logam di dagunya akibat kecelakaan mobil yang fatal di tahun 2002,15
c_65cc190f8439,545 : : lalin saat ini padat di ruas arah jakarta dampak penanganan kecelakaan di lajur 2 km 12 selepasnya lalin kembali ramai lancar,24
c_5861629e55cf,kecelakaan di semanggi sebuah mobil ringsek,6
c_c1eeb532d28b,melihat info berita bahwa terjadi kecelakaan di /4an obsktr 19mnt yang lalu,12
c_e8cd4e70121f,miki olih telpon sing no kie 62 813 2241 7969 jare keluargaku dah yang kecelakaan yang aneh nya orangnya dah di kamar lagi tidur,24
c_3fa31cf18a8d,toyota rush ringsek akibat kecelakaan di semanggi : //jakarta- sebuah mobil,11
c_274675d0709f,izin share barang kali ada yang kenal ktp atas nama arini ulfa hidayah yang berkuliah di iain serang siang tadi kecelakaan di daerah cikande serang dan meninggal di tempat keluarga nya di lampung semua mohon bantuan nya untuk mengshare kee grup manapun supaya bisa bantu,45
c_3ec0e58cd12e,ada kecelakaan di jalan a yani pemalang dekat hotel winner dum truk lawan jeep daihatsu,15
c_98ad69d17f0d,takbir keliling sering bdampak buruk pada umat kecelakaan jatuh dari motor dll kegiatan keagamaan di monas dilarang untuk semua agama kan ada tempatnya masing2 ? pemotongan kurban dilarang di sekolah sd karena pada dasarnya anak kecil belum sanggup menonton pemotongan dan ngurusi kurban,43
c_360dd334da9a,innalilahiwainnailaihirojiun teman kami guru pjok sdn harjosari kidul 2 ( bapak subagyo spd ) mengalami kecelakaan lalin mugio ditempatkan di syurgamu ya rob,23
c_781f3e5f2de5,mobil patroli satlantas kecelakaan di sungai bakau kasatlantas polres mempawah akp eko budi darmawan membenarkan peristiwa kecalakaan lalu lintas,19
c_2ff3ba84556f,begini kronologis kecelakaan di cikande yang tewaskan mahasiswi uin banten,10
c_116e42c39690,648 : rt : kecelakaan kendaraan grand livina di bahu jalan di citereup km 28 200 tol jagorawi arah jakarta dalam penanganan petugas jasamarga,24
c_ab286033d921,mhn hati-hati terjadi kecelakaan mobil box terbalik di tol janger arah tangerang antara gerbang tol bitung dan karawaci,18
c_637f2eb6de5b,ada kecelakaan di perempatan ijan mobil masuk trotoar sudah ada petugas,11
c_8c6cd8bb6831,656 : rt : terjadi kecelakaan tunggal mobil pickup putih tanpa muatan di tol tangerang arah jakarta km 21,19
c_080f0d14c964,jangan sampai anak adik-adik kita kecelakaan karena kelalaian kita sendiri jangan bermain di,13
c_a964f5ec4ded,kecelakaan di bawah jembatan tol pekajangan korban ibu-ibu muda yang sedang menggendong,12
c_7de0e5bda0a6,410 kecelakaan sebuah kendaraan mitsubishi b 805 emo di jalan di pandjaitan ( penas ) arah jatinegara dalam penanganan,19
c_9a08c970cacb,ada kecelakaan tunggal di fly over mayangkara arah ke surabaya sepeda motor sendirian sepertinya sekitar 10 menit yang lalu,19
c_0e70370206c5,550 : kecelakaan truk kontainer di lajur kanan km 25 ruas dari cibitung arah cikarang lalin mulai macet ( p john ),22
c_7af41dd57355,606 : kecelakaan pengendara sepeda motor dengan contener di depan pt omron kawasan ejip lippo cikarang jabar arah ke jalan raya cikarang ( p ujang ),26
c_ecc0a733512d,525 : kecelakaan mobil kijang kotak warna merah di lajur 4 km 11200 ruas tol cikampek dari cawang arah cikampek setelah simpang susun cikunir | ( p junaidi ),29
c_16e35e84edec,ada kecelakaan di tol cikampek dari cawang arah cikampek untuk mata-mata yang berada di sekitar tkp bisa kirim foto atau videonya ke,22
c_4dc3ea655314,topik hari ini : di musim penghujan seperti saat ini jalan raya sering kali licin sobat panorama dan rawan terjadi kecelakaan nah bagaimana antisipasi kamu supaya tidak mengalami kecelakaan di jalan raya saat musim penghujan ?,36
c_7ca15b54743f,tabrakan adu jangkrik 1 korban tewas 2 lainnya terluka kecelakaan maut di sebelah puri ageng blahbatuh,16
c_3886fef6cc49,627 lalin simp cimone padat dikarenakan terjadi kecelakaan antara mini bus dan angkot di depan pintu masuk terminal cimone,19
c_8de735128e66,ikatan dokter indonesia pernah meminta keterangan dokter rs permata hijau bimanesh sutarjo terkait penanganan medis mantan ketua dpr setya novanto pasca-kecelakaan mobil pada november 2017 novanto ditangani bimanesh di rs permata hijau,32
c_daa7226aa8b8,04:12 kecelakaan bus b 7270 deh menabrak pembatas di dkt wisma tani jalan taman marga satwa jaksel & amp sudah dalam penanganan polri,23
c_206117701761,418 : rt : kecelakaan hyundai b 1628 uig menabrak pembatas di dkt gardu tol kuningan 1 jalan gatot subroto & amp sudah dalam penanganan polri,26
c_6153d028a57e,04:14 kecelakaan daihatsu xenia b 2658 pbd menabrak pembatas di depan indomobil jalan mt haryono & amp sudah dalam penanganan polri,21
c_c2ea1bca4240,05:45 ada kecelakaan mobil tronton menabrak pembatas jalan di tol jorr mengarah ke bsd-serpong kamu 32-200 belum ada petugas yang menangani,21
c_d5415bc66c53,sakti memang belum kecelakaan sudah pesan kamar rumah sakitpntes celakanya cuma di buat2 kalo mati ?,16
c_80bc307c66e2,637 kecelakaan kendaraan trailler a 9745 kali di ruas tol pondok indah arah kp rambutan saat ini masih penanganan,19
c_b98caae3d050,kecelakaan di tikungan amoy sibolangit polisi terpaksa jalan 1 km,10
c_6b437dfee0e3,satu orang tewas begini kronologi kecelakaan mobil vs sepeda motor di tanjung brebes - pantura post,16
c_33128b56fac3,04:57 kecelakaan toyota fortuner terguling di jalan sama ratulangi menteng jakpus & amp masih penanganan polri,16
c_704db2282b7b,510 : : kecelakaan di dukuh km 6 arah cawang kendaraan datsun go+ di bahu jalan dalam penanganan petugas,19
c_8358c23330c9,kecelakaan tunggal mobil fortuner putih terguling di menteng,8
c_d8979c98216d,radio andika 527 info awal : telah terjadi kecelakaan sekitar jam 1 dini hari tadi di selatan simpang empat,19
c_4d95d04b00c3,radio andika 548 update : kecelakaan antara sepeda motor dengan truk di selatan simpang empat jongbiru kediri,17
c_41ffdca23c40,619 : rt : kecelakaan kendaraan datsun go+ di km 6 ruas arah cawang selesai penanganan petugas,17
c_deac1dfc2421,620 : rt : kecelakaan kendaraan avanza di bahu jalan km 43200 ruas arah puncak dalam penanganan petugas,18
c_72775d1ea4f3,potensi kecelakaan di per3an maspion 2 gedangan memang besar soalnya kebanyakan kendaraan dari arah lingkar timur menerobos,17
c_cc84ba60649e,kecelakaan adu banteng di wonoayu satu tewas,7
c_708a8966c910,kecelakaan beruntun bus vs truk dan sedan di cianjur hasilnya,10
c_742f4ebf010b,sehari dua kecelakaan lalulintas terjadi di cianjur,7
c_8322a4cc98e0,440 : kecelakaan beruntun 4 kendaraan di lajur paling kanan km 36400 ke arah bandara soetta ( p ade ),20
c_2f9a0c7cfa51,kecelakaan di warung kondang bangbayang 14 januari 2018 : melalui,10
c_1dd5fc9730d7,kecelakaan truk tangki vs mobil pick up di cawang : via,11
c_3afed8e36384,543 : kecelakaan 2 truk di km 23 dari cikunir ke arah pondok indah ( p satrio ),18
c_426be89db3db,kecelakaan dua mobil di kemayoran jakarta pusat,7
c_9dd4ab5b68fc,dilaporkan ada kecelakaan di depan sampai 1 sgs truk pengangkut genting terbalik dan menghalangi ruas jalan arah mlg kejadian sekitar pukul 0:04 wib untuk sementara arah malang dialihkan melalui ruas arah surabaya,32
c_0a683b2fedb0,554 : kecelakaan 2 truk di km 23 dari cikunir ke arah pondok indah masih dalam penanganan petugas ( p satrio ),22
c_2baadc059e67,609 : kondisi salah satu truk yang terlibat kecelakaan di km 23 dari cikunir ke arah pondok indah masih dalam penanganan petugas ( p satrio ),26
c_1d8b7dd141e6,16 jangan | telah terjadi kecelakaan di jalan by pas ida bagus mantra arus lalin tersendat info dari,18
c_7c32fd56bfdb,620 : rt : kecelakaan di ruas menjelang exit fatmawati pondok labu harap bersabar masih dalam penanganan petugas,18
c_1aa60506db2e,kemacetan dampak penanganan kecelakaan antara 2 truk di km 22300 tol jorr dari cikunir ke arah pondok indah,18
c_4d8abac09315,kecelakaan terjadi di jalan raya sukawati tepatnya dekat pura dalem batuan selasa ( 16/1 ) sebuah mobil menabrak pohon beruntung tidak ada korban terluka parah dalam peristiwa ini info dari,30
c_cdbb9feaa6d4,ada kecelakaan di di tol jorr jelang exit fatmawati buat mata-mata yang berada di sekitar tkp bisa kirim infonya ke,20
c_562f1cc1b512,rentetan kecelakaan bangunan di jakarta dalam tiga tahun terakhir,9
c_1cf9c4abf5d5,mantaps hari ini dari kprambutan ke arah cilandak sudah padat merayaptolong dipercepat pak evakuasi kecelakaan di km23400 mendung sebagian gerimis tipis,21
c_7262f0fb2d30,0:06:54 wib jatiwarna - tmii padat kepadatan arah fatmawati penanganan kecelakaan di kamu 23+400 di lajur 1/kiri gunakan jalur alternatif,20
c_c4f47e5390ff,mohon maaf atas ketidaknyamanannya untuk kecelakaan di fatmawati kamu 23+400 terlibat 2 kendaraan truk saat ini sedang dalam peroses penanganan,20
c_8941dc9d2383,radio andika 539 pak abdul telah terjadi kecelakaan tunggal yang berada di areal persawahan barat smpn 1,17
c_bbed5cff5660,tol japek arah jakarta dari km 63 sudah stuck apa ada kecelakaan ? di kamu brp ?,17
c_294dd1ad3cdc,603 : rt : imbas penanganan kecelakaan di km 18500 di ruas lalin merayap dari km 21 arah jakarta arah sebaliknya lancar,22
c_0084f5fc08f4,tol purbaleunyi macet di km 63 tadi pas lewat pakai 540 karena kecelakaan truk hati-hati di jalan utamakan keselamatan taruwit,20
c_ed5d11938f51,bisa kita sebut cinta kita adalah kecelakaan rindu tumpah penuh bercak di setiap dinding akhir adu mata kita -,19
c_9cb62e027ce6,0:06:32 wib bitung km 23 - tangerang kamu 18+800 padat ada penanganan kecelakaan di lajur 1-2-3/ kiri- tengah gunakan lajur 4/kanan,21
c_e012f4365c41,0:06:33 wib dawuan km 66 - km 63 arah jakarta padat ada penanganan kecelakaan di lajur darurat-1/kiri gunakan lajur 2-3/tengah-kanan,20
c_d8ddaf53e88e,643 - kecelakaan di tol japek di dawuan km 63 arah jakarta terlibat 3 kendaraan truk diamankan ke lajur darurat/kiri rt,21
c_1703c33ceb68,643 - tol jakarta - tangerang dari bitung arah jakarta padat dampak ada kecelakaan di km 18800 sekitar tangerang info lengkap dengarkan di,23
c_df675df9520d,647 : rt : kecelakaan di tol janger tangerang km 18800 arah tomang kendaraan muatan hebel dalam penanganan di lajur 1-2-3/ kiri- tengah gunakan lajur 4/kanan,26
c_feb0390be30e,05:42 kecelakaan mobil box b 9272 scc di layang jatiwarna arah cikunir sedang penanganan lalin tersendat,16
c_cf59de6619ce,0:05:45 wib tomang - kb jeruk kamu 03+400 padat ada penanganan kecelakaan truk di bahu jalan-lajur 2/kiri-tengah,17
c_add479928e1b,0:06 wib bekasi timur - tambun km 22 padat ada penanganan kecelakaan di bahu jalan/kiri,15
c_d381e117a1bb,06:00 kecelakaan truk b 9296 wf muatan sepeda motor terguling di tol janger di km 3200 arah tangerang,18
c_2461cc42d24b,macet di tol tangerang mnuju tomang akibat pengendara mengurangi kecepatan kendaraan untuk melihat kecelakaan di ruas jalan sebaliknya ( tomang-tangerang ),21
c_7ce70efd23cb,kecelakaan di cikole tadi malam mobil vs mobil,8
c_a495fbd0002c,kecelakaan truk pengangkut motor terguling di tol jakarta merak arah tangerang didekat begitu kebon jeeuk macet total,17
c_e4490a6e9565,pamedek ditabrak truk 1 tewas 1 luka kecelakaan maut satu keluarga di jalan depan smpn 2 selat,17
c_94690153add3,0:06:35 wib bekasi timur - tambun km 22 padat ada penanganan kecelakaan di lajur darurat/kiri,15
c_847ebe95706c,640 bekasi timur - tambun km 22 padat ada penanganan kecelakaan di lajur darurat/kiri rt,15
c_e3254bcc0003,macet bertumpuk karena terjadi kecelakaan di ruas tol arah sebaliknya doyan banget nontonin orang celaka typical indonesians,17
c_ed6252e97162,radio andika 656 untuk mengantisipasi terjadinya kecelakaan dan kepadatan di jalur puncu kediri petugas dari,15
c_a55ecde948d7,recang recing recang recing pale lo bejendol joki bocah masih saja lo biarkan nyetting motor kagak pakai helm pas tuh bocah mati kecelakaan lu panjang lebar kirim salam perpisahan di medsos yang kagak bisa dia baca bloon,37
c_5d07b444a961,kecelakaan tunggal terjadi di km 37 tol jatiwarna arah cikunir,10
c_e61fd621fc8e,458 : : kecelakaan di dawuan kamu 66+800 arah bandung kendaraan colt diesel dalam penanganan petugas,16
c_14db7cba030a,459 : : kecelakaan di karawang barat kamu 48+200 arah jakarta kendaraan truk fuso di lajur 1/kiri dalam penanganan petugas,20
c_bd231f05e26b,530 kecelakaan antara fortuner dan truck kontainer di pos 9 tanjung priok dalam penanganan petugas,15
c_22a5a6da6fb0,542 : rt : kecelakaan antara fortuner dan truck kontainer di pos 9 tanjung priok jakut dalam penanganan petugas,19
c_6c95f823f337,pemimpin oposisi zimbabwe tewas dalam kecelakaan helikopter di as,9
c_5044d858864d,mobil dan truk kontainer kecelakaan di tj priok #,9
c_54c6ecbda8ae,dari kemarin melihat dan dengar kecelakaan mulu jadi stres pas lagi di jalan begini take care of your self ya guys,21
c_836bafa43096,beredar foto kecelakaan di tabrani ahmad dua korban bergelimpangan di aspal lewat,12
c_352d00d1df96,127 : : kecelakaan di bogor km 40 arah ciawi kendaraan truk tangki di lajur 1/kiri dalam penanganan petugas,19
c_23c61daa092a,terjadi kecelakaan di depan pasar singosari lur honda brio dari arah surabaya menabrak truk parkir sopir dibawa ke rs mobil rusak parah tetap berhati-hati lur,25
c_01f9dac3e43e,kondisi korban kecelakaan di jalan lintas sumatera km 9 muaro bungo,11
c_74970b511423,waktu kecelakaan dulu cuma 2 orang yang tetap genggam tanganku sampai ketiduran di pinggir tempat tidur yang ku tau pipi mereka basah karena air mata,25
c_f73f2aa7b0b8,taruh pisau garpu benda tajam racun di lemari atas tusuk sate buang dulu baru berikan agar anak aman kecelakaan tulislah lalu tempel youtube anak kena pisau didik anak sd bantu2 kerja agar muda tidak malas kerja ingin balas jasa ilmu selamat ini ? sms no di profil / twet,49
c_adb782056f10,sudah berlangsung kecelakaan sesuatu bus yang terdiri dari 15 penumpang jatuh kejurang perihal ini terhadi di tempat puncak bogor hasil penyelidikan dari 15 penumpang dilaporkan 1 orang meninggal dunia 2 orang luka kronis 3 orang luka mudah 4 sehat serta 5 sempurna,42
c_e9bb488eb80f,orang jepang yang selamat dari kecelakaan titanic disebut pengecut di negaranya karena dia tidak mati bersama penumpang lainnya,18
c_3f2314bda215,sepanjang musim penghujan seperti saat ini apakah sobat panorama pernah melihat kecelakaan di jalan raya ? share informasi disini ya ! ! komen di facebook fanspage panorama 1003 fm telpon ke <PHONE> only on semangat pagi,36
c_8bf06ea89c7e,alasan enggak mau kecelakaan : - takut mati - takut kalo badan rusak parah terus difoto orang sekitar buat dijadikan postingan doi di sosmed,24
c_5a465843b784,tidak hanya terbatas pada lingkungan kerja karena sebab kecelakaan dan penyakit akibat kerja pun banyak ditemui di luar tempat kerja formal,21
c_bd9231199677,210 : : kecelakaan di tomang kamu 01+600 dari arah kb jeruk dalam penanganan petugas,15
c_165d2299eb09,gadis remaja bernama ketut putri kharisma dewi ( 16 ) meninggal dunia setelah mengalami kecelakaan lalu lintas di ruas jalan singaraja - bungkulan kilometer 9800 tepatnya di banjar dinas pamesan desa bungkulan kecamatan sawan buleleng sabtu ( 20/1 ) sekitar pukul 0:16 wita,43
c_7532ae4d19ac,peningkatan jumlah kecelakaan lalu lintas serta korban meninggal dunia ( md ) tahun 2017 di,15
c_fdee8edd2cb0,06:20 kecelakaan daihatsu xenia b 1427 pkn menabrak pembatas di dekat patung kuda jalan merdeka barat jakpus & amp masih penanganan polri,22
c_a06eaa3490c9,kecelakaan yang melibatkan angkutan massal antar daerah dengan satu sepeda motor terjadi di jalan raya puncak,16
c_8be2c3b1d5a4,400 kecelakaan sebuah kendaraan di 7891 sama di tol cawang arah semanggi km 3800 korban di evakuasi ke rs tebet dan masih penanganan,23
c_52eca3cea57f,408 : rt : kecelakaan kendaraan elf di 7891 sama di ruas cawang arah semanggi km 3800 korban dievakuasi ke rs tebet dan masih penanganan ptgs,26
c_da4ba54f1c3e,405 kecelakaan sebuah angkutan umum b 2111 pagi menabrak tiang listrik dan warung di jalan raya bekasi km 13 ( depan rs harapan jayakarta ) masih penanganan,27
c_91f455275c66,421 kecelakaan sebuah truck box ab 9240 dah dengan sedan b 2085 sps di jalan soepomo tebet penanganan,18
c_a967afe48321,terungkap ! 63 persen kecelakaan di jalan tol karena kendaraan berat,11
c_7aac8799242f,diduga menghindari seekor kucing sebuah pikap mengalami kecelakaan di jalan raya kecamatan suboh situbondo,14
c_26dd82bc1117,truk dan motor korban kecelakaan diamankan di kantor polisi : / pekalongan,12
c_a1ca0f8cf192,pemotor yang terlibat kecelakaan dengan bus sugeng rahayu di klaten dikabarkan meninggal,12
c_dbf5f47a00c2,di black mirror episode crocodile interogatornya juga menyuruh saksi mata buat membaui bir biar lebih gampang mengingat soalnya pas kejadian kecelakaan ada bau bir di tkp,26
c_1598ff6a3d8f,yesh touring rame-rame kadang pakai kawalan rompi ijo + sirine kencang makin berasa punya jalan banyak duit tapi tetap anarkis kalo kecelakaan di jalan,24
c_e31b23720d24,terpisah dari ibu saat kecelakaan di surabaya bocah perempuan 9 tahun ini ditemukan di pasuruan - berita terbaru,18
c_be7f59c3c11e,warga bali tewas ditabrak di louisiana-as kemlu bantu pemulangan : kementerian luar negeri membantu pemulangan jenazah warga negara indonesia ( wni ) yang tewas akibat kecelakaan lalu lintas di new orleans louisiana amerika serikat kata kemlu dalam,37
c_7dde3be863f1,kecelakaan tunggal di tanjakan desa tenaru truk trailler muat kontener terperosok gorong2 dan truk mogok di depan pasar petiken kecamatan driyorejo rawan menyebabkan kemacetan kalau pagi hari,27
c_c24d83b029d7,bocah 9 tahun yang terpisah dari ibunya usai kecelakaan motor di surabaya ditemukan di pasuruan via,16
c_0a507ea70e5d,ya allah alhamdulillah baca beritanya saja sudah terbayang bagaimana itu kecelakaan terus diculik mengambil kesempatan dalam kesempitan orang semoga segera ditemukan sih penculiknya terus di hukum spbu ada cctv nya enggak tuh,32
c_342beec0b786,351 : : kecelakaan di cikarang barat kamu 32+800 arah cikampek kendaraan trailer di parit selesai penanganan,17
c_a2c8bb3d6a88,- selasa sore ( 23/1 ) kecelakaan tunggal terjadi di jalan penghubung desa tunjuk - desa tajen tabanan sebuah mobil dilaporkan nyemplung ke sawah warga karena ruas jalan yang sempit sehingga memaksa pengemudi harus banting stir,36
c_e14a8b8635ac,05:38 wib kecelakaan lalu lintas angkot menabrak truk tangki air yang sedang berhenti di jalan paledang kota sedang dalam penanganan petugas polri,22
c_feb8be10aae2,kematian akibat kecelakaan lalu lintas adalah pembunuh ketiga terbesar di indonesia cc,12
c_7c1d96ac4de1,kecelakaan truk di tol cikampek arah jakarta lalin macet,9
c_14173921ff67,0:05 wib bekasi barat km 14 - km 15 arah cikampek padat kepadatan volume lalu lintas cikarang - cibitung kamu 27+600 padat ada evakuasi kecelakaan kendaraan truk yang lalu di lajur 1/kiri,32
c_8e770c8b746d,502 : rt : bekasi barat km 14 - km 15 arah cikampek padat dampak kepadatan volume lalu lintas arah sebaliknya cikarang - cibitung kamu 27+600 padat dampak evakuasi kecelakaan kendaraan truk yang lalu di lajur 1/kiri,37
c_affbe6237071,klik kecelakaan truk di tol cikampek arah jakarta lalin macet,10
c_c364e34ce051,waduh gua pernah kecelakaan gara-gara menghindari emma yang itu di bintaro : (,13
c_1f0aad713a82,kecelakaan truk di tol cikampek arah jakarta lalin macet : jasa marga menampilkan foto yang,15
c_11a26ff2b200,: kecelakaan truk di tol cikampek arah jakarta lalin macet : jasa marga,13
c_5597050349f5,apakah benar pagi ini ada kecelakaan kereta api di depan sriwedari solo,12
c_379de2578805,kecelakaan umat nabi di bulan ramadhan : via,8
c_3fe6a50b65f0,terjadi kecelakaan di grati-pasuruan antara minibus vs luxio kondisi minibus terguling korban luka luka sudah ada petugas dan sedang dilakukan evakuasi korban kondisi lalu lintas kedua arah mulai padat,29
c_aa8e329d2bd1,118 : rt : kecelakaan di grati pasuruan jatim antara mobil minibus dan luxio kondisi minibus terguling korban luka2 sudah ada petugas & amp sedang dilakukan evakuasi korban lalin kedua arah mulai padat,33
c_e26ceb6328c2,detik detik kecelakaan tragis di sragen : via,8
c_8955d9a59a29,kecelakaan di tol cipali km 152,6
c_fcfb86b5a2df,min kemarin ada kecelakaan di depan bri ciwideykalo ada cctv didepan apakah boleh meminta file nya ?,17
c_088b6985dcab,banyak crunks dan mobil mereka kecelakaan disitu tangan newt kena virus mereka akhirnya berhasil selamat karena disusul brenda sampai dekat di kotanya mereka ketemu gally and the geng the ruler of the city outside from the wall nah sih teresa ini antusias banget pokoknya harus,45
c_5ba857965422,musik beraliran heavy metal yang diputar selama brkendara mmbuat pengemudi menyetir lebih ngebut dan mendpt kecelakaan [ psikolog di london univ ],22
c_6aa84ea75f5c,442 : kecelakaan tunggal truk kontainer di lajur 1 km 17 ke arah bitung ( p agus ),18
c_cd8c3e072e46,kurangi kecelakaan di papua airnav adopsi sistem navigasi alaska,9
c_a7ec70d8fccd,radio andika 616 update : kecelakaan antara truk dengan mobil pick up di mojoagung jombang ipda trisula,17
c_48d7ac63374c,keluarga histeris pecinta motor byson ini tewas kecelakaan tunggal di ciamis via @,13
c_7c4b076c5e2d,341 : kecelakaan mobil sedan di lajur 1 km 16 di ruas dari karang tengah arah tangerang/ ( p baden ),21
c_2ac22e7a2654,537 : kecelakaan mobil minibus nopol b-395-mal di lajur tengah km 32300 dari arah bandara menuju pluit lalin masih lancar | ( p dadan ),25
c_b00e6949de2e,539 rt : kecelakaan mobil innova warna hitam dan mobil fortuner di km 6 arah exit tol jatibening lalin tersenda sudah dalam penanganan,23
c_20195ae027f7,546 : rt : kecelakaan di jati waringin kamu 06+800 arah cikampek dalam penanganan petugas,15
c_01b303ac3170,jangan nyetir sambil telp brosis resiko kecelakaan meningkat hingga 60 % mending parkir di pinggir bentar terus telp,18
c_d27a35df874b,b1a4 mengalami kecelakaan mobil saat sedang dalam perjalanan menuju icon concert yang diadakan di inje tak lama setelah kecelakaan terjadi perwakilan wm entertainment memberikan pengumuman resmi di forum fancafe b1a4 berikut adalah pernyataan terseb,34
c_c2c7d8f49ec9,632 : rt : kecelakaan di jatiwaringin km 6800 arah cikampek selesai penanganan,13
c_24d08b49284b,407 : rt : kecelakaan di km 13 bekasi barat arah cawang dalam penanganan petugas jasamarga,16
c_8a27fcb8bf6f,kecelakaan bis sumber selamat di daerah ciro mojokerto arah surabaya 100m setelah rumah makan bebek sagu,16
c_2bc176677623,429 : rt : kecelakaan di bekasi barat km 13 arah cawang sudah selesai penanganan petugas jasamarga,17
c_d3d04a9bf1d0,antisipasi kecelakaan sat lantas polres barsel tertibkan parkir liar di bahu jalan,12
c_39994ce7d854,ternyata ada kecelakaan dan sekarang sedang proses evakuasi jalur di contraflow,11
c_822a6de7b620,mohon info kecelakaan dipurwodadi tadi malam sebelum pertigaan purwodadi kalau dari arah malang apa sudah di evakuasi ?,18
c_a23bea751f29,polisi masih melakukan kontraflow di lokasi kecelakaan beruntun di jalan raya purwodadi - pasuruan jatim ( mst ),18
c_2b9e08395d07,555 : dampak penanganan kecelakaan di purwodadi arah malang-surabaya jatim diberlakukan contra flow lalin macet sampai bakpao telo via,19
c_0bf153b56088,depan bakpao telo arah surabaya padat merambat imbas kecelakaan di purwodadi yang melibatkan beberapa kendaraan saat ini masih dalam proses evakuasi,21
c_f7ff855bb02e,kecelakaan karambol di purwodadi libatkan 10 kendaraan,7
c_4249cd4f8faf,544 : kecelakaan beruntun melibatkan 3 kendaraan di km 5800 ruas dari bogor menuju jakarta lalin mulai macet ( p dedy novresly ),23
c_82a605484b36,radio andika 548 info awal : kecelakaan di utara pasar badas kediri pak yusuf perjalalan dari pare kediri,18
c_0245169a910e,- pesawat militer china kecelakaan di guizhou,7
c_800fe09aa166,cegah kecelakaan dan kerugian di laut ( 1 ),9
c_3fdd2c43c0b4,kecelakaan di depan mpr/dpr sekarang,5
c_88aced0db8c2,lagi pesawat militer kecelakaan di china - antara news megapolitan,10
c_46a51c3d15a8,jadi kadang kalo inget2 kejadian itu suka amaze sama allah kayak sudah jalannya memang dari beliau kecelakaan terus nyeletuk `` kerja pkt '' terus kok ya ada lowongan nya di tahun dia setelah sekian lama,35
c_33054d9ea78e,foto-foto kecelakaan yang meremukkan dua kendaraan di jalan lintas timur lewat,11
c_1fbec9f260e3,kecelakaan sragen : inalillahi pns bppkad tewas jadi korban tabrak lari di karangtengah,13
c_054f0719c69e,terjadi kecelakaan antara bus coyo dengan truk kontainer di lampu merah bri mayangan wiradesa,14
c_26c8f4c49a6e,wah popo hartopo wafat di kecelakaan saat perjalanan pulang dari lokasi shooting di parang tritis,15
c_724623ceb5b3,sedang dilakukan proses evakuasi supir bus yang tercepit akibat kecelakaan bus vs truk di,14
c_5864a401775b,604 : rt : kecelakaan truk b 9651 nyu menabrak pembatas jalan di dekat halte cipinang kebon nanas jaktim & amp dalam penanganan,23
c_59a4f37221dd,jalur pantura siwalan - wiradesa macet panjang arah timur imbas dari kecelakaan di mayangan,14
c_b2fd4acb0155,05:57 kecelakaan truk b 9651 nyu menabrak pembatas dekat halte kebon nanas jalan di panjaitan jaktim ( arah ke rawamangun ) lalin tersendat & amp masih penanganan polri,28
c_43bb4ffd2a7a,baru saja telah terjadi kecelakaan antara - spm degan spm di sebelah selatan bundaran patung,15
c_247a32c5a4c4,01/02/2018 baru saja telah terjadi kecelakaan antara - spm degan spm di sebelah selatan bundaran patung ngurah rai sudah di tangani dan korban sudah di larikan ke rs terdekat,29
c_d8c0dfabf1d6,: ada truk tabrak tiang listrik di tangerang : kecelakaan truk terjadi di,13
c_07d890952660,gue pernah ngalamin kejadian ini sebanyak 3 kali yang ayah gue kecelakaan abang gue narkoba gue jatuh di tangga sekolah berdarah2 semoga saja orang-orang yang melakukan itu segera meminta ampun,30
c_655ce030b00d,hati-hati kecelakaan di pucuk lamongan,5
c_7c965587409c,05:50 kecelakaan mobil pickup b 9556 faq di km 1200 tol kb nanas arah cawang masih penanganan petugas,18
c_1473c899b7b4,seorang tewas akibat kecelakaan tunggal di tol ngawi-kertosono,8
c_e737431d2ded,501 : kecelakaan mobil carry pick up ditabrak dari blakang oleh truk di tol jakarta arah ke cikampek km 22700 ( 500mtr sebelum exit cibitung ) lalin tersendat dari km 21 ( p taufik ),35
c_ce14017f5af1,0:05:31 wib bekasi barat - cibitung km 23 padat ada penanganan kecelakaan di lajur 2/tengah,15
c_7682755286ac,542 : rt situasi lalin dari bekasi barat - cibitung km 23 padat ada penanganan kecelakaan di lajur 2/tengah,19
c_e29b66f85cd5,untuk yang mengarah ke cikampek ada baiknya keluar dulu di kalimalang menghindari macet hebat akibat kecelakaan di bekasi barat lalu masuk lagi di bekasi timur tetap macet sih tapi lebih manusiawi : ),33
c_2a2b747182c6,627 : rt : kecelakaan kendaraan truk colt diesel di lajur 1/kiri km 12200 ruas dari bekasi barat arah cawang dalam penanganan petugas,23
c_be35f52c6491,telah terjadi kecelakaan tunggal di jalur pantura tepatnya di jalan gajah mada barat kota pekalongan diduga berkecepatan tinggi korban berjenis kelamin laki-laki tanpa identitas korban langsung dibawa di igd rs karomah holistik pekalongan ( info & amp pict : trie surgapantura ),42
c_ffbefa966468,1959 - musisi-musisi rock and roll buddy holly ritchie valens dan saja p `` the big bopper '' richardson tewas dalam kecelakaan pesawat jatuh di dekat clear lake iowa,29
c_a74107236c23,kecelakaan air : nelayan hilang di jepara ditemukan tanpa nyawa,10
c_b5b6e8012635,ini melanjutkan post tentang kecelakaan tabrakan truc dengan picup yang telah di post sebelumnya,14
c_b7d9da76e131,kecelakaan maut tewaskan 11 orang berita selengkapnya bisa anda saksikan dalam program kabar pagi minggu 4 februari 201 pukul 0:04:30 wib hanya di tvone & amp streaming di tvone connect,30
c_ce8110d00faf,kenapa tidak diangkat juga masalah orang yang mati kira kecelakaan di jalanapa itu juga kesalahan pemerintah ? terus itu di rs setiap hati banyak nyawa yang melayang apa itu salah pemerintah juga ? nyawa manusia itu berharga tapi takdir itu adasaat sudah saatnya ya mati juga jgnlah berlebihan dong,49
c_695a75b44848,526 kecelakaan truk menabrak sparator & amp tiang listrik di depan masjid at taqwa turunan karet bivak arah tanah abang,20
c_2c346b28fc2c,keluarga korban kecelakaan ikhlas pemakaman di sampit - antara news kalimantan barat,12
c_699644e9cdee,ini pesan ustad hamzah korban kecelakaan di desa pundu minggu 4 februari 2018 00:12,14
c_574044c66b72,kecelakaan 2 mobil di km 11 tol cikampek arah jakarta innova tabrak beton pembatas di kanan jalan & amp freed terperosok dikiri jalan,23
c_86b2e240d213,534 : kecelakaan melibatkan mobil fortuner dan sienta di km 11300 ke arah cawang ( p gen ),18
c_d63b6e7cdd9c,jenazah kecelakaan sampit tiba di pontianak - antara news kalimantan barat,11
c_41bcf2a21ff2,di jalan raya jangan tidur - kecelakaan lalu lintas terparah di dunia 2018 | top 10 menit 9 : via,20
c_4acaac4d6f62,kecelakaan ponorogo : 4 kendaraan tabrakan karambol di - solopos : solopos kecelakaan,13
c_663b74254742,ada kecelakaan di km 21 jalan tol waru arah sidoarjo macet,11
c_dd5f9b46d27e,ini nama korban tewas kecelakaan di desa pundu jasa raharja masih telusuri keluarga korban,14
c_f7478fb9138d,pagi ini akan mengulas ttg : - perkembangan ott bupati jombang - tol laut - insiden kecelakaan kerja di proyek2 di dki bersama pk0710 di,25
c_dd1eba50be79,4 pengendara sepeda motor terlibat kecelakaan di dairi,8
c_9edd324678a1,04:01 kecelakaan truk terguling di km 61 tol cikampek ( arah ke cawang ) & amp sudah dalam penanganan polri,20
c_87edea31f6c4,514 : : kecelakaan di bekasi timur kamu 16+800 arah cawang kendaraan dump truk dan kendaraan truk di lajur 1-2/kiri-tengah masih dalam penanganan petugas,24
c_0d205f61047b,kecelakaan lalu lintas merenggut 11 nyawa manusia yang terjadi di desa pundu cempaga hulu,14
c_7286d91e3865,0:06 wib cikarang utama - bekasi timur kamu 16+800 padat dampak ada penanganan kecelakaan di lajur 1-2/kiri-tengah,17
c_2cb463439d61,607 : ke arah jakarta macet imbas penanganan kecelakaan di km 17 ( p wiwit ),16
c_5e223ceb691b,kecelakaan pesawat di munich renggut 21 nyawa termasuk 8 pemain mu kejadian ini,13
c_97b89e41e43c,info jasamarga dampak ada penganan kecelakaan di tol beksai timur,10
c_23cb30c18ab5,ini instruksi polda kalteng ke seluruh polres terkait kecelakaan maut di pundu,12
c_cde1aef202ae,0:06:33 wib cikarang barat km 31 - bekasi timur kamu 16+800 padat ada penanganan kecelakaan di lajur 1-2/kiri-tengah,18
c_eab17a67096c,sandal jepit merupakan pemicu 14 juta kasus pelanggaran peraturan lalu lintas dan kecelakaan di jalan raya setiap tahunnya [ dailymail ],21
c_d14dd04bc991,-c- aku terjebak macet disekitar jalan pramuka sepertinya ada kecelakaan lalu lintas dan tak jauh dari tempat kejadian aku sampai didepan rumahnya yang berada di jakarta timur aku langsung mengambil ponselku dan mengirimkan pesan kepadanya [ line ] & gt gojeknya sampai,42
c_52d4655b3e8a,nyetir jam segini memang rawan barusan terjadi kecelakaan di tol jam-jam ngantuk capek tekanan pekerjaan dll itulah yang dirasakan para supir terutama supir truk semoga rejekinya selalu dilancarkan ya pak supir,31
c_eec8294cbc24,bikin merinding top kecelakaan lalu lintas terparah di dunia | crash moment 10 menit 11 : via,17
c_57f974d7331b,waktu pak setya novanto di-bully macem-macem bully-annya dulu dari icu kemudian sehat walafiat kemudian kecelakaan kemudian luka-luka banyak benjolannya semua saya larang : teman-teman saudara-saudara jangan ikut-ikutan melakukan bully tidak baik tidak baik '' kata surabaya di,37
c_445996be4a10,beberapa kejadian kecelakaan akibat konstruksi yang kurang baik atau sebab lainnya masih terjadi saat ini kami telah terhubung dengan prof dari manlian ronald simanjuntak st mt dmin guru besar managemen konstruksi uph simak yuk di,35
c_de86a081afd8,0:06:28 wib terima berita kecelakaan di jalan kedung cowek tepat dibawah jembatan penyebrangan mengarah ke suramadu 2 korban siswi sama mengalami luka ringan petugas sudah dilokasi,26
c_049d977b1aa5,sebuah truk kecelakaan tunggal di lampu merah harmoni,8
c_8f083c0af2b0,jylo berduka ! ! jihan audy kecelakaan di probolinggo artis new pallapa,12
c_6561301e7f5f,terus kalo sinetron indonesia tiba-tiba ganti pemain begitu entar diceritain orangnya kecelakaan amnesia mukanya di operasi plastik jadi berubah waksss yang menggantikan ratu siapa dongs tiba-tiba berubah wajah begitu,29
c_543417b7dc7d,bpjs gandeng 84 layanan kecelakaan kerja di bali : bpjs ketenagakerjaan menggandeng 84 fasilitas kesehatan ( plkk ),18
c_5f2c2ceed160,telah terjadi kecelakaan di simpang tantular- tukad musi out of control sepeda motor korban di,15
c_11e756da8544,kecelakaan air kembali terjadi di perairan sei menggaris desa tabur lestari kabupaten nunukan,13
c_325fc15bf2a9,619 imbas kecelakaan di pintu keluar kemayoran bagaimana ya ? ? ? info dongmakasih banyak,15
c_57a813db1572,09/02/2018 telah terjadi kecelakaan di simpang tantular- tukad musi out of control sepeda motor korban di antar ambulance bpbd propinsi bali ke rsup sanglah,24
c_c77eb140319b,kecelakaan tunggal di jalan siliwangi-gandok bandung siap2 maceet mau diderek,10
c_96f125ec14c1,jumat ( 9/1 ) pukul 0:04 pagi telah terjadi kecelakaan mobil apv terbalik di pas ngurah rai kuta info by,20
c_bfbbc891b34d,bagus sekali gerakan galang dana untuk membantu kawan aremania gresik yang mengalami musibah kecelakaan setelah away solo tapi harapannya semoga semua aremania di seluruh wilayah mendapat perlakuan yang sama agar tidak muncul polemik baru dari gerakan ini,37
c_840e1570bd09,terjadi 2 kecelakaan di kabupaten malang 2 pengendara motor tewas - berita terbaru,13
c_ce089e1274ee,terjadi 2 kecelakaan di kabupaten malang 2 pengendara motor - surya malang : surya,14
c_899fde752468,tingkat kecelakaan di dubai menurun 20 persen saat server global blackberry lumpuh [ survei the national ],17
c_47777e18fd88,kecelakaan lalu lintas tersebut melibatkan 4 mobil di jalur lalu lintas utara pada pukul 0:06:20 waktu setempat,17
c_1168b3af0a94,terjadi kecelakaan di jalan raya katung kintamani bangli pagi ini sabtu ( 11/2 ) melibatkan 2 mobil kini korban sudah dilarikan ke rumah sakit terdekat info dari via,28
c_4365735557e9,05:57 kecelakaan di traffic light jalan imam bonjol - jalan hos cokroaminoto menteng jakpus & amp masih penanganan polri,19
c_8b231f70db60,sebuah mobil rusak parah akibat kecelakaan sabtu 10 februari 2018 lokasi kejadian di traffic,14
c_53147f9cb1cd,mobil tabrak truk 2 tewas tergencet kecelakaan maut di jalur utama singaraja-gilimanuk,12
c_1872f841d187,kecelakaan maut di subang kecelakaan maut terjadi di tanjakan emen subang jawa barat pada sabtu ( 10/2 ) sore direktur lalu lintas polda jabar kombes prahoro mengatakan kecelakaan maut itu terjadi pada pukul 0:17 wib foto : yusup suparman/pasundan ekspres,40
c_97a7a60bc10b,jenazah korban kecelakaan di subang dievakuasi ke ambulans,8
c_868418fd7b31,kecelakaan maut bus di tanjakan emen-subang : via,8
c_1e13dadad91e,kecelakaan bus di subang 27 korban meninggal dunia,8
c_6bc40eac948a,korban jiwa kecelakaan maut di subang sudah 26 orang,9
c_e890204c53e0,detik-detik kecelakaan bus pariwisata di tanjakan emen-subang : via,9
c_e250e6fa2264,kecelakaan bus terburuk di hong kong dalam 15 tahun terakhir lewat informasi politik dan pembangunan lampung,16
c_2b90921f4cde,gambaran kecelakaan bus di tanjakan emen,6
c_ad42fe674681,657 : jasamarga : cawang - cikunir - cikarang - dawuan - cikampek lancar tambun km 19 arah cawang padat dampak ada evakuasi kendaraan kecelakaan yang lalu di parit,29
c_748ceee233ff,`` 5 news on the week '' 1 kecelakaan lalu lintas di tanjakan emen sabtu ( 10/2/2018 ),18
c_c751ea382f3d,polisi : korban tewas kecelakaan bus di subang 26 orang,10
c_363c768b85da,kecelakaan maut di subang 27 tewas,6
c_f8c13c093fb3,rombongan koperasi asal ciputat terlibat kecelakaan di tanjakan emen subang -,11
c_6575a35f56db,keluarga korban kecelakaan bus subang pagi ini sudah mulai mendatangi instalasi pemulsaraan jenazah di rsu tangerang selatan ( paa ),20
c_0d78163c8860,27 tewas di turunan emen subang sebanyak 27 orang dilaporkan tewas akibat kecelakaan maut bus pariwisata di,17
c_ceb2bfc626a3,: kecelakaan maut di subang 13 perempuan tewas,8
c_88cc26fd1767,13 orang tewas dalam kecelakaan bus rombongan wisata kelurahan pisangan ciputat di tanjakan emen,14
c_78b9298a66bb,bikin terenyuh begini unggahan seorang korban meninggal kecelakaan maut di subang firasat ? via,14
c_83bc6029e42e,deretan 9 fakta kecelakaan maut di tanjakan emen ketua koordinator berfirasat sebelum meninggal ! via,15
c_e0b6d6417631,akun fanbase cska indonesia turut berduka atas kecelakaan pesawat an-148 milik saratov airlines yang jatuh di daerah moskwa semalam dan menewaskan seluruh penumpang dan kru semoga 71 korban mendapat tempat terbaik di sisi tuhan,34
c_e39952e012a5,ini dia cerita korban selamat kecelakaan di tanjakan emen,9
c_5a7fcc01cbc3,menelisik penyebab kecelakaan bus maut di subang,7
c_a11d3634984f,kami segenap jajaran turut berbelasungkawa sedalam-dalamnya atas kejadian kecelakaan bus di tanjakan emen subang semoga keluarga korban yang ditinggalkan diberi ketabahan amin,22
c_eb5734f51288,jasa raharja berikan santunan kepada korban kecelakaan bus di subang,10
c_3b101a5b2fb0,tangis keluarga pecah saat jenazah korban kecelakaan tanjakan emen tiba di rsud tangsel,13
c_b9f74a86ccf8,: jejak peristiwa dan nama-nama korban kecelakaan maut di subang,10
c_a80550e93345,breaking news kecelakaan di subang banyak penumpang terje : melalui,10
c_e641d9463ed7,kecelakaan bus di subang diduga akibat rem blong : melalui,10
c_c53320ab2c5d,jasa raharja akan beri santunan korban kecelakaan bus di subang : melalui,12
c_e67fb41c31c7,korban tewas kecelakaan bus di subang : melalui,8
c_e47804c75cd0,7 korban tewas kecelakaan bus di subang dibawah ke puskesmas cagak : melalui,13
c_da029667e426,polisi tengah berupaya menggali keterangan dari lu tirta ( 35 ) korban sekaligus saksi hidup penumpang grand max yang lolos dari maut pasca kecelakaan lu tirta sempat menjalani perawatan di igd rsud buleleng lantaran mengalami luka berat namun hin,39
c_a54776f1105a,532 64+800 arah merak terjadi kecelakaan kendaraan trailer di lajur 1sedang di upayakan petugashati2 bila melintasi,16
c_525046337d79,sudah menjadi prosedur standar pihak kepolisian untuk memeriksa setiap korban kecelakaan di,12
c_56f72ee7087e,kecelakaan di subang sopir bus premium ditetapkan tersangka,8
c_55a82201d4a0,601 : kecelakaan di jalan raya ngelom sidoarjo jatim korban perempuan masih di tkp sudah ada petugas ( via ),20
c_2522e439fde6,tidak ada update kemacetan dan kecelakaan di km64 ? panjang dan lama seharusnya dibuat contraflow,15
c_7462b8acec91,615 wibmohon ma'af perjalanan anda terganggu di kamu 64+800 arah merak terjadi kecelakaan kendaraan trailer di lajur 1sedang di upayakan petugas,21
c_45f49081bb0e,622 : kecelakaan kendaraan trailer di lajur 1 km 64800 arah merak masih dalam penanganan petugas ( via ),19
c_a1f9907b5532,korlantas polri turut berbelasungkawa atas kecelakaan lalu lintas yang terjadi di tanjakan emensubang semoga keluarga yang ditinggalkan diberikan kesabaran dan ketabahan call center : <PHONE> sms center : 9119,29
c_63455013b7cb,baru saja terjadi kecelakaan di jalan karapitan setelah jalan emong mobil crv putih menabrak mobil yang sehari2 terparkir di sebelah kanan kap mesin crv hancur dan bangkai mobil melaju sendiri menyebrangi jalan beruntung tidak ada korban jiwa,37
c_966b049fa8fd,643 : rt : kecelakaan di jalan toll km 64 arah merak menunggu evakuasi kemacetan +/- 2 km cc :,20
c_9db21af595d6,645 : kecelakaan di tol menuju begitu pasteur antrian cukup panjang |,12
c_35343ac30c8b,644 : rt : kecelakaan di tol baros kamu 04p menuju begitu pasteur menyebabkan antrian cukup panjang,17
c_6567d2f4a3bc,400 : kecelakaan mobil ertiga warna silver di lajur 2 km 29400 ke arah bogor ( p haryanto ),19
c_009473bc3c13,kalo enggak mau mengurusi sini aku urus suami ' a lihat kayak begitu saja kasihan sampai kaki jalan di memaksa karena aku tau bagaimana rasa ' a kecelakaan di kaki 2 minggu aku enggak jalan enggak krja cuma di rumah ini sudah sakit malah memaksakan krj buat cari dwit karena enggak mau istri ' a laper,56
c_28f432addf24,boncengan tiga warga lumajang tewas kecelakaan dua tewas di tkp seorang sempat berikan petunjuk,14
c_214d3675fbc9,kecelakaan tunggal di jalan karangdowo pedan tadi pagi sekitar jam 5 diduga supir truk mengantuk kiriman,16
c_6a042c331c8c,ada kecelakaan lalu lintas di tol jagorawidini hari ini kamis 15 feb 2018 sekitar km 20 dari arah bogor ke jakarta ada 2 mobil tabrakan salah satu mobil terbalik tadi pakai 315 pas kami melewati jalur tersebut belum ada perugas,40
c_18b0c00cdec8,korban kecelakaan tanjakan emen dimakamkan di tpu legoso tangsel,9
c_c8fd06c1aee3,telah terjadi kecelakaan tunggal di jalan bedahulu gatsu mobil menabrak beton separator pemisah,13
c_3c46bfc31e55,pasca terjadi kecelakaan di simpang bedahulu - gatsu personil dan anggota gatsu membersikan dan,14
c_013830cc3867,sehabis baca salah satu artikel mengenai kecelakaan di tanjakan emen itu semakin khawatir kalau bystander effect di masyarakat kita semakin tinggi ya gila saja orang kecelakaan begitu malah sibuk direkamin bukan dibantuin,32
c_3a371422f1e1,radio andika 629 pak puguh septianto telah terjadi kecelakaan lalu lintas di jalur malang blitar tepatnya di,17
c_571bfee98957,warga kota sepang tewas kecelakaan diduga akibat menghindari lubang di jalan,11
c_025a04d022a6,ingat teman sendiri juga begitu kecelakaan di daerah yang sama pas dibonceng pacarnya dan enggak ada yang mau nolong mereka malah sibuk memfoto sampai yang gendong teman ya pacarnya sendiri yang sama ' parah juga kondisinya dengar cerita itu rasanya marah banget kenapa ada orang yang setega itu,48
c_76a555a47108,tiga mobil terlibat kecelakaan di jalan mistar cokrokusumo ini yang terjadi kemudian lewat,13
c_6d9cea4af8c1,korban kecelakaan di simpang angkatan 66 dijamin pt jasa raharja -,11
c_0f7958635377,358 : kecelakaan mobil elf dan minibus di ruas tol cipali dari cirebon arah jakarta km 168800 ( p budi ),21
c_f96a40eb8d04,359 : rt : terjadi kecelakaan 2 mobil travel di jalan tol cipali - jakarta,15
c_09e949e7823a,0:05:49 wib jtluhur km 84 - km 86 arah cileunyi padat dampak ada evakuasi kendaraan kecelakaan yang lalu di lajur kiri,21
c_c491517c6006,558 : rt : juta luhur km 84 - km 86 arah cileunyi padat dampak ada evakuasi kendaraan kecelakaan yang lalu di lajur kiri,24
c_738cb8d77284,pas balik ke pekalongan ada berita bis jakarta ke arah jawa kecelakaan di tol buset buka hp rame banget dikira bis aku padahal mah enggak,25
c_f31aaa2b336e,dua kecelakaan di ngawi jarak berdekatan,6
c_dc14fdb41642,terjadi kecelakaan lalu lintas di ngawi jawa timur hal ini disebabkan karena jarak antara kendaraan yang satu dengan lainnya berdekatan,20
c_2ca346d0b0e2,0:06:36 wib karawang barat km 41 - cikarang timur km 37 padat ada penanganan kecelakaan kira bus menabrak beton pengaman lajur pemb kontruksi elevated di lajur 4/kanan,27
c_baae19c88f97,doa ' a dan tahlil akbar untuk korban kecelakaan bus di tanjakan emen subang,14
c_2bca1c7e8676,631 : rt : imbas bus kecelakaan di turunan menuju jalan tol prof sedyatmo dari outer ring road lingkar luar barat dari arah cengkareng antrian kendaraan sudah 1 km,29
c_e71c6623e641,334 : kecelakaan tunggal mobil toyota avanza terguling di tol jakarta arah cikampek km 51 lajur2/tengah ( p endi ),20
c_b52f4b1510a5,( kecelakaan bus sekolah di india mengambil kehidupan 13 anak ) di detikfinance |,14
c_a786d1c29d53,kalo kecelakaan karena jalan berlubang kan bisa menuntut punya secara hukum harusnya kasus hnp gara-gara ngangsu air bisa dong ya menuntut pdam sebel lama-lama sama pdam karena iya mamaku harus di sinar punggungnya ( fisioterapi ) di rsud gara-gara ngangsu air,41
c_3b61da54a45b,enggak mengerti lagi aku ini sama orang orang kayak begini ini ini orang kalo naik motor enggak perlu pakai helm soalnya andaikan kecelakaan dia enggak ada yang perlu di khawatirkan otaknya saja enggak ada,34
c_eb764863f036,0:06:30 wib dawuan - padalarang - pasteur - cileunyi lancar dawuan km 68 - km 67 arah jakarta padat dampak ada penanganan kecelakaan di lajur 2/tengah,26
c_51846178ef11,4 kecelakaan maut dan mengerikan di dunia karena hal sepele,10
c_a3ba46846ea5,ambulans kecelakaan di tol cawang arah bekasi sopir luka - ( siaran pers ) & lt - komentar ?,19
c_0dca6b0f8385,kecelakaan maut minibus vs truk di lampung supir terjepit kemudi,10
c_b5146c35ffc9,what 's on 9 mei tahun 2012 - peristiwa kecelakaan sukhoi superjet 100 di gunung salak bogor jawa barat pada saat melakukan joy flight,24
c_b2a3f6de67d3,sayangnya rolls enggak begitu terkenal sekarang karena meninggal di usia muda doi kecelakaan paraglyding di usia 31,17
c_d882c43b9ac7,terjadi kecelakaan sebuah mobil grand livina warna putih nopol b 1380 szp menabrak pantat truk di depan family fun jlslamet riyadi batang kamis ( 10/5 ) dini hari akibat kecelakaan ini bagian,32
c_3a6c02634783,titik rawan kecelakaan di mojokerto saat musim mudik lebaran 2018 lewat,11
c_5e3d8a963c79,pasukan kuning '' dilindungi bpjs tak kecelakaan kerja bisa dirawat di kelas i lewat,14
c_6351480d0b73,kapolda sulsel membantu korban kecelakaan lalulintas di jalan tol ir sutami makassar,12
c_670d283c9e11,0:05:46 wib karawang barat km 45 - karawang timur kamu 51+600 padat ada penanganan kecelakaan di lajur 1/kiri,18
c_4f6dcb80d0b3,553 : : kecelakaan di karawang timur kamu 51+600 arah cikampek dalam penanganan petugas di lajur 1/kiri,17
c_b0edfaa6b9b5,0:06 wib karawang barat km 42 - karawang timur kamu 51+600 padat ada penanganan kecelakaan di lajur 1/kiri,18
c_3666164d77cf,semoga dengan adanya pemimpin baru malaysia akan lebih maju dan sentiasa aman seperti sebelum nih ya allah kau jauhilah negara malaysia dari segala kecelakaan yang boleh memecah belah kan umat islam di negara ini ya allah,36
c_c1e28c0d7f2a,0:06:32 wib cipayung - cibubur kamu 12+400 padat ada penanganan kecelakaan di lajur 1/kiri ciawi - bogor - cimanggis - tmii - cawang lancar,24
c_db5e25253678,0:06:34 wib tambun - cibitung km 25 padat ada penanganan truk gangguan ban di lajur 2/tengah cikarang utama - cikarang timur km 39 padat kepadatan vol lalu lintas karawang barat km 41 - karawang timur kamu 51+600 padat ada penangnan kecelakaan di lajur 1/kiri,44
c_37ba47b13e37,kecelakaan pengendara motor di dekat abadi bkt pada bambu jakarta timur diduga satu meninggal,14
c_e1bf4ab5b5c9,638 : rt : kecelakaan kontainer dan truk di lajur 1/kiri km 51600 ruas karawang timur arah cikampek dalam penanganan petugas,21
c_f8b8b158d893,kecelakaan beruntun di baureno bojonegoro 2 pengendara motor luka berat bojonegoro ( baureno ) - tiga kendaraan yaitu satu kendaraan roda empat dan dua sepeda,25
c_c0fcb9051898,154 : kecelakaan mobil terios warna silver di km 11 ke arah cikarang ( p jarot ),17
c_23afc37c9260,530 50 arah merak terjadi kecelakaan kendaraan truck fuso di bahu jalansedang proses penanganan petugashati2 bila melintasijaga jarak aman berkendara,20
c_d710f1b48761,530 : rt : kecelakaan 2 mobil di perempatan tmp suropati malang jatim dini hari pukul 0:02:30 korban dan kendaraan sudah dievakuasi oleh petugas,24
c_eafd79757f01,ini di karenakan kondisi mayat yang tidak layak untuk dilihat agar pihak keluarga enggak shock korban kecelakaan fatal pun kalo dari rumah sakit sudah di masukan peti enggak boleh dibuka kampret begini saja di nyinyir,35
c_b7d8f019c88b,wo ding liao yi ge shi pin viral video kecelakaan di jalan raya yang terekam cctv,16
c_9f258d8adfe5,kecelakaan di kawasan gunung manggah jalan oto iskandardinata sekitar pukul 02:40 dini hari tadi,14
c_e849419be5d5,pagi2 deh ada kecelakaan di kamu 37-38 arah cikunir,9
c_cbbe1f3dd482,info lhur tlh terjadi kecelakaan lhur di jalan sebelum kantor bupati dari simpang lima gumul enggak tau pasti kejadianya soalnya pas melewati tadi korban md tursuwun maaf enggak tau nama jalanya karena bukan asli kediri,35
c_8ab17c9db865,pak emergency call jasamarga enggak bisa ditelf ? ada kecelakaan di tol jagorawi km 39 dan 43 belum ada yang membantu,21
c_f7f344eb243b,radio andika 525 info awal : kecelakaan tunggal mbak lala dan mas firman menginformasikan telah terjadi kecelakaan tunggal sepeda motor korban seorang laki-laki dan diduga meninggal dunia lokasi dekat warung daun di,32
c_84b6cc26e9e9,radio andika 633 update kecelakaan di jalan erlangga sukorejo ngasem kediri setelah melakukan olah tkp iptu moh nakrowi kasubsektor ngasem kediri mengatakan kecelakaan yang terjadi di jalan erlangga melibatkan,29
c_733083cdee64,13 korban kecelakaan tewas di polda banten,7
c_9fdc08482d2e,ada kecelakaan bus pariwisata dan bus mira di kertosono dekat pabrik gula,12
c_808138a0c625,0:03:09 wib cikarang barat km 32 - karawang barat km 47 padat ada perbaikan jalan di km 32 lajur 1/kiri ada pembangunan jalur tol atas di kamu 45+200 lajur 1/kiri dan penanganan kecelakaan yang lalu di km 47 bahu jalan gunakan jalur alternatif,43
c_7b371c747113,419 : kecelakaan mobil apv dan ertiga di lajur kanan km 59600 ke arah cikampek ( p ipin ),19
c_bd1d5bcc4350,sekitar jam 410 terjadi kecelakaan mobil box di jalan purwosari ( dekat pt indolacto ) arah malang sopir dan penumpang selamat tidak ada luka,24
c_12938d66d53a,kecelakaan di ruas toll cikampek jakarta km 3 dari arah cikampek belum ada penanganan polisi,15
c_123004bb1186,radio andika 559 update : kecelakaan di jalan raya banyuanyar kecamatan gurah kediri aipda yulianto si h kasih humas polsek gurah kediri menginformasikan tadi malam sekitar jam 0:20:30 wib telah,30
c_20df3f79fb1f,kecelakaan tunggal di tol cikampek arah jakarta km 4 truk terguling di tengah jalan | 0:05:58 wib |,18
c_06510ebe9f14,06:04 kecelakaan kendaraan terguling di km 3 tol pondok gede barat ( arah ke cawang ) & amp masih penanganan polri,21
c_0e88fbe720fe,624 : kecelakaan tunggal truk terguling di tol cikampek pondok gede km 4 arah ke jakarta masih penanganan,18
c_6ffab32d7f12,0:06:33 wib dawuan km 60 - km 66 arah cikampek padat ada perbaikan jalan di lajur 1/kiri jatiwaringin km 3 arah cawang padat ada penanganan kecelakaan di lajur tengah,29
c_9545f63f2d65,132 : : menjelang kuningan km 5 arah tomang padat dampak penanganan kecelakaan di lajur kanan,16
c_b00f67a372e5,kecelakaan di jalan dramaga,4
c_04593f17bc18,( operasi patuh jaya 2018 polisi berharap tekan nomor kecelakaan ) di detiknews |,14
c_d7bc6d44f193,ada kecelakaan di ruas tol serang-cikande kejadian barusan mohon tindakan secepatnya karena korban terjepit,14
c_ab706c128b60,ada kecelakaan di ruas tol serang-cikandebarusan dan korban terjepit mobil harap tindakan secepatnya,13
c_2f0cb98de94a,-kakak perempuannya meninggal diakibatkan kecelakaan saat ini celyn duduk di bangku sama dia bukanlah siswi yang pintar dan memiliki banyak prestasi tapi celyn merupakan siswi yang aktif dalam organisasi dia adalah wakil ketua osis di sekolahnya-,36
c_161e69eb2693,654 : rt : hati -hati evakuasi kecelakaan di sekitar 2 km setelah begitu ciujung ruas tol tangerang - merak arah jakarta,22
c_283f20d6a39d,kurang konsentrasi motor tabrak sedan di margomulyo pengendara motor luka-luka bojonegoro ( margomulyo ) - kecelakaan lalu-lintas terjadi di jalan raya,21
c_1c28e18ef4a4,hari nakba ( ywm lnkb @ bermaksud `` hari kecelakaan '' ) merujuk kepada hari memperingati pencerobohan dan pemusnahan lebih 500 bandar dan kampung di palestin oleh tentera israel yang menyebabkan lebih 700000 warga palestin menjadi pelarian,37
c_8033de5d4dad,ada sedikit kecelakaan di cibubur arah cawang tepatnya setelah cibubur junction sedang dalam penanganan petugas arus lalu lintas sedikit tersendat karena banyak yang kepo juga,25
c_4edf623f21bd,0:06:43 wib dawuan - padalarang - pasteur - cileunyi lancar menjelang padalarang timur km 122 arah jakarta padat penanganan kecelakaan di lajur kiri,23
c_c752695fc307,646 : rt : penanganan kecelakaan di cibubur arah cawang tepatnya setelah cibubur junction arus lalu lintas tersendat karena banyak yang melambatkan kendaraannya,23
c_7ec529a4d7e4,ada kecelakaan di tol bekasi timur arah tambun,8
c_d13e8d8b58ad,0:06:52 wib begitu cikarang utama - karawang barat km 42 padat ada perbaikan jalan di kamu 32+200 lajur 2/tengah dan kepadatan penyempitan lajur pekerjaan jalan gunakan jalur alternatif karawang barat km 43 - km 49 arah cikampek padat penanganan kecelakaan di bahu jalan,43
c_4c548c280d2d,terjadi kecelakaan lalu lintas di jalan toll japek km -2 arah cikampek,12
c_7eb7e1da0d19,kecelakaan di tol halim kamu 1+800 arah juta bening suzuki ertiga putih b 2145 tzj,15
c_df839dd200d9,606 terjadi kecelakaan lalu lintas di jalan tol japek sekitaran km 2 arah cikampek,14
c_a70bb3cabc81,0:06:08 wib karawang timur km 50 - km 57 arah cikampek padat dampak ada penanganan kecelakaan di bahu jalan,19
c_39e0aa15c21f,kecelakaan dua mobil terbalik di kamu 1- 900 macet mulai kamu 0-00 tol jakarta- cikampek arah cikampek,17
c_35827bbf167f,kecelakaan sedan terbalik melintang di tol japek dekat pintu tol halim,11
c_b9e3bd53627d,pagi ini terjadi kecelakaan mobil terbalik di tol halim kamu 1+800 arah jatibening bagaimana situasi lalu lintas sekarang ? mata-mata yang berada disekitar lokasi bisa mengirimkan foto/videonya kepada,28
c_913608563e2d,kecelakaan di km 1700 halim arah bekasi mobil terbalik,9
c_0bd0cbbe45ea,620 : rt : kecelakaan mobil terbalik di km 1900 macet mulai km 0 arah cikampek,16
c_4298cf674fdc,6:28 wib cawang - halim padat kepadatan penanganan kecelakaan di kamu 02+000 arah jatibening ( uda ),17
c_6ab16d484f89,kecelakaan ertiga b-2145-tzj di km 1200 arah cikampek lajur 3 & amp 4 ( dlm penanganan petugas ),18
c_0eaa941cc203,644 : kecelakaan di tol halim kamu 01+600 arah cikampek sedang dalam proses evakuasi ( p cakim ),18
c_478cb37e77ad,terjadi kecelakaan lalu lintas di jalan tol japek sekitaran km 2 arah cikampek sellau hati-hati sobat,16
c_608b476960ca,648 kecelakaan di tol japek km 1200 arah cikampek mobil suzuki ertiga b 2145 tzj sudah dalam penanganan polri,19
c_d00ec64130b1,7:48:28 sama kecelakaan di jalan mahendradata utara simpang buana kubu korban masih dilokasi ambulan pos mahendradata menuju lokasi untuk evakuasi,20
c_5055ac87c6b0,0:06:48 wib cawang - halim km 2 padat penanganan kecelakaan di lajur 2/tengah bekasi barat - cibitung padat kepadatan penyempitan lajur pekerjaan jalan cikarang barat km 30 - kamu 32+200 arah cikampek padat ada perbaikan jalan di lajur 2/tengah,39
c_bd165f8e8a3e,kecelakaan mobil terbalik di kamu 1+800 arah cikampek sedang dalam penanganan petugas,12
c_bcc3b5a0e7a4,kecelakaan karambol melibatkan truk tangki truk material mobil kijang dan sebuah motor terjadi di jalan palagan tentara pelajar km17 kronologi menurut kesaksian truk tangki mengalami pecah ban sehingga oleng dan terjadilah tabrak,32
c_15e424e96273,00:40 kecelakaan truk bd 8529 av dan pejalan kaki di dkt halte jalan bandengan terusan jembatan tiga jakut korban tutup usia : gatot si ( 13 tahun ) & amp sudah dalam penanganan polri,34
c_9bc36e127a59,otoritas penerbangan china telah memulai penyelidikan penyebab kecelakaan yang menyebabkan kaca depan pesawat terlepas di udara,16
c_905821438e4f,masih ngeri lihat kecelakaan semalem di jmbatan banjaran,8
c_6c2cec625fd2,terjadi kecelakaan tunggal parah deh di sebrang st bekasi timur bonceng 3 naik motor honda supra kali ban nya sampai patah kebelah 2,23
c_347a6448604a,kecelakaan lalin mikrolet m-29 di per3an kalimalang - radin inten kemacetan panjang sejak 520,14
c_f14184d7c7b5,min tadi ada kecelakaan di gerbang meikarta deltamas sudah dapat infonya belum min ?,14
c_418e012bc68c,yang buruk di mata kita yang itu dari allah sebenarnya itu kebaikan yang kita gagal lihat kecelakaan itu buruk tapi bisa jadi dengan momentum itu kita akhirnya diperiksa & amp ketahuan oleh dokter bahwa ada penyakit di tubuh kita yang baru ketahuan setelah kecelakaan itu,45
c_e15b0573e4a2,8 video kecelakaan road race yang sangat fatal di indonesia lewat,11
c_aa9612753163,radio andika 607 telah terjadi kecelakaan lalu lintas di dusun beji desa wonorejo kecamatan wates kabupaten kediri sekitar jam 0:20:30 wib tadi malam kecelakaan melibatkan sepeda motor honda supra nopol ag - 2817 - oc,35
c_b82690ad4068,100 lebih tewas dalam kecelakaan pesawat di kuba,8
c_d85218892194,620 : imbas kecelakaan di km 139 tol purbaleunyi arah cileunyi belum ada antrian kepadatan jelang lokasi karena kondisi jalan tol masih lengang hati-hati jelang lokasi ( ptoni ),29
c_918780584fde,0:06:25 wib kopo km 138 - kamu 139+200 arah cileunyi padat ada penanganan kecelakaan di lajur 1-2/kiri-tengah,17
c_9693db2552a4,630 : rt : kecelakaan kendaraan truk colt diesel di lajur 1-2/kiri-tengah km 139200 ruas dari kopo arah cileunyi dalam penanganan petugas,22
c_5eff8b7de4ce,0:06:30 wib kopo km 138 - kamu 139+200 arah cileunyi padat ada penanganan kecelakaan di lajur 1-2/kiri-tengah cileunyi - pasteur - padalarang -dawuan lancar,24
c_76b128539c28,641 : rt : kecelakaan di km 72 ruas tepatnya di depan rest area km 72 dari cipularang km 72 arah bandung,22
c_ae80968899e7,kecelakaan pesawat di kuba tewaskan lebih dari 100 orang,9
c_7cce3b6df559,0:06:50 wib sadang km 71 - km 72 arah cileunyi padat ada penanganan kecelakaan di lajur 2/kanan,17
c_36c2186d0cc0,kemarin sore driver kecelakaan di jalan cicendo saat akan mengantar pesanan grab-food ke jalan lengkong mungkin karena kelelahan atau mungkin karena mengemudi sambil lihat google map,26
c_62dc2de6cf1a,sang driver langsung pingsan di lokasi kejadian mendapat p3k dari warga sekitar order-pun akhirnya dicancel oleh pemesan karena tidak tahu kalo sang graber mengalami kecelakaan yang lumayan serius semoga lekas sembuh ya pak ! supaya bisa cari rejeki lagi buat keluarga di rumah,43
c_2fec607b9c4f,656 : kecelakaan tunggal di tulis batang jawa tengah arah jakarta | ( p haryanto ) cc :,18
c_5efd4c82d5e6,terus baru baca twitternya dan ternyata kena kecelakaan di tol fyi bis2 pantura begitu tuh ngeri-ngeri dulu sebagai orang yang naik bis kalo balik semoga pun ketar ketir bahkan kata orang-orang mending supirnya mati/nabrakin diri daripada ketangkep orang-orang lho ya yang bilang,42
c_a8b280261819,110 tewas dan tiga kritis dalam kecelakaan pesawat di kuba,10
c_e1f0f69d51d7,kuba konfirmasi 110 tewas pada kecelakaan pesawat di havana,9
c_f9fdea20a0b7,kecelakaan pesawat di kuba 110 orang tewas,7
c_3a8116bab815,kecelakaan di bumiayu itu kenapa truk enggak ngambil jalan lingkar ya tapi melintas di jalan dalam kota hemm,18
c_fc8a97778c64,( video ) kronologi kecelakaan truk di bumiayu 12 orang ngabuburit tewas lewat,13
c_4543aa5f7dce,begini kronologi kecelakaan tragis truk maut di bumiayu - liputan6 pagi,11
c_420c59294be3,558 : lalin di tol jorr arah cikunir dari pasar rebo macet dampak kecelakaan di km 9 arah cawang ( p joyo ),23
c_58ab5d2c00cc,ngeri banget ya mih mugo '' wae kurban kecelakaan sing meninggal dunia di ampuni dosa '' ne lan diterima allah swt amin opo meneh kejadiane ning wulan puoso,28
c_6107e5e67e01,kronologi kecelakaan truk di brebes yang tewaskan 12 orang,9
c_fbba871c79d1,kecelakaan maut di bumiayu brebes rem truk blong korban 11 orang meninggal lewat,13
c_e2ccf20c35a1,kecelakaan maut di bumiayu - brebes 11 warga meninggal,9
c_fe13d088c2bc,ngeri begini kronologi video kecelakaan truk di bumiayu 12 orang ngabuburit tewas & amp 7 rumah rusak - tribun video,20
c_7bce3115ffe0,ini identitas korban kecelakaan akibat truk tronton rem blong di bumiayu,11
c_8dd94915b157,kronologi resmi kecelakaan maut di bumiayu brebes begini kondisi sopir truk sekarang lewat,13
c_ef1c6f901daa,kecelakaan truk yang menewaskan 12 orang di bumiayu brebes,9
c_66f7b4683c0e,630 : petugas sedang mengevakuasi korban kecelakaan di km 9 ruas dari tomang menuju cawang via,16
c_dfe98777af5b,sopir truk luka berat polisi sulit cari penyebab pasti kecelakaan di bumiayu,12
c_2843c4928e67,633 : rt : sedang ada penanganan kecelakaan di km 69250 serang arah merak gunakan lajur kiri & amp perhatikan rambu petugas,22
c_0c35ece1a66d,polisi tolong di rilis berapa pengedara sepeda motor yang enggak pulang kerumah karena kecelakaan alias meninggal di seluruh indonesia agar di ketahui pengendara motor yang lain siapa tau bisa jadi pembelajaran,31
c_4db6ced45597,kecelakaan maut kembali terjadi di ruas jalan pagojengan bumiayu jawa tengah minggu ( 20/5 ) sore sebuah truk tronton menabrak kerumunan orang serta sejumlah kendaraan dan menewaskan 12 orang,29
c_1ae9e4ab170b,iyo mih lan semoga keluarga kurban kecelakaan di berikan kesabaran dan ketabahan dalam menghadapi cobaan amin,16
c_6259b24b299a,tuhan bersama mereka yang berduka & gt & gt & gt kronologi kecelakaan truk yang menewaskan 11 orang di bumiayu brebes,21
c_5531ac4a2c40,kecelakaan maut di brebes tewaskan 11 orang di lokasi polisi : kami menduga karena rem blong,16
c_e18eb13e500f,655 : terjadi kecelakaan di tol dalam kota km09-300 arah slipi sedang penanganan ada korban jiwa ( brigadir harlen ),20
c_b4ccbcd07f5b,430 : rt : kecelakaan mobil pick up mitsubishi l 300 b 9124 uai di ruas tol dalam kota ( kuningan ) arah cawang sudah dalam penanganan petugas,28
c_d58d5ccb0857,550 : : kecelakaan di cikarang timur km 40 arah cawang kendaraan truk box terbalik miring di lajur kiri dalam penanganan petugas,22
c_16c025970bc2,0:05:51 wib karawang barat km 42 - cikarang timur km 40 padat dampak ada penanganan kecelakaan di lajur kiri,19
c_20fa6e442f10,0:06:04 wib karawang barat km 44 - cikarang timur km 40 padat dampak ada penanganan kecelakaan di lajur kiri,19
c_a8c20e28b6c2,ada penanganan kecelakaan di kamu 97+250,6
c_de9cf0aa10dc,0:06:35 wib karawang barat km 47 - km 40 arah jakarta padat ada penanganan kecelakaan di lajur kiri,18
c_6c5b87966866,now ! dirlantas polda jawa tengah kombes pol dari bakharudin muhammad syah sh sik : hasil olah tkp kecelakaan maut di ruas jalan diponegoro kecamatan bumiayu kabupaten brebes,28
c_20f0c8431b35,649 : rt : kecelakaan kendaraan truk colt diesel tangki di km 14 ( cibubur arah bogor ) dalam penanganan petugas di lajur kiri,24
c_cab2b01a1412,radio andika 657 update : kecelakaan di jalan raya ngantru desa ngantru kecamatan ngantru tulungagung brigadir zamroji anggota polsek ngantru tulungagung mengatakan kecelakaan yang terjadi tadi malam sekitar jam 2300,30
c_59cc7fa3eb1a,kesimpulan sementara polisi terkait kecelakaan maut di brebes,8
c_f2f968fac1bd,23 mei | telah terjadi kecelakaan di baru abian base kuta depan hotel grand zuri sebelah central parkir selalu hati-hati dalam berkendara sahabat sonora info dari via,27
c_aa37842a7e99,0:05:26 wib bekasi timur km 16 - kamu 18+500 arah cikampek padat ada penanganan kecelakaan truk di lajur 3/kanan,19
c_3e0a12534343,hasil olah tkp penyebab kecelakaan maut di brebes karena truk overload,11
c_2f3ef849e8d2,537 : : kecelakaan di cikarang km 27 arah jakarta beruntun 5 kendaraan menutup lajur 23-4/tengah-kanan dalam penanganan petugas di bahu jalan/kiri,22
c_b36f702c6737,kecelakaan tragis truk diesel vs truk ekspedisi di tegal,9
c_23bcc0daf613,0:06 wib bekasi barat - bekasi timur kamu 18+500 padat ada penanganan kecelakaan truk di lajur 3/kanan,17
c_cbd65dd9b8e9,ada kecelakaan truk di tol bekasi lalin padat 2 km,10
c_41255c6d0325,jasad 12 korban kecelakaan maut di brebes diambil pihak keluarga - inews pagi 21/05,14
c_94e510a8e8c0,kecelakaan maut di brebes tewaskan 12 orang sopir truk melarikan diri - inews malam 20/05,15
c_1ee8760a3247,kecelakaan maut truk tabrak rumah di brebes 12 orang tewas - inews malam 20/05,14
c_ecf05805f1a3,0:06:34 wib jatibening - bekasi timur kamu 18+500 padat ada penanganan kecelakaan truk di lajur kanan,16
c_44bfa3aab22d,intinya lady diana nikah sama ayah harry itu kayak dipaksa begitu terus terjadilah perselingkuhan sampai akhirnya sih lady diana meninggal dalam kecelakaan yang sepertinya di setting oleh pihak '' tertentu karena sih lady di hamil dan yang anak dalam perutnya saat itu ya milik siselingkuhannya,45
c_32ec65a3b4d2,0:03:08 wib tomang - karang tengah - tangerang - bitung lancar menjelang tomang kamu 00+800 dari arah kb jeruk padat penanganan kecelakaan di lajur 1/kiri,25
c_cf9c17208a7b,ada kecelakaan mobil puso terbalik di km 80 arah jakarta belum ada petugas a,14
c_b2a7ebfc0771,kecelakaan speedboat di perairan tarakan diduga karena nakhoda mengantuk,9
c_80acea353fec,warga pandak tewas kecelakaan di jalan pemuda,7
c_392b72407dbc,negara mmbuat kecelakaan sejarah fatal dengan dikotomitasi gila di tengah masyarakat ulama di negeri ini tidak terbatas bukan hanya 200,20
c_03a11645e8c8,0:06:22 wib dawuan km 62 arah jakarta padat ada evakuasi kecelakaan di lajur 3-4/tengah-kanan,14
c_ad72133fbf4d,626 : rt : dawuan km 62 arah jakarta padat ada evakuasi kecelakaan di lajur 3-4/tengah-kanan,16
c_40e72f2ea79f,00:29 kecelakaan toyota calya b 2221 bzk & amp pemotor b 3379 ecp di dkt halte busway jati padang jaksel & amp sudah dalam penanganan polri,26
c_d163261a7d59,kecelakaan maut di banjarsari ciamis pengendara motor tewas di tempat - harapan rakyat online,14
c_3e374a4be388,info menarik terbaru tentang ( warga malaysia dirujuk ke rs di jakarta korban kecelakaan speedboat di malinau ) -,19
c_330d221b1395,pak gubernur nuwun ngapunten aktifin malih jembatan timbang malih dan di perketat mengingat kecelakaan di bumiayu,16
c_47ad7aefd111,telah terjadi kecelakaan tunggal kemarin malam di desa plaga petang mobil menabrak pasir di pinggir jalan hingga mobil terguling info by,21
c_da50a055e3a7,0:06:32 wib cikunir - bekasi barat km 14 padat ada penanganan kecelakaan di lajur 3/kanan bekasi timur - tambun padat kepadatan vol lalu lintas,24
c_29e60118f819,0:05:26 wib cikarang barat km 32 arah jakarta padat ada penanganan kecelakaan di lajur 2/tengah,15
c_f7b26aca2c2b,0:06 wib cikarang timur km 37 - km 39 arah cikampek padat ada penanganan kecelakaan cibatu km 35 - cikarang barat km 32 padat ada penanganan kecelakaan di lajur 2/tengah,30
c_260efd77a006,radio andika 615 pak agus senkom tol jombang mojokerto mengabarkan sekitar jam 40 wib ada kecelakaan di jalan raya tol jombang mojokerto kamu 693+100 a kecelakaan melibatkan kendaraan truck brmuatan alat berat nopol b,34
c_96400840d1a3,kecelakaan di tol itu antara waru sd exit tol sidoarjo kendaraan tadi masih di kanan jalan kaca dan bagian depan remuk,21
c_025ecdc1ded2,645 : rt : kecelakaan kendaraan box terbalik di lajur 2/tengah km 32 ruas cikarang barat arah jakarta selesai penanganan petugas,21
c_edd2042af50e,dikira korban kecelakaan saat di perhatikan sepasang remaja ini melalukakan hal menjijikan berikut rekaman nya,15
c_e5665bd45ed5,mohon maaf untuk kecelakaan di luar jalan tol bukan kewenangan kami,11
c_98b30acad840,facemist selain untuk kecantikan juga dapat membantu luka kecelakaan cepat mengering caranya ? tinggal semprot rutin ke area luka sudah sedia facemist di rumah ? pamakaian simple dan khasiatnya banyak lho harga,32
c_39ca2e7ee8fb,631 : rt : hati -hati penanganan kecelakaan di lajur kanan km 62200 dari tangerang arah merak gunakan lajur kiri jaga jarak kurangi kecepatan,24
c_fe4695e0b23e,semalem lewat depan imigrasi kayak ada ribut-ribut entah kecelakaan entah maling tapi lihat orang enggak pakai baju geletak di jalan dan orang-orang pada mengambek masih kepikiran sampai sekarang itu tuh kenapa ? : (,34
c_77ae09db1403,tapi yang paling menyakiti sih lihat muka orang tua yang juga selalu menahan sedihnya tiap lihat kondisi anaknya semoga kecelakaan ini terakhir kalinya enggak ada operasi lagi ( apapun itu penyakitnya ) di masa mendatang,35
c_21a0aca7fb73,kecelakaan lalu lintas di joalampe menewaskan 2 orang pengendara -,10
c_fb603d38e7be,kecelakaan sepeda motor di madiun tiga orang tewas -,9
c_f434aeb2e25c,radio andika 547 kegiatan patroli dilaksanakan di wilayah polres blitar antisipasi gangguan kamtibmas dan kecelakaan sasaran di jalur protokol jalan panjang hutan jati tempat ibadah perbankan obyek vital info dari,30
c_518ae9d0cd65,terjadi kecelakaan bus di toll balaraja merak km 44 sudah ada petugas,12
c_8f1ab0264b2e,kecelakaan di jalan tol kamu 44+100 ke arah merak,9
c_25318cbaea43,646 : rt : terjadi kecelakaan bus di tol balaraja arah merak km 44 sudah ada petugas,17
c_66926e5a987e,petugas senkom astra infra tollroad rahmat amin : kecelakaan melibatkan 3 kendaraan di lajur 1 km 44 arah merak tidak ada korban sedang dalam penanganan petugas lalin masih terpantau lancar,30
c_41e61984b6f0,652 : rt : kecelakaan di jalan tol km 44100 ke arah merak,13
c_af55ad08b8c2,km 44 arah merak terjadi kecelakaan melibatkan 3 kendaraan di lajur cepat kiritidak ada korban jiwahati2 bila melintasijaga jarak aman berkendara,21
c_9fd9e52e4bd2,kecelakaan lalulintas di cikupa 1 rider luka berat lewat @,10
c_96de9ecc86d6,556 : rt : kecelakaan truk menabrak pembatas di depan kampus ibn jalan di panjaitan jakarta timur & amp masih penanganan polri,22
c_4dad4f76259a,parah admin orang kecelakaan malah di mampus2in,7
c_631a21bbf3e2,hih orang kecelakaan di- '' mampus '' -in,8
c_3b296121c008,29 mei | terjadi kecelakaan di jalan bypass ngurah rai tohpati dentim supir truk diduga mengantuk dan menyasar pepohonan pinggir jalan saat ini korban mendapatkan penanganan dari bpbd dan sedang dalam perjalanan ke rumah sakit info dari,37
c_f0cdb656739c,536 : : setelah begitu cikarang utama 2/3 - cibitung kamu 23+600 padat ada kecelakaan 4 kendaraan di lajur 2-3-4/tengah-kanan gunakan lajur kiri keluar cikarang barat atau keluar cibitung masuk kembali tambun lewat jalan kalimalang,35
c_fddc92d4baa3,ada penanganan kecelakaan di cibitung kamu 23+600 lajur 2-3-4/tengah-kanan,9
c_f06d6890b254,wiedcommute lewatmana ada penanganan kecelakaan di cibitung kamu 23+600 lajur 2-3-4/tengah-kanan,11
c_2e33f185e085,0:05:45 wib cikarang barat km 31 - cibitung kamu 23+600 padat ada penanganan kecelakaan terlibat 4 kendaraan di lajur 2-3-4/tengah-kanan gunakan lajur kiri atau keluar cikarang barat atau keluar cibitung masuk kembali tambun lewat jalan kalimala,36
c_6c91a2aee4cf,teguhgartiwa ada penanganan kecelakaan di cibitung kamu 23+600 lajur 2-3-4/tengah-kanan,10
c_22ed3b9af171,kepadatan dampak selesai penanganan kecelakaan di kamu 23+600,8
c_086b85c085dc,asetiaones radioelshinta tmcpoldametro kepadatan dampak selesai penanganan kecelakaan di kamu 23+600,11
c_51de4ce06edf,625 : rt kecelakaan di cibitung kamu 23+600 arah cawang terlibat 4 kendaraan di lajur 2-3-4/tengah-kanan selesai penanganan lalin padat dari cikarang barat km 33,25
c_c8a6022b9d58,640 : kecelakaan di tol japek kamu 22/600 cikampek arah jakarta pagi tadi saat ini sudah selesai penanganan petugas di tkp kendaraan sudah bersih kepadatan hanya imbasnya saja,28
c_c2aa9bbbe5fd,3 mobil kecelakaan di tol cikampek arah jakarta - detikcom ( siaran pers ),14
c_c6a5b118aa81,dikabarkan terjadi kecelakaan di jalur 33 by pas mojoagung jombang antara pick up dan harapan ojo terlalu berharap bahaya iso tabrak'an,21
c_f0832620b59f,0:04 wib kuningan - semanggi km 7 padat ada penanganan kecelakaan di lajur 1-2/kiri cengkareng - pluit - tomang - cawang lancar,22
c_20764a417418,03:50 kecelakaan truk & amp kopaja di km 7200 tol semangggi ( arah ke pluit ) & amp masih penanganan polri,21
c_514437c12d1a,lanjutkan sehingga tertib dan tidak menumbulkan kecelakaan khususnya di daerah bumiayu jawa tengah,13
c_69cae2cca84b,0:04:21 wib kuningan km 5 - semanggi km 7 padat ada penanganan kecelakaan di lajur 1/kiri dan bahu jalan cengkareng - pluit - tomang - cawang lancar,27
c_1310baff81e3,0:05:06 wib kuningan - semanggi km 7 padat ada penanganan kecelakaan di bahu jalan cengkareng - pluit - tomang - cawang lancar,22
c_983ba856416e,610 kecelakaan truk terbalik di km 29 tol sedyatmo arah bandara soetta sedang dalam penanganan petugas,16
c_56248b4fdc63,info ada korban kecelakaan di jalan hari muhammad kondisi korban tergeletak di pinggir trotoar apakah dinas terkait sudah turun ke lokasi ? mohon bantuannya jika belum,26
c_8ec9bef5b50f,: kecelakaan di atas jembatan tol balaraja jalan raya serang km 25,12
c_4db24f8e42f1,140 : kecelakaan taksi express menabrak separator busway di jalan panjang kedoya dekat green ville jakbar ( p edmund ),20
c_109174a53ec2,terjadi kecelakaan pada pkul 03:00 wib di depan pos polisi karang delanggu truk dengan truk tronton keadaan sopir masih terjepit,20
c_9870a97d3fdc,awal kisah horor di rel yang menghubungkan kota bogor dengan sukabumi ini pernah terjadi sebuah kecelakaan pada tahun 2000 yang menewaskan 12 orangsebagian besar adalah siswa pramuka yang akan berkemah di sukabumi,32
c_4ec3f75847fd,habis lihat kecelakaan anak kecil naik motor bonceng 3 di perempatan tabrakan sama truk duh dek dek di jalan itu kita wajib hati-hati bonusnya kalo hati-hati kan buat diri dan buat orang lain miris banget,35
c_2b959f2da002,guna mengantisipasi kecelakaan lalu lintas selama masa mudik dan arus balik lebaran di jalur darat satuan lalu lintas ( satlantas ) polres bontang pasang sekitar 35,26
c_f01338d5ed8f,nongkrong di coklat juang tiba tiba disapa cewek aku enggak kenal tapi dia nyapa ternyata dia orang margorejo yang pernah kecelakaan di jekulo waktu ujan deres terus aku anter pulang sama suplek orang item memang gampang diinget wajahnya haha,39
c_d6959b57a127,video : ngeri ! kecelakaan pirro di motogp italia lewat,10
c_73ba411e8a4e,retweeted tmc polda metro jaya ( ) : menemukan kebakaran tawuran kecelakaan bencana alam ormas anarkis kdrt sotr tidak tertib dan balap liar di wilayah dki jakarta hubungan telp : 112,31
c_5fe5901267c1,radio andika 541 mas anas wahyudi perjalanan dari purwoasri kediri menuju pasuruhan terjadi kecelakaan di jalan raya beji pasuruhan sekitar jam 430 kendaraan yang terlibat suzuki carry pick up nopol si 9903 wc dengan,34
c_92224ce09437,bmw : belum ada kasus kecelakaan karena recall di indonesia,10
c_a1daa148518c,sebanyak lima kendaraan bermotor terlibat kecelakaan lalu lintas ( laka lantas ) karambol di jalan pati - juwana turut desa purworejo meski tidak memakan korban jiwa tetapi diperkirakan kerugian,29
c_f899148cc063,ingat kecelakaan pas sotr 2011 di pejaten honda jazz yang penumpangnya masih sama meninggal paginya gue pukul gajauh dari situ,20
c_6756d3231214,522 : kecelakaan truk colt diesel di lajur 2 km 42100 ke arah cikampek ( p yanto ),18
c_007a761ac631,0:05:26 wib karawang barat km 41 - km 42 arah cikampek padat penanganan kecelakaan di lajur 2/tengah,17
c_eb078a21449e,shoot on paramedic is highly prohibited during war ini yang menembak benar-benar sudah keterlaluan terlebih bukan karena kecelakaan karena sengaja tepat di dadanya mau duruk tentara israel mau doain segera diazab dan dapat seburuk-buruk tempat kembali di neraka,38
c_e587fc195dcd,bila a pergi ke kota kali yang jaraknya 50 km dengan kecepatan 40 km/jam kapan akan bertemu b yang melaju dengan kecepatan 30 km/jam ? jawab : kalau sama-sama sampai dan enggak kecelakaan di jalan,35
c_4d04e9b7a8ea,kecelakaan maut di kecamatan bumiayu brebes jawa tengah pada minggu sore kemarin ( 20/05/2018 ) : via,17
c_f449c5485ee5,innalilahi wa inna ilaihi rajiun terjadi kecelakaan pagi ini korban meninggal di tempat dan enggak ada kontak yang bisa di hubungi -- di jalan poros takalar - jeneponto sulsel,29
c_64ca34831196,innalilahi wa innalilahi rojiun turut berduka cita atas meninggalnya ladiz bikers cci cbr 150 jombang kecelakaan di trowulan mojokerto kronologi aksi warga kejar sopir truk yang kabur usai tewaskan biker,30
c_6bb3662a220d,innalillahiwainnailaihi rojiun nikmatullah peeweekeers ( nikmatullah ) kecelakaan di jeneponto alfatihahsemoga di ampuni kesalahan & amp di terima amal ibadahnya serta keluarga yang di tinggalkan diberi ketabahan amin,28
c_404275be2cdc,betul dok sebab kecelakaan bisa terjadi di mana saja bisa di lapangan bola tempat kerja dan tempat umum lainnya ini penting untuk diajarkan bagi orang banyak,26
c_0d38c9886b19,3 jalur rawan kecelakaan di sumenep yang harus diwaspadai saat mudik,11
c_6c2f47f3f201,533 kecelakaan beruntun di jalan tol cililitan 2 km04200 sekitaran jatinegara jaktim sudah dalam penanganan petugas untuk korban di evakuasi ke rs islam cempaka putih,25
c_af211bc413dd,543 : rt : kecelakaan beruntun di tol cililitan 2 km 4200 sekitaran jatinegara jaktim sudah dalam penanganan petugas untuk korban dievakuasi ke rs islam cempaka putih,27
c_cf800387e167,annisa bahar beberkan kronologi kecelakaan di jalan tol,8
c_d7cae43651b1,0:06 wib cikunir - tambun km 19 padat dampak ada penanganan kecelakaan di lajur kiri,15
c_57cd49a30ef0,mobil muatan ikan kecelakaan di tol tangerang sebuah mobil pick up mengalami kecamatan,13
c_209a7eee39b8,mobil muatan ikan kecelakaan di tol tangerang,7
c_08e4d8c9a65f,dua pelajar mengalami kecelakaan di jalan disaat hendak pergi kesekolah di cigaru simpenan,13
c_9c3c42526c34,0:06:15 wib cibitung - tambun km 23 padat ada penanganan kecelakaan kendaraan elf terbalik miring di lajur 2/kiri diduga menabrak ban yang terjatuh dari kendaraan lain,26
c_b0158ca891c4,0:06:31 wib cibitung - tambun km 23 padat ada penanganan kecelakaan kira elf terbalik miring di lajur 2/kiri diduga menabrak ban yang terjatuh dari kendaraan lain bekasi timur - bekasi barat padat kepadatan volume lalin,35
c_c9561de7718e,kecelakaan mobil terbalik di kisaran menurut pengirim video mobil tersebut terlalu kencang saat tikungan jadi oleng kejadian sekitar jam 0:14 wib 7 juni 2018 korban ada dua adalah seorang pria dan putri kecil tidak luka hanya,36
c_8c73a6699a5b,0:05:48 wib karawang timur km 54 - km 56 arah cikampek padat penanganan kecelakaan yang lalu di parit,18
c_802c0b32d09b,0:05:51 wib cibubur km 15 - cipayung kamu 11+650 padat penanganan kecelakaan di bahu jalan,15
c_3b3058c790c0,0:06:16 wib cimanggis - cipayung kamu 11+650 padat penanganan kecelakaan di bahu jalan tmii - cililitan padat kepadatan keluar cililitan,20
c_aaad83107ec6,0:06:31 wib menjelang cikunir dari arah tmii padat kepadatan arah bekasi jatiwarna - bambu hapus km 35 padat ada penanganan kecelakaan di bahu jalan,24
c_181805255e2e,0:06:36 wib cimanggis - cipayung kamu 11+650 padat dampak selesai penanganan kecelakaan pas rebo - cililitan padat kepadatan di lajur keluar uki/kodam,22
c_307ba081fb8b,info menarik terbaru tentang ( terungkap ! inilah 5 kecelakaan pesawat paling tragis di indonesia nomor 3 ) -,19
c_e598f285ef0b,innalillahi wa inna illaihi rojiun barusan baca kabar di wa grup salah satu kolega yang biasa kerjasama uji efikasi produk meninggal karena kecelakaan dalam perjalanan di lokasi yang sebenarnya sudah dekat sekali dengan rumah beliau usia benaran enggak ada yang tahu,41
c_4b600d66cc41,stop lah nge-share foto korban kecelakaan dan pembunuhan atau video kekerasan di media sosial,14
c_4d54cf6301e1,544 : : kecelakaan di kamu 14400a warakas arah ancol lajur 3 jaga jarak aman,15
c_725d283bd382,radio andika 557 info awal : mobil pick up menabrak rumah mas syaifulloh di manisrenggo kota kediri menginformasikan telah terjadi kecelakaan tunggal mobil pick up menabrak sebuah rumah di jalan sersan suharmaji,32
c_c361304e5678,di antara kbhgiaan anak adam itu beristikharah kepada allah & amp di antara kbhgiaan anak adam itu ( juga ) reda dengan apa yang allah tentukan di daripada kecelakaan anak adam itu mninggalkan istikharah kepada allah & amp di antara kecelakaan anak adam itu mrh dengan apa yang allah tntukan bginya hdis riwyt ahmad,54
c_c154d0dc8f80,titik kemacetan dan rawan kecelakaan di jalur mudik sleman,9
c_453090809b29,penelitian aaa foundation for traffic safety menunjukkan bahwa visual distracted driving ( semisal melihat obyek selain jalan ) berkontribusi terhadap 80 % kecelakaan di tol seyogyanya tol steril dari display2 selain rambu lalu lintas dan petunjuk arah,37
c_03b8fcc3de1b,bagi pemudik ini empat lokasi rawan kecelakaan di aceh utara,10
c_5ead8f3c77e4,sebuah kecelakaan ( laka ) tunggal terjadi di ruas jalan tol fungsional pemalang-batang tepatnya di ruas kaligawe kelurahan pekajangan kabupaten pekalongan,21
c_d6cce81945be,video kecelakaan beruntun di tol cipali arah palimanan,8
c_b3bbe9dfa6a3,hati-hati sekitar km 80 ruas tol purbaleunyi arah bandung ada kecelakaan 2 mbl pribadi di lajur kiri diduga ada korban help is on the way,25
c_de88819bc30c,mungkin yang teman-teman di surabaya pada baca koran sekitar 3 hari lalu hari kamis tepatnya ada kecelakaan di tol porong kebetulan beliau dan keluarga rumahnya pas di depan rumahku digunungsari,30
c_a1d5d227ddaf,kecelakaan di jalan sriwijaya semarang,5
c_37ea9649e1df,04:22 kecelakaan truk b 9616 fdd dan honda b 8525 oe di layang tol tomang ( tol slipi arah ke tol tangerang ) saat ini masih penanganan polri,28
c_769298900b55,+ memantau haesoo dan lingkungan sekitarnya yoonsoo masih memiliki tugas untuk mengetahui siapa yang melakukan kecelakaan ini kepada adiknya roman wajahnya kontan berubah menjadi dingin sebentar hanya sampai staf di sana menyelesaikan tugasnya `` ada +,36
c_db422a9b5457,10 meninggal akibat sejumlah kecelakaan di wilayah sumut,8
c_2db206e1b39e,607 : kecelakaan tunggal minibus xenia nopol b 2884 skc di bahu jalan km 10400 tol bsd ke arah pondok aren ( p efril ),25
c_28f289d9766a,kecelakaan di sisi kanan xenia & amp avanza km125 tol cipali arah palimanan sementara di bahu jalan banyak kendaraan parkir,20
c_c5def4e009e8,633 : : evakuasi kecelakaan 3 mobil di tol merak km 41 arah ke jakarta masih penanganan lalu lintas padat,20
c_3db40c8329fb,kecelakaan di km 41 tol jakarta merak arah ke jakarta,10
c_7b98ef76633f,636 : rt : kecelakaan di sisi kanan xenia & amp avanza km 125 tol cipali arah palimanan sementara di bahu jalan banyak kendaraan parkir,25
c_fb23396fd796,terjadi kecelakaan 1 mobil vs 3 motor di pajaresuk pringsewu lampung mobil menabrak 3 motor be 2516 gue mobil kijang grand abu-abu be 2427 nr vixion f3885 ninja putih matik xxxxx di duga supir mengantuk terjadi macet panjang sudah ada polisi,41
c_0107882d5f3f,arus mudik 9 kecelakaan lalulintas terjadi di tol tangerang-merak via @,11
c_db0630b321a5,km 42 tol tgr-merak arah jakarta evakuasi kecelakaan di lajur kiri dan bahu jalan,14
c_1c80207453ea,kecelakaan 2 mobil di tol merak arah jakarta lalin macet # carilowongan,12
c_4e424ebd69c3,jadi barusan di tol merak arah ke tangerang agak macet dan ternyata ada yang kecelakaan baru pertama kali lihat yang kecelakaan di tol dan asli seram,26
c_6538d007d4cc,dikerumuni warga dua mobil kecelakaan di meruya,7
c_287695fa5af5,dua kecelakaan terjadi di jalan ibukota malam ini,8
c_7548aeca10e0,pembalap moto3 junior andreas perez meninggal dunia akibat kecelakaan di tikungan kelima dalam balapan putaran keempat kejuaraan dunia junior di sirkuit deh barcelona-catalunya,23
c_9c2802e02a38,sedih dengar berita kecelakaan waktu mudik niatnya mau pulang ketemu keluarga tapi allah lebih sayang semoga dibalas surga bagi mereka yang meninggal di jalan karena menempuh jarak untuk bertemu keluarga,30
c_386122d2ebb0,7 : kecelakaan di jalur mudik jambi satu tewas,9
c_b20e09ea525b,np - no one || pmi buka posko di 3 titik rawan kecelakaan di kabupaten bandung ||,17
c_00d9bec8b226,634 : kecelakaan mobil elf dengan mitsubishi pajero sport di km 210 tol cipali,14
c_d109aa6498a9,1 2 mobil tabrakan di tol cipali kaca berhamburan di jalan kecelakaan terjadi di 1,15
c_763f5293e9f0,635 : terjadi kecelakaan di km 211 tol kanci arah brebes kepadatan 3 km ke belakang hati -hati yang akan melintas ( pak kusnadi ),25
c_9e1b9739d334,pmi buka posko di 3 titik rawan kecelakaan di kabupaten bandung,11
c_838dcfffe189,kecelakaan 3 mobil di tol cipali lalin macet 1 km,10
c_5b2b0f15315c,tak hanya memberikan respon saat terjadi kecelakaan ( pertolongan pertama dan ambulans ) kami juga memberikan pelayanan kesehatan dan rest area untuk sahabat pmi yang sedang mudik lebaran pos pp pmi kabupaten klaten di depan masjid al aqsho,38
c_3b34d483afcc,+ kecelakaan ini seperti halnya wartawan-wartawan lain '' tangannya meraih id card di dada dan menunjukkannya pada sang polisi membuktikan identitas yina lalu melirik kerumunan wartawan di sisi lain garis kuning yang masih tampak ribut perhatiannya +,37
c_ef994b3e27a6,+ sampai melepas tembakan saya rasa ini bukan kecelakaan biasa '' ada jeda lagi namun basa-basi yina sudah selesai kini lengkung di bibirnya melebar ketika akhirnya menyampaikan maksud yang sebenarnya `` karena anda-lah yang melakukan pengejaran berikut +,38
c_ac0838e23df1,spanduk 'nyeleneh ' antisipasi kecelakaan bertebaran di titik rawan jalur puncak,11
c_01f69a4e1f7d,kecelakaan bus di jerman 9 pelajar inggris terluka - liputan6 malam,11
c_2f537b209f50,kecelakaan tunggal jam 340wib krian arah prambon mobil xenia hitam dah di tangani oleh polsek krian,16
c_f88bf412a7b2,beberapa hari menjelang piala dunia dan lebaran kecelakaan kereta api akibat bencana alam terjadi di perancis,16
c_0517b1af0949,tragis ! 3 mati di tempat kecelakaan malam ini di jalan raya tajur bogor lewat,15
c_382ed5691ee9,pemudik bermotor tabrak truk satu tewas satu terluka kecelakaan maut di jalur utama denpasar-gilimanuk kawasan desa kaliakah kecamatan negara,19
c_9442f9bb9ae3,kecelakaan tunggal terjadi dikawasan koridor gunung halimun salak ( tanjakan pari ) mengakibatkan sebuah truk bernopol f 8132 us yang memuat kelapa sawit terjun bebas kedalam jurang tepatnya di kampung cisarua desa cipeuteuy kecamatan kabandungan,35
c_e94876d3d90b,kecelakaan bus dengan angkot di jalan poros sabbang masamba,9
c_83f7a245e7c8,555 : terjadi kecelakaan di km 149 tol cipali arah brebes yang mudik hati hati dan berkonsentrasi,17
c_56d6062705e1,556 : kecelakaan mobil kali trail dengan elf di lajur paling kiri km 146 ruas cikopo arah palimanan mohon bantuan petugas ( p yuli ) cc,26
c_6adafe309819,557 : rt : kecelakaan di ruas tol cipali km 146 arah brebes cc,14
c_13c2ac29bfdf,kecelakaan di jalan lintas riau menuju sumut tiga orang tewas,10
c_e1cf626cc07e,05:40 kecelakaan pemudik di jalan soekarno-hatta ( bypass ) dekat polda jabar satu motor dengan ibu anak dan ayah kecepatan motor ketika kecelakaan +/- 40km/jam,25
c_0da6fbaf30e1,1 kecelakaan 2 mobil di km 159 tol cipali lalin tersendat rio mengatakan insiden 1,15
c_972c27b1f408,sebuah mobil tangki milik pertamina mengalami kecelakaan beruntun dengan tiga mobil minibus di jalur trans sulawesi,16
c_7be8a1e7fad5,baca berita nya yang lengkap bro saya kemarin ada di cipali jadi tau persis kenapa sampai macet ada kecelakaan & amp pada berhenti di bahu jalan ente ada di tkp ga ?,32
c_2f68c18c1eff,kecelakaan 2 mobil di km 159 tol cipali lalin tersendat # carilowongan,12
c_28607beaa5e0,terjadi kecelakaan di tol cipali km 148 cikampek arah palimanan ( henry ),13
c_4c6f2e96161c,tidak sampai satu hari jasa raharja serahkan santunan kecelakaan di pariaman,11
c_681ac55681ba,0:06:31 wib menjelang dawuan kamu 63+400 arah cikampek padat ada penanganan kecelakaan di bahu jalan/kiri,15
c_706de90308e6,644 : rt : menjelang dawuan kamu 63+400 arah cikampek padat ada penanganan kecelakaan di bahu jalan/kiri,17
c_ba48002ec9b0,tahukah anda kecelakaan mobil pertama di dunia terjadi tahun berapa ?,11
c_aaf21b33419e,km 28 jakarta cikampek ada kecelakaan beruntun di jalur 3,10
c_34eaf98b3384,59 : di km 28 jakarta cikampek ada kecelakaan beruntun di jalur 3,13
c_df8a15925309,216 : rt : kecelakaan melibatkan 2 kendaraan di jatiluhur km 87 arah jakarta sudah selesai penanganan petugas,18
c_15a5529a8114,kecelakaan kpl jalloro sering terjadi korban dominan ibu & amp anak pengawasan ketat kpl jalloro di pelabuhan perlu dilakukan bersama oleh ksop dinas perhubungan/kelautan daerah kkp bmkg termasuk masyarakat info gambar : jawa pos 14 juni 2018,37
c_88e3fc05186e,info menarik terbaru tentang ( tiga kecelakaan terjadi di jalur selatan kabupaten kendal selama mudik ) -,17
c_3c68cfceeb64,533 : kecelakaan melibatkan 2 mobil sedan 1 diantaranya terbalik di jalan marsekal surya darma depan aeropolis tangerang belum ada petugas di lokasi arus lalin masih lancar namun berpotensi timbulkan kemacetan ( p rahman ),35
c_1da4b91774ec,radio andika 544 tadi malam sekitar jam 0:20 wib telah terjadi kecelakaan di jalan raya dusun selodono desa pojok kecamatan wates kediri kecelakaan melibatkan sepeda motor honda vario nopol ag 2050 cc yang dikendarai,34
c_b7712b610f32,lihat di tv kecelakaan di sidoarjo ngerimobil ditusuk guard rail ditoll median tol pakai concretemungkin aman,16
c_3df41c654744,mobil kecelakaan di tangerang hingga terbalik singgih mengatakan kondisi lalu li,11
c_e48b9b769491,mobil kecelakaan di tangerang hingga terbalik # carilowongan,8
c_64144d72cf4c,mobil kecelakaan di tangerang hingga terbalik,6
c_de9381b234ca,radio andika 650 wa : pak margianto di desa plemahan kediri mengabarkan terjadi kecelakaan tunggal mobil box yang menabrak pohon lokasi kecelakaan di utara simpang empat plemahan kediri diduga pengemudi mengantuk,31
c_0fc25c6c44f4,dua orang tewas akibat kecelakaan mobil tabrak pagar ruko di demak,11
c_43a92f3e3746,tiga kendaraan terlibat kecelakaan di km 29 tol jakarta-merak,9
c_76e87c8610e9,angka kecelakaan di arus mudik lebaran turun 17 persen,9
c_99dba21be1dc,terpeleset di rel kerenceng pemotor terpental ke jurang kecelakaan di jalan cilegon-anyer tepatnya di rel kereta kerenceng yang melintang di atas jalan tadi malam sabtu 16 juni 2018 sekira pukul 0:23,31
c_2b407bded0ef,01:42 kecelakaan minibus dan pemotor di jalan cabe raya pamulang korban luka2 pemotor dievakuasi ke rs bakti husada & amp sudah dalam penanganan polsek pamulang,25
c_804be24f26a0,: 12:27 kecelakaan beruntun di tol jagorawi km 15 ( cibubur arah cimanggis ) lalin tersendatekor kepadatan hingga km 9 dalam penanganan|~,22
c_bfb91614c80e,kecelakaan di tol batang avansa tabrak pembatas jalan,8
c_1c937934858a,05:08 kecelakaan bus & amp kendaraan pribadi di jalan lingkar sumpiuh banyumas jateng lalin tersendat & amp masih penanganan poiri,20
c_eaf6cd130205,kecelakaan di km 241 tol pejagan arah jakarta antara 2 mobil sudah dalam penanganan petugas,15
c_183ee78dd240,surah al-humazah ayat 1 kecelakaan besar untuk app-facebook mohamad nazri abdul kadir on saturday kecelakaan besar aset/sewaan kerajaan digunakan untuk urusan peribadi bersuka ria di hari raya ?,28
c_c64fa5539283,yang aneh justru kecelakaannya itu sengaja/tdk ? kalo enggak ada orang yang menemukan setelah kecelakaan & amp masih sadar mungkin beda ceritanya yang aneh lagi video yang diunggah ( klo berhubungan ) sebenarnya video untuk siapa ? meminta tolong karena lagi sembunyi ? dan semacam tiket itu di zoom ke kiri bawah,52
c_3eba73ba9349,rekaman cctv kecelakaan motor di pik depan taman grisenda : mhmmdrhmtrmdhn visit wonderful,13
c_a105ba952d30,pangeran kamboja norodom ranariddh terluka parah dan istrinya tewas dalam kecelakaan mobil pada minggu di kota pesisir barat daya sihanoukville,20
