id,prediction
c_88938ed5f6b6,"{""n_tokens"":29,""arguments"":[{""role"":""OFFICER-ARG"",""start"":0,""end"":1},{""role"":""PLACE-ARG"",""start"":1,""end"":3},{""role"":""PLACE-ARG"",""start"":15,""end"":16},{""role"":""FALSE-EVENT"",""start"":25,""end"":26},{""role"":""PLACE-ARG"",""start"":27,""end"":28}],""entities"":[{""type"":""ORG"",""start"":0,""end"":1},{""type"":""PLOC"",""start"":1,""end"":3},{""type"":""LOC"",""start"":15,""end"":16},{""type"":""EVE"",""start"":25,""end"":26},{""type"":""LOC"",""start"":27,""end"":28}]}"
c_c38145f22093,"{""n_tokens"":10,""arguments"":[{""role"":""FLOOD-EVENT"",""start"":0,""end"":1},{""role"":""INFORMATION-ARG"",""start"":1,""end"":3},{""role"":""PLACE-ARG"",""start"":6,""end"":9}],""entities"":[{""type"":""EVE"",""start"":0,""end"":1},{""type"":""ARG"",""start"":1,""end"":3},{""type"":""LOC"",""start"":6,""end"":8},{""type"":""PLOC"",""start"":8,""end"":9}]}"
c_8d8f0312a362,"{""n_tokens"":34,""arguments"":[{""role"":""FALSE-EVENT"",""start"":10,""end"":11},{""role"":""OFFICER-ARG"",""start"":23,""end"":24},{""role"":""FALSE-EVENT"",""start"":26,""end"":27},{""role"":""OFFICER-ARG"",""start"":33,""end"":34}],""entities"":[{""type"":""EVE"",""start"":10,""end"":11},{""type"":""ORG"",""start"":23,""end"":24},{""type"":""EVE"",""start"":26,""end"":27},{""type"":""ORG"",""start"":33,""end"":34}]}"
c_76cc9e4f3455,"{""n_tokens"":36,""arguments"":[{""role"":""FALSE-EVENT"",""start"":21,""end"":22},{""role"":""PLACE-ARG"",""start"":23,""end"":24},{""role"":""PLACE-ARG"",""start"":29,""end"":31}],""entities"":[{""type"":""EVE"",""start"":21,""end"":22},{""type"":""LOC"",""start"":23,""end"":24},{""type"":""PLOC"",""start"":29,""end"":31}]}"
c_0fc68fcdfb16,"{""n_tokens"":6,""arguments"":[{""role"":""FALSE-EVENT"",""start"":0,""end"":1},{""role"":""PLACE-ARG"",""start"":2,""end"":3}],""entities"":[{""type"":""EVE"",""start"":0,""end"":1},{""type"":""LOC"",""start"":2,""end"":3}]}"
c_a4adbce52825,"{""n_tokens"":39,""arguments"":[{""role"":""OFFICER-ARG"",""start"":0,""end"":1},{""role"":""PLACE-ARG"",""start"":1,""end"":2},{""role"":""PLACE-ARG"",""start"":3,""end"":4},{""role"":""OFFICER-ARG"",""start"":4,""end"":5},{""role"":""PLACE-ARG"",""start"":5,""end"":6},{""role"":""OFFICER-ARG"",""start"":7,""end"":8},{""role"":""FALSE-EVENT"",""start"":14,""end"":15},{""role"":""PLACE-ARG"",""start"":19,""end"":20}],""entities"":[{""type"":""ORG"",""start"":0,""end"":1},{""type"":""PLOC"",""start"":1,""end"":2},{""type"":""PLOC"",""start"":3,""end"":4},{""type"":""ORG"",""start"":4,""end"":5},{""type"":""PLOC"",""start"":5,""end"":6},{""type"":""ORG"",""start"":7,""end"":8},{""type"":""EVE"",""start"":14,""end"":15},{""type"":""LOC"",""start"":19,""end"":20}]}"
c_17804fc9d5c1,"{""n_tokens"":21,""arguments"":[{""role"":""FALSE-EVENT"",""start"":10,""end"":11},{""role"":""PLACE-ARG"",""start"":12,""end"":13}],""entities"":[{""type"":""EVE"",""start"":10,""end"":11},{""type"":""LOC"",""start"":12,""end"":13}]}"
c_e47560c82668,"{""n_tokens"":31,""arguments"":[{""role"":""DEATHVICTIM-ARG"",""start"":0,""end"":2},{""role"":""PLACE-ARG"",""start"":3,""end"":5},{""role"":""FLOOD-EVENT"",""start"":8,""end"":9},{""role"":""PLACE-ARG"",""start"":10,""end"":12},{""role"":""DEATHVICTIM-ARG"",""start"":18,""end"":21}],""entities"":[{""type"":""ARG"",""start"":0,""end"":2},{""type"":""EVE"",""start"":8,""end"":9},{""type"":""LOC"",""start"":10,""end"":11},{""type"":""ARG"",""start"":18,""end"":21}]}"
c_cd12cdbf024f,"{""n_tokens"":11,""arguments"":[{""role"":""DEATHVICTIM-ARG"",""start"":0,""end"":2},{""role"":""FLOOD-EVENT"",""start"":4,""end"":5},{""role"":""PLACE-ARG"",""start"":6,""end"":8}],""entities"":[{""type"":""ARG"",""start"":0,""end"":2},{""type"":""EVE"",""start"":4,""end"":5},{""type"":""LOC"",""start"":6,""end"":7},{""type"":""PLOC"",""start"":7,""end"":8}]}"
c_81e20a90be46,"{""n_tokens"":20,""arguments"":[{""role"":""FLOOD-EVENT"",""start"":3,""end"":4},{""role"":""PLACE-ARG"",""start"":5,""end"":8},{""role"":""TIME-ARG"",""start"":14,""end"":15}],""entities"":[{""type"":""EVE"",""start"":3,""end"":4},{""type"":""LOC"",""start"":5,""end"":8},{""type"":""ARG"",""start"":14,""end"":15},{""type"":""ORG"",""start"":19,""end"":20}]}"
c_d3b5a21915d2,"{""n_tokens"":9,""arguments"":[{""role"":""REASON-ARG"",""start"":0,""end"":3},{""role"":""FLOOD-EVENT"",""start"":4,""end"":5},{""role"":""PLACE-ARG"",""start"":7,""end"":9}],""entities"":[{""type"":""ARG"",""start"":0,""end"":3},{""type"":""EVE"",""start"":4,""end"":5},{""type"":""LOC"",""start"":7,""end"":9}]}"
c_b6ddd4352788,"{""n_tokens"":14,""arguments"":[{""role"":""FLOOD-EVENT"",""start"":3,""end"":4},{""role"":""PLACE-ARG"",""start"":5,""end"":9}],""entities"":[{""type"":""EVE"",""start"":3,""end"":4},{""type"":""LOC"",""start"":5,""end"":7},{""type"":""PLOC"",""start"":7,""end"":9}]}"
c_dbfca7391833,"{""n_tokens"":43,""arguments"":[{""role"":""FALSE-EVENT"",""start"":2,""end"":3},{""role"":""OFFICER-ARG"",""start"":10,""end"":11},{""role"":""PLACE-ARG"",""start"":11,""end"":13},{""role"":""OFFICER-ARG"",""start"":19,""end"":21},{""role"":""OFFICER-ARG"",""start"":26,""end"":27},{""role"":""PLACE-ARG"",""start"":27,""end"":29},{""role"":""FALSE-EVENT"",""start"":38,""end"":39},{""role"":""PLACE-ARG"",""start"":40,""end"":43}],""entities"":[{""type"":""EVE"",""start"":2,""end"":3},{""type"":""ORG"",""start"":10,""end"":11},{""type"":""PLOC"",""start"":11,""end"":13},{""type"":""ORG"",""start"":19,""end"":21},{""type"":""ORG"",""start"":26,""end"":27},{""type"":""PLOC"",""start"":27,""end"":29},{""type"":""EVE"",""start"":38,""end"":39},{""type"":""LOC"",""start"":40,""end"":43}]}"
c_1dda5514968c,"{""n_tokens"":44,""arguments"":[{""role"":""PLACE-ARG"",""start"":0,""end"":1},{""role"":""FALSE-EVENT"",""start"":1,""end"":2},{""role"":""DEATHVICTIM-ARG"",""start"":2,""end"":6},{""role"":""PLACE-ARG"",""start"":15,""end"":16},{""role"":""OFFICER-ARG"",""start"":25,""end"":26}],""entities"":[{""type"":""LOC"",""start"":0,""end"":1},{""type"":""EVE"",""start"":1,""end"":2},{""type"":""ARG"",""start"":2,""end"":6},{""type"":""PLOC"",""start"":15,""end"":16},{""type"":""ORG"",""start"":25,""end"":26}]}"
c_fb3f15f6148b,"{""n_tokens"":16,""arguments"":[{""role"":""PLACE-ARG"",""start"":1,""end"":3},{""role"":""FALSE-EVENT"",""start"":7,""end"":9},{""role"":""PLACE-ARG"",""start"":10,""end"":12}],""entities"":[{""type"":""PLOC"",""start"":1,""end"":3},{""type"":""EVE"",""start"":7,""end"":9},{""type"":""LOC"",""start"":10,""end"":12}]}"
c_052a271e198b,"{""n_tokens"":27,""arguments"":[{""role"":""PLACE-ARG"",""start"":0,""end"":1},{""role"":""PLACE-ARG"",""start"":2,""end"":3},{""role"":""FALSE-EVENT"",""start"":8,""end"":9}],""entities"":[{""type"":""PLOC"",""start"":0,""end"":1},{""type"":""PLOC"",""start"":2,""end"":3},{""type"":""EVE"",""start"":8,""end"":9}]}"
c_2989a0133883,"{""n_tokens"":35,""arguments"":[{""role"":""FLOOD-EVENT"",""start"":4,""end"":5},{""role"":""PLACE-ARG"",""start"":6,""end"":8},{""role"":""PLACE-ARG"",""start"":31,""end"":35}],""entities"":[{""type"":""EVE"",""start"":4,""end"":5},{""type"":""LOC"",""start"":6,""end"":7},{""type"":""LOC"",""start"":7,""end"":8},{""type"":""LOC"",""start"":31,""end"":33},{""type"":""PLOC"",""start"":33,""end"":34},{""type"":""PLOC"",""start"":34,""end"":35}]}"
c_4f2cd5027954,"{""n_tokens"":8,""arguments"":[{""role"":""FLOOD-EVENT"",""start"":0,""end"":1},{""role"":""PLACE-ARG"",""start"":2,""end"":5}],""entities"":[{""type"":""EVE"",""start"":0,""end"":1},{""type"":""LOC"",""start"":3,""end"":5}]}"
c_d9c0a42a8d8c,"{""n_tokens"":30,""arguments"":[{""role"":""PLACE-ARG"",""start"":5,""end"":6},{""role"":""PLACE-ARG"",""start"":14,""end"":15},{""role"":""FALSE-EVENT"",""start"":16,""end"":17}],""entities"":[{""type"":""PLOC"",""start"":5,""end"":6},{""type"":""LOC"",""start"":14,""end"":15},{""type"":""EVE"",""start"":16,""end"":17}]}"
c_c59a9daafeb9,"{""n_tokens"":37,""arguments"":[{""role"":""OFFICER-ARG"",""start"":1,""end"":2},{""role"":""PLACE-ARG"",""start"":2,""end"":3},{""role"":""OFFICER-ARG"",""start"":3,""end"":4},{""role"":""PLACE-ARG"",""start"":4,""end"":6},{""role"":""FLOOD-EVENT"",""start"":24,""end"":25},{""role"":""PLACE-ARG"",""start"":29,""end"":35},{""role"":""TIME-ARG"",""start"":35,""end"":37}],""entities"":[{""type"":""ORG"",""start"":1,""end"":2},{""type"":""PLOC"",""start"":2,""end"":3},{""type"":""ORG"",""start"":3,""end"":4},{""type"":""PLOC"",""start"":4,""end"":6},{""type"":""ORG"",""start"":7,""end"":9},{""type"":""EVE"",""start"":24,""end"":25},{""type"":""LOC"",""start"":29,""end"":31},{""type"":""PLOC"",""start"":31,""end"":33},{""type"":""PLOC"",""start"":33,""end"":35},{""type"":""ARG"",""start"":36,""end"":37}]}"
c_8392ff626c5b,"{""n_tokens"":41,""arguments"":[{""role"":""OFFICER-ARG"",""start"":0,""end"":1},{""role"":""OFFICER-ARG"",""start"":2,""end"":3},{""role"":""OFFICER-ARG"",""start"":4,""end"":5},{""role"":""FALSE-EVENT"",""start"":10,""end"":11},{""role"":""PLACE-ARG"",""start"":11,""end"":12}],""entities"":[{""type"":""ORG"",""start"":0,""end"":1},{""type"":""ORG"",""start"":2,""end"":3},{""type"":""ORG"",""start"":4,""end"":5},{""type"":""EVE"",""start"":10,""end"":11},{""type"":""LOC"",""start"":11,""end"":12}]}"
c_50620ba0bd31,"{""n_tokens"":14,""arguments"":[{""role"":""FALSE-EVENT"",""start"":5,""end"":6},{""role"":""PLACE-ARG"",""start"":7,""end"":8},{""role"":""PLACE-ARG"",""start"":13,""end"":14}],""entities"":[{""type"":""EVE"",""start"":5,""end"":6},{""type"":""LOC"",""start"":7,""end"":8},{""type"":""PLOC"",""start"":13,""end"":14}]}"
c_7d0bf0121c44,"{""n_tokens"":24,""arguments"":[{""role"":""OFFICER-ARG"",""start"":0,""end"":2},{""role"":""PLACE-ARG"",""start"":2,""end"":3},{""role"":""OFFICER-ARG"",""start"":4,""end"":6},{""role"":""FLOOD-EVENT"",""start"":11,""end"":12},{""role"":""STREET-ARG"",""start"":14,""end"":15},{""role"":""TIME-ARG"",""start"":15,""end"":16},{""role"":""TIME-ARG"",""start"":17,""end"":18}],""entities"":[{""type"":""ORG"",""start"":0,""end"":2},{""type"":""PLOC"",""start"":2,""end"":3},{""type"":""ORG"",""start"":4,""end"":6},{""type"":""EVE"",""start"":11,""end"":12},{""type"":""ARG"",""start"":14,""end"":15},{""type"":""ARG"",""start"":15,""end"":16},{""type"":""ARG"",""start"":17,""end"":18},{""type"":""ARG"",""start"":19,""end"":21}]}"
c_631199f14c18,"{""n_tokens"":25,""arguments"":[{""role"":""OFFICER-ARG"",""start"":2,""end"":4},{""role"":""PLACE-ARG"",""start"":4,""end"":5},{""role"":""PLACE-ARG"",""start"":9,""end"":10},{""role"":""OFFICER-ARG"",""start"":16,""end"":17},{""role"":""FLOOD-EVENT"",""start"":20,""end"":21},{""role"":""PLACE-ARG"",""start"":24,""end"":25}],""entities"":[{""type"":""ORG"",""start"":2,""end"":4},{""type"":""PLOC"",""start"":4,""end"":5},{""type"":""PLOC"",""start"":9,""end"":10},{""type"":""ORG"",""start"":16,""end"":17},{""type"":""EVE"",""start"":20,""end"":21},{""type"":""LOC"",""start"":24,""end"":25}]}"
c_d9232ed108f9,"{""n_tokens"":42,""arguments"":[{""role"":""FALSE-EVENT"",""start"":39,""end"":40},{""role"":""PLACE-ARG"",""start"":41,""end"":42}],""entities"":[{""type"":""EVE"",""start"":39,""end"":40},{""type"":""LOC"",""start"":41,""end"":42}]}"
c_c17669d9d368,"{""n_tokens"":39,""arguments"":[{""role"":""FALSE-EVENT"",""start"":8,""end"":9},{""role"":""PLACE-ARG"",""start"":14,""end"":15},{""role"":""PLACE-ARG"",""start"":30,""end"":31}],""entities"":[{""type"":""EVE"",""start"":8,""end"":9},{""type"":""LOC"",""start"":14,""end"":15},{""type"":""PLOC"",""start"":30,""end"":31}]}"
c_692bf64dd36d,"{""n_tokens"":13,""arguments"":[{""role"":""OFFICER-ARG"",""start"":0,""end"":2},{""role"":""FLOOD-EVENT"",""start"":10,""end"":11},{""role"":""PLACE-ARG"",""start"":12,""end"":13}],""entities"":[{""type"":""ORG"",""start"":0,""end"":2},{""type"":""EVE"",""start"":10,""end"":11},{""type"":""LOC"",""start"":12,""end"":13}]}"
c_bf1bfd812d39,"{""n_tokens"":10,""arguments"":[{""role"":""FLOOD-EVENT"",""start"":0,""end"":1},{""role"":""STREET-ARG"",""start"":4,""end"":7},{""role"":""PLACE-ARG"",""start"":7,""end"":8},{""role"":""INFORMATION-ARG"",""start"":8,""end"":10}],""entities"":[{""type"":""EVE"",""start"":0,""end"":1},{""type"":""ARG"",""start"":4,""end"":7},{""type"":""LOC"",""start"":7,""end"":8},{""type"":""ARG"",""start"":8,""end"":10}]}"
c_abc62c301c7d,"{""n_tokens"":20,""arguments"":[{""role"":""FALSE-EVENT"",""start"":2,""end"":3},{""role"":""PLACE-ARG"",""start"":3,""end"":4},{""role"":""PLACE-ARG"",""start"":10,""end"":12},{""role"":""FALSE-EVENT"",""start"":14,""end"":15},{""role"":""PLACE-ARG"",""start"":16,""end"":17}],""entities"":[{""type"":""EVE"",""start"":2,""end"":3},{""type"":""LOC"",""start"":3,""end"":4},{""type"":""PLOC"",""start"":10,""end"":12},{""type"":""EVE"",""start"":14,""end"":15},{""type"":""LOC"",""start"":16,""end"":17}]}"
c_1013a27ad233,"{""n_tokens"":11,""arguments"":[{""role"":""FALSE-EVENT"",""start"":5,""end"":6}],""entities"":[{""type"":""EVE"",""start"":5,""end"":6}]}"
c_f9d63401435e,"{""n_tokens"":23,""arguments"":[{""role"":""OFFICER-ARG"",""start"":7,""end"":8},{""role"":""FALSE-EVENT"",""start"":15,""end"":16},{""role"":""PLACE-ARG"",""start"":17,""end"":18},{""role"":""PLACE-ARG"",""start"":22,""end"":23}],""entities"":[{""type"":""ORG"",""start"":7,""end"":8},{""type"":""EVE"",""start"":15,""end"":16},{""type"":""LOC"",""start"":17,""end"":18},{""type"":""PLOC"",""start"":22,""end"":23}]}"
c_3e761b5c808b,"{""n_tokens"":32,""arguments"":[{""role"":""OFFICER-ARG"",""start"":9,""end"":11},{""role"":""TIME-ARG"",""start"":13,""end"":16},{""role"":""FLOOD-EVENT"",""start"":26,""end"":27},{""role"":""PLACE-ARG"",""start"":31,""end"":32}],""entities"":[{""type"":""ORG"",""start"":9,""end"":11},{""type"":""ARG"",""start"":13,""end"":16},{""type"":""EVE"",""start"":26,""end"":27},{""type"":""LOC"",""start"":31,""end"":32}]}"
c_448fedebba1d,"{""n_tokens"":15,""arguments"":[{""role"":""FLOOD-EVENT"",""start"":6,""end"":7},{""role"":""PLACE-ARG"",""start"":14,""end"":15}],""entities"":[{""type"":""EVE"",""start"":6,""end"":7},{""type"":""LOC"",""start"":14,""end"":15}]}"
c_973cd45ff970,"{""n_tokens"":49,""arguments"":[{""role"":""FALSE-EVENT"",""start"":0,""end"":1},{""role"":""TIME-ARG"",""start"":3,""end"":5}],""entities"":[{""type"":""EVE"",""start"":0,""end"":1},{""type"":""ARG"",""start"":3,""end"":5}]}"
c_1f80e1cc0337,"{""n_tokens"":37,""arguments"":[{""role"":""FALSE-EVENT"",""start"":0,""end"":1},{""role"":""STREET-ARG"",""start"":32,""end"":35},{""role"":""PLACE-ARG"",""start"":35,""end"":37}],""entities"":[{""type"":""EVE"",""start"":0,""end"":1},{""type"":""ARG"",""start"":32,""end"":35},{""type"":""PLOC"",""start"":35,""end"":36},{""type"":""PLOC"",""start"":36,""end"":37}]}"
c_a9f7a75b78ca,"{""n_tokens"":24,""arguments"":[{""role"":""PLACE-ARG"",""start"":6,""end"":8},{""role"":""FALSE-EVENT"",""start"":19,""end"":20}],""entities"":[{""type"":""LOC"",""start"":6,""end"":8},{""type"":""EVE"",""start"":19,""end"":20}]}"
c_c5c3c160bdd1,"{""n_tokens"":32,""arguments"":[{""role"":""PLACE-ARG"",""start"":0,""end"":1},{""role"":""FALSE-EVENT"",""start"":15,""end"":16},{""role"":""FALSE-EVENT"",""start"":31,""end"":32}],""entities"":[{""type"":""LOC"",""start"":0,""end"":1},{""type"":""EVE"",""start"":15,""end"":16},{""type"":""EVE"",""start"":31,""end"":32}]}"
c_fb8f641b95a3,"{""n_tokens"":38,""arguments"":[{""role"":""PLACE-ARG"",""start"":1,""end"":3},{""role"":""FALSE-EVENT"",""start"":16,""end"":17},{""role"":""OFFICER-ARG"",""start"":34,""end"":36},{""role"":""OFFICER-ARG"",""start"":37,""end"":38}],""entities"":[{""type"":""LOC"",""start"":1,""end"":2},{""type"":""PLOC"",""start"":2,""end"":3},{""type"":""EVE"",""start"":16,""end"":17},{""type"":""ORG"",""start"":32,""end"":34},{""type"":""ORG"",""start"":34,""end"":35},{""type"":""ORG"",""start"":35,""end"":36},{""type"":""ORG"",""start"":37,""end"":38}]}"
c_bdc6342e4b33,"{""n_tokens"":10,""arguments"":[{""role"":""FALSE-EVENT"",""start"":1,""end"":2},{""role"":""OFFICER-ARG"",""start"":2,""end"":3},{""role"":""PLACE-ARG"",""start"":3,""end"":5}],""entities"":[{""type"":""EVE"",""start"":1,""end"":2},{""type"":""ORG"",""start"":2,""end"":3},{""type"":""PLOC"",""start"":3,""end"":5}]}"
c_d3ade5561c8e,"{""n_tokens"":16,""arguments"":[{""role"":""FALSE-EVENT"",""start"":7,""end"":8}],""entities"":[{""type"":""EVE"",""start"":7,""end"":8}]}"
c_94711e84430d,"{""n_tokens"":19,""arguments"":[{""role"":""FLOOD-EVENT"",""start"":10,""end"":11},{""role"":""PLACE-ARG"",""start"":12,""end"":19}],""entities"":[{""type"":""EVE"",""start"":10,""end"":11},{""type"":""LOC"",""start"":12,""end"":14},{""type"":""PLOC"",""start"":14,""end"":17},{""type"":""PLOC"",""start"":17,""end"":19}]}"
c_f90a7c4ecbb8,"{""n_tokens"":30,""arguments"":[{""role"":""FALSE-EVENT"",""start"":21,""end"":22},{""role"":""PLACE-ARG"",""start"":25,""end"":26}],""entities"":[{""type"":""EVE"",""start"":21,""end"":22},{""type"":""LOC"",""start"":25,""end"":26}]}"
c_7e599aa62605,"{""n_tokens"":36,""arguments"":[{""role"":""FALSE-EVENT"",""start"":11,""end"":12}],""entities"":[{""type"":""ARG"",""start"":2,""end"":4},{""type"":""EVE"",""start"":11,""end"":12}]}"
c_929c3f287854,"{""n_tokens"":13,""arguments"":[{""role"":""OFFICER-ARG"",""start"":2,""end"":3},{""role"":""FALSE-EVENT"",""start"":7,""end"":8},{""role"":""PLACE-ARG"",""start"":12,""end"":13}],""entities"":[{""type"":""ORG"",""start"":2,""end"":3},{""type"":""EVE"",""start"":7,""end"":8},{""type"":""LOC"",""start"":12,""end"":13}]}"
c_464aceb042c8,"{""n_tokens"":36,""arguments"":[{""role"":""OFFICER-ARG"",""start"":0,""end"":1},{""role"":""PLACE-ARG"",""start"":1,""end"":2},{""role"":""FALSE-EVENT"",""start"":20,""end"":21},{""role"":""PLACE-ARG"",""start"":25,""end"":32},{""role"":""TIME-ARG"",""start"":32,""end"":33},{""role"":""TIME-ARG"",""start"":34,""end"":35}],""entities"":[{""type"":""ORG"",""start"":0,""end"":1},{""type"":""PLOC"",""start"":1,""end"":2},{""type"":""EVE"",""start"":20,""end"":21},{""type"":""LOC"",""start"":25,""end"":27},{""type"":""PLOC"",""start"":27,""end"":30},{""type"":""PLOC"",""start"":30,""end"":32},{""type"":""ARG"",""start"":32,""end"":33},{""type"":""ARG"",""start"":34,""end"":35}]}"
c_a8508ef01ebb,"{""n_tokens"":26,""arguments"":[{""role"":""FALSE-EVENT"",""start"":1,""end"":2},{""role"":""PLACE-ARG"",""start"":2,""end"":3},{""role"":""PLACE-ARG"",""start"":19,""end"":26}],""entities"":[{""type"":""EVE"",""start"":1,""end"":2},{""type"":""LOC"",""start"":2,""end"":3},{""type"":""LOC"",""start"":19,""end"":21},{""type"":""PLOC"",""start"":21,""end"":24},{""type"":""PLOC"",""start"":24,""end"":26}]}"
c_16e626084992,"{""n_tokens"":28,""arguments"":[{""role"":""PLACE-ARG"",""start"":0,""end"":1},{""role"":""PLACE-ARG"",""start"":2,""end"":3},{""role"":""FALSE-EVENT"",""start"":12,""end"":13},{""role"":""FALSE-EVENT"",""start"":14,""end"":15}],""entities"":[{""type"":""PLOC"",""start"":0,""end"":1},{""type"":""PLOC"",""start"":2,""end"":3},{""type"":""EVE"",""start"":12,""end"":13},{""type"":""EVE"",""start"":14,""end"":15}]}"
c_e6d7ade7570a,"{""n_tokens"":37,""arguments"":[{""role"":""FALSE-EVENT"",""start"":29,""end"":31}],""entities"":[{""type"":""EVE"",""start"":29,""end"":31}]}"
c_121dc4224132,"{""n_tokens"":40,""arguments"":[{""role"":""FALSE-EVENT"",""start"":19,""end"":20}],""entities"":[{""type"":""EVE"",""start"":19,""end"":20}]}"
c_fbc63b4724b2,"{""n_tokens"":30,""arguments"":[{""role"":""FALSE-EVENT"",""start"":1,""end"":2},{""role"":""PLACE-ARG"",""start"":3,""end"":4},{""role"":""OFFICER-ARG"",""start"":10,""end"":11},{""role"":""PLACE-ARG"",""start"":11,""end"":12},{""role"":""FALSE-EVENT"",""start"":15,""end"":16},{""role"":""PLACE-ARG"",""start"":16,""end"":17}],""entities"":[{""type"":""EVE"",""start"":1,""end"":2},{""type"":""LOC"",""start"":3,""end"":4},{""type"":""ORG"",""start"":10,""end"":11},{""type"":""PLOC"",""start"":11,""end"":12},{""type"":""EVE"",""start"":15,""end"":16},{""type"":""LOC"",""start"":16,""end"":17}]}"
c_a3708c961aaa,"{""n_tokens"":12,""arguments"":[{""role"":""FLOOD-EVENT"",""start"":0,""end"":2},{""role"":""PLACE-ARG"",""start"":3,""end"":5},{""role"":""AFFECTEDOBJECTS-ARG"",""start"":7,""end"":10}],""entities"":[{""type"":""EVE"",""start"":0,""end"":2},{""type"":""LOC"",""start"":3,""end"":5},{""type"":""ARG"",""start"":7,""end"":10}]}"
c_2dfdce7597a1,"{""n_tokens"":31,""arguments"":[{""role"":""REASON-ARG"",""start"":0,""end"":2},{""role"":""FLOOD-EVENT"",""start"":8,""end"":9},{""role"":""PLACE-ARG"",""start"":10,""end"":18}],""entities"":[{""type"":""ARG"",""start"":0,""end"":2},{""type"":""EVE"",""start"":8,""end"":9},{""type"":""LOC"",""start"":10,""end"":13},{""type"":""PLOC"",""start"":13,""end"":15},{""type"":""PLOC"",""start"":15,""end"":16},{""type"":""PLOC"",""start"":16,""end"":18}]}"
c_5f1270a77cbb,"{""n_tokens"":22,""arguments"":[{""role"":""REASON-ARG"",""start"":0,""end"":2},{""role"":""FLOOD-EVENT"",""start"":7,""end"":8},{""role"":""TIME-ARG"",""start"":17,""end"":18},{""role"":""TIME-ARG"",""start"":19,""end"":20}],""entities"":[{""type"":""ARG"",""start"":0,""end"":2},{""type"":""EVE"",""start"":7,""end"":8},{""type"":""LOC"",""start"":14,""end"":15},{""type"":""LOC"",""start"":15,""end"":17},{""type"":""ARG"",""start"":17,""end"":18},{""type"":""ARG"",""start"":19,""end"":20}]}"
c_be003bf3ac0d,"{""n_tokens"":10,""arguments"":[{""role"":""FALSE-EVENT"",""start"":5,""end"":6},{""role"":""PLACE-ARG"",""start"":7,""end"":8}],""entities"":[{""type"":""EVE"",""start"":5,""end"":6},{""type"":""LOC"",""start"":7,""end"":8}]}"
c_cbf55a8f5787,"{""n_tokens"":24,""arguments"":[{""role"":""FLOOD-EVENT"",""start"":1,""end"":2},{""role"":""INFORMATION-ARG"",""start"":4,""end"":8},{""role"":""STREET-ARG"",""start"":9,""end"":14},{""role"":""PLACE-ARG"",""start"":14,""end"":17},{""role"":""TIME-ARG"",""start"":17,""end"":18},{""role"":""TIME-ARG"",""start"":19,""end"":20},{""role"":""TIME-ARG"",""start"":21,""end"":24}],""entities"":[{""type"":""EVE"",""start"":1,""end"":2},{""type"":""ARG"",""start"":4,""end"":8},{""type"":""ARG"",""start"":9,""end"":12},{""type"":""ARG"",""start"":12,""end"":14},{""type"":""LOC"",""start"":14,""end"":15},{""type"":""LOC"",""start"":15,""end"":17},{""type"":""ARG"",""start"":17,""end"":18},{""type"":""ARG"",""start"":19,""end"":20},{""type"":""ARG"",""start"":21,""end"":24}]}"
c_5adbb33b9a0e,"{""n_tokens"":36,""arguments"":[{""role"":""PLACE-ARG"",""start"":1,""end"":2},{""role"":""PLACE-ARG"",""start"":8,""end"":9},{""role"":""OFFICER-ARG"",""start"":11,""end"":12},{""role"":""FALSE-EVENT"",""start"":29,""end"":30},{""role"":""PLACE-ARG"",""start"":31,""end"":32},{""role"":""PLACE-ARG"",""start"":35,""end"":36}],""entities"":[{""type"":""PLOC"",""start"":1,""end"":2},{""type"":""PLOC"",""start"":8,""end"":9},{""type"":""ORG"",""start"":11,""end"":12},{""type"":""EVE"",""start"":29,""end"":30},{""type"":""LOC"",""start"":31,""end"":32},{""type"":""PLOC"",""start"":35,""end"":36}]}"
c_99b5965110f7,"{""n_tokens"":38,""arguments"":[{""role"":""PLACE-ARG"",""start"":12,""end"":13},{""role"":""FALSE-EVENT"",""start"":16,""end"":17},{""role"":""PLACE-ARG"",""start"":37,""end"":38}],""entities"":[{""type"":""LOC"",""start"":12,""end"":13},{""type"":""EVE"",""start"":16,""end"":17},{""type"":""LOC"",""start"":37,""end"":38}]}"
c_4f4f1b88c089,"{""n_tokens"":15,""arguments"":[{""role"":""FLOOD-EVENT"",""start"":0,""end"":1},{""role"":""PLACE-ARG"",""start"":7,""end"":11},{""role"":""TIME-ARG"",""start"":11,""end"":12},{""role"":""TIME-ARG"",""start"":13,""end"":14}],""entities"":[{""type"":""EVE"",""start"":0,""end"":1},{""type"":""LOC"",""start"":7,""end"":8},{""type"":""LOC"",""start"":8,""end"":9},{""type"":""LOC"",""start"":9,""end"":11},{""type"":""ARG"",""start"":11,""end"":12},{""type"":""ARG"",""start"":13,""end"":14}]}"
c_a582ad52d8d9,"{""n_tokens"":7,""arguments"":[{""role"":""FALSE-EVENT"",""start"":0,""end"":1}],""entities"":[{""type"":""EVE"",""start"":0,""end"":1}]}"
c_ebb641a70387,"{""n_tokens"":21,""arguments"":[{""role"":""OFFICER-ARG"",""start"":1,""end"":2},{""role"":""PLACE-ARG"",""start"":7,""end"":9},{""role"":""FALSE-EVENT"",""start"":10,""end"":11},{""role"":""PLACE-ARG"",""start"":13,""end"":14},{""role"":""PLACE-ARG"",""start"":17,""end"":19}],""entities"":[{""type"":""LOC"",""start"":7,""end"":9},{""type"":""EVE"",""start"":10,""end"":11},{""type"":""LOC"",""start"":13,""end"":14},{""type"":""LOC"",""start"":17,""end"":19}]}"
c_ca3426216367,"{""n_tokens"":9,""arguments"":[{""role"":""FALSE-EVENT"",""start"":1,""end"":2}],""entities"":[{""type"":""EVE"",""start"":1,""end"":3}]}"
c_464b9991edbb,"{""n_tokens"":20,""arguments"":[{""role"":""FLOOD-EVENT"",""start"":2,""end"":3},{""role"":""PLACE-ARG"",""start"":4,""end"":7},{""role"":""TIME-ARG"",""start"":7,""end"":8},{""role"":""TIME-ARG"",""start"":9,""end"":10},{""role"":""FLOOD-EVENT"",""start"":19,""end"":20}],""entities"":[{""type"":""EVE"",""start"":2,""end"":3},{""type"":""LOC"",""start"":4,""end"":7},{""type"":""ARG"",""start"":7,""end"":8},{""type"":""ARG"",""start"":9,""end"":10},{""type"":""EVE"",""start"":19,""end"":20}]}"
c_00072b584627,"{""n_tokens"":37,""arguments"":[{""role"":""FALSE-EVENT"",""start"":7,""end"":8}],""entities"":[{""type"":""EVE"",""start"":7,""end"":8}]}"
c_075a2aa878a0,"{""n_tokens"":28,""arguments"":[{""role"":""FLOOD-EVENT"",""start"":4,""end"":5},{""role"":""STREET-ARG"",""start"":6,""end"":9},{""role"":""PLACE-ARG"",""start"":9,""end"":12},{""role"":""PLACE-ARG"",""start"":15,""end"":19},{""role"":""OFFICER-ARG"",""start"":19,""end"":21}],""entities"":[{""type"":""EVE"",""start"":4,""end"":5},{""type"":""ARG"",""start"":6,""end"":9},{""type"":""LOC"",""start"":9,""end"":12},{""type"":""ARG"",""start"":13,""end"":15},{""type"":""LOC"",""start"":15,""end"":17},{""type"":""PLOC"",""start"":17,""end"":19},{""type"":""ORG"",""start"":19,""end"":21}]}"
c_8683c7130d50,"{""n_tokens"":32,""arguments"":[{""role"":""FALSE-EVENT"",""start"":14,""end"":15}],""entities"":[{""type"":""EVE"",""start"":14,""end"":15}]}"
c_82750377b5f6,"{""n_tokens"":21,""arguments"":[{""role"":""OFFICER-ARG"",""start"":3,""end"":4},{""role"":""PLACE-ARG"",""start"":4,""end"":5},{""role"":""FALSE-EVENT"",""start"":9,""end"":10},{""role"":""PLACE-ARG"",""start"":11,""end"":17},{""role"":""TIME-ARG"",""start"":17,""end"":18},{""role"":""TIME-ARG"",""start"":19,""end"":20}],""entities"":[{""type"":""ORG"",""start"":3,""end"":4},{""type"":""PLOC"",""start"":4,""end"":5},{""type"":""EVE"",""start"":9,""end"":10},{""type"":""LOC"",""start"":13,""end"":14},{""type"":""LOC"",""start"":14,""end"":15},{""type"":""LOC"",""start"":15,""end"":17},{""type"":""ARG"",""start"":17,""end"":18},{""type"":""ARG"",""start"":19,""end"":20}]}"
c_faaf3f9ef46f,"{""n_tokens"":26,""arguments"":[{""role"":""OFFICER-ARG"",""start"":8,""end"":9},{""role"":""PLACE-ARG"",""start"":9,""end"":10},{""role"":""FALSE-EVENT"",""start"":14,""end"":15},{""role"":""PLACE-ARG"",""start"":16,""end"":22},{""role"":""TIME-ARG"",""start"":22,""end"":23},{""role"":""TIME-ARG"",""start"":24,""end"":25}],""entities"":[{""type"":""ORG"",""start"":8,""end"":9},{""type"":""PLOC"",""start"":9,""end"":10},{""type"":""EVE"",""start"":14,""end"":15},{""type"":""LOC"",""start"":18,""end"":19},{""type"":""LOC"",""start"":19,""end"":20},{""type"":""LOC"",""start"":20,""end"":22},{""type"":""ARG"",""start"":22,""end"":23},{""type"":""ARG"",""start"":24,""end"":25}]}"
c_e8e0dc5dc1b9,"{""n_tokens"":25,""arguments"":[{""role"":""FALSE-EVENT"",""start"":3,""end"":4},{""role"":""PLACE-ARG"",""start"":6,""end"":7}],""entities"":[{""type"":""EVE"",""start"":3,""end"":4},{""type"":""LOC"",""start"":6,""end"":7}]}"
c_9132c7d28f75,"{""n_tokens"":34,""arguments"":[{""role"":""FALSE-EVENT"",""start"":0,""end"":1},{""role"":""PLACE-ARG"",""start"":10,""end"":11},{""role"":""PLACE-ARG"",""start"":29,""end"":31}],""entities"":[{""type"":""EVE"",""start"":0,""end"":1},{""type"":""PLOC"",""start"":10,""end"":11},{""type"":""PLOC"",""start"":30,""end"":31}]}"
c_e7b11a76baff,"{""n_tokens"":27,""arguments"":[{""role"":""PLACE-ARG"",""start"":1,""end"":2},{""role"":""FALSE-EVENT"",""start"":4,""end"":5},{""role"":""STREET-ARG"",""start"":22,""end"":25},{""role"":""PLACE-ARG"",""start"":25,""end"":27}],""entities"":[{""type"":""PLOC"",""start"":1,""end"":2},{""type"":""EVE"",""start"":4,""end"":5},{""type"":""ARG"",""start"":22,""end"":25},{""type"":""PLOC"",""start"":25,""end"":27}]}"
c_6eb847b7ea92,"{""n_tokens"":46,""arguments"":[{""role"":""FALSE-EVENT"",""start"":14,""end"":15}],""entities"":[{""type"":""EVE"",""start"":14,""end"":15}]}"
c_34291f4172b5,"{""n_tokens"":32,""arguments"":[{""role"":""FALSE-EVENT"",""start"":17,""end"":18},{""role"":""PLACE-ARG"",""start"":19,""end"":21}],""entities"":[{""type"":""EVE"",""start"":17,""end"":18},{""type"":""LOC"",""start"":19,""end"":21}]}"
c_e6145128a4e2,"{""n_tokens"":8,""arguments"":[{""role"":""FALSE-EVENT"",""start"":0,""end"":1},{""role"":""PLACE-ARG"",""start"":5,""end"":6},{""role"":""PLACE-ARG"",""start"":7,""end"":8}],""entities"":[{""type"":""EVE"",""start"":0,""end"":1},{""type"":""PLOC"",""start"":5,""end"":6},{""type"":""PLOC"",""start"":7,""end"":8}]}"
c_3ae56e7633d2,"{""n_tokens"":37,""arguments"":[{""role"":""FALSE-EVENT"",""start"":9,""end"":10},{""role"":""PLACE-ARG"",""start"":11,""end"":12}],""entities"":[{""type"":""EVE"",""start"":9,""end"":10},{""type"":""LOC"",""start"":11,""end"":12}]}"
c_e84b0293fe8a,"{""n_tokens"":30,""arguments"":[{""role"":""OFFICER-ARG"",""start"":2,""end"":3},{""role"":""OFFICER-ARG"",""start"":4,""end"":6},{""role"":""PLACE-ARG"",""start"":6,""end"":7},{""role"":""OFFICER-ARG"",""start"":12,""end"":14},{""role"":""PLACE-ARG"",""start"":14,""end"":15},{""role"":""FALSE-EVENT"",""start"":23,""end"":24},{""role"":""PLACE-ARG"",""start"":25,""end"":27},{""role"":""OFFICER-ARG"",""start"":29,""end"":30}],""entities"":[{""type"":""ORG"",""start"":2,""end"":3},{""type"":""ORG"",""start"":4,""end"":6},{""type"":""PLOC"",""start"":6,""end"":7},{""type"":""ORG"",""start"":12,""end"":14},{""type"":""PLOC"",""start"":14,""end"":15},{""type"":""EVE"",""start"":23,""end"":24},{""type"":""LOC"",""start"":25,""end"":27},{""type"":""ORG"",""start"":29,""end"":30}]}"
c_95209e039212,"{""n_tokens"":18,""arguments"":[{""role"":""FALSE-EVENT"",""start"":1,""end"":2},{""role"":""AFFECTEDOBJECTS-ARG"",""start"":4,""end"":6},{""role"":""STREET-ARG"",""start"":14,""end"":17}],""entities"":[{""type"":""EVE"",""start"":1,""end"":2},{""type"":""ARG"",""start"":4,""end"":6},{""type"":""ARG"",""start"":14,""end"":17}]}"
c_7b6612577839,"{""n_tokens"":10,""arguments"":[{""role"":""FALSE-EVENT"",""start"":2,""end"":4},{""role"":""PLACE-ARG"",""start"":4,""end"":5}],""entities"":[{""type"":""EVE"",""start"":2,""end"":4},{""type"":""LOC"",""start"":4,""end"":5}]}"
c_23768836f232,"{""n_tokens"":9,""arguments"":[{""role"":""FALSE-EVENT"",""start"":6,""end"":7},{""role"":""PLACE-ARG"",""start"":8,""end"":9}],""entities"":[{""type"":""EVE"",""start"":6,""end"":7},{""type"":""LOC"",""start"":8,""end"":9}]}"
c_c74813adc93f,"{""n_tokens"":13,""arguments"":[{""role"":""FLOOD-EVENT"",""start"":0,""end"":1},{""role"":""PLACE-ARG"",""start"":5,""end"":6},{""role"":""PLACE-ARG"",""start"":8,""end"":9}],""entities"":[{""type"":""EVE"",""start"":0,""end"":1},{""type"":""LOC"",""start"":5,""end"":6},{""type"":""LOC"",""start"":8,""end"":9}]}"
c_0279dc6be2fa,"{""n_tokens"":6,""arguments"":[{""role"":""FLOOD-EVENT"",""start"":1,""end"":2},{""role"":""PLACE-ARG"",""start"":4,""end"":6}],""entities"":[{""type"":""EVE"",""start"":1,""end"":2},{""type"":""LOC"",""start"":4,""end"":6}]}"
c_2a9fcfcd2084,"{""n_tokens"":40,""arguments"":[{""role"":""FALSE-EVENT"",""start"":1,""end"":2},{""role"":""PLACE-ARG"",""start"":6,""end"":8},{""role"":""FALSE-EVENT"",""start"":24,""end"":25},{""role"":""OFFICER-ARG"",""start"":34,""end"":35}],""entities"":[{""type"":""EVE"",""start"":1,""end"":2},{""type"":""EVE"",""start"":24,""end"":25},{""type"":""ORG"",""start"":34,""end"":35}]}"
c_39b633c49a2b,"{""n_tokens"":9,""arguments"":[{""role"":""FALSE-EVENT"",""start"":1,""end"":2},{""role"":""FALSE-EVENT"",""start"":2,""end"":3},{""role"":""PLACE-ARG"",""start"":4,""end"":5},{""role"":""OFFICER-ARG"",""start"":7,""end"":8}],""entities"":[{""type"":""EVE"",""start"":1,""end"":2},{""type"":""EVE"",""start"":2,""end"":3},{""type"":""LOC"",""start"":4,""end"":5},{""type"":""ORG"",""start"":7,""end"":8}]}"
c_e2a12607eaab,"{""n_tokens"":11,""arguments"":[{""role"":""FLOOD-EVENT"",""start"":0,""end"":2},{""role"":""INFORMATION-ARG"",""start"":2,""end"":5},{""role"":""PLACE-ARG"",""start"":6,""end"":7},{""role"":""AFFECTEDOBJECTS-ARG"",""start"":7,""end"":11}],""entities"":[{""type"":""EVE"",""start"":0,""end"":2},{""type"":""ARG"",""start"":2,""end"":5},{""type"":""LOC"",""start"":6,""end"":7},{""type"":""ARG"",""start"":7,""end"":11}]}"
c_9f6df5181a40,"{""n_tokens"":29,""arguments"":[{""role"":""STREET-ARG"",""start"":6,""end"":9},{""role"":""PLACE-ARG"",""start"":10,""end"":12},{""role"":""FALSE-EVENT"",""start"":19,""end"":20}],""entities"":[{""type"":""ARG"",""start"":6,""end"":9},{""type"":""PLOC"",""start"":10,""end"":12},{""type"":""EVE"",""start"":19,""end"":20}]}"
c_5002575bd940,"{""n_tokens"":32,""arguments"":[{""role"":""PLACE-ARG"",""start"":12,""end"":13},{""role"":""FALSE-EVENT"",""start"":15,""end"":16}],""entities"":[{""type"":""PLOC"",""start"":12,""end"":13},{""type"":""EVE"",""start"":15,""end"":16}]}"
c_1f262dab6ace,"{""n_tokens"":36,""arguments"":[{""role"":""OFFICER-ARG"",""start"":16,""end"":17},{""role"":""REASON-ARG"",""start"":26,""end"":28},{""role"":""FALSE-EVENT"",""start"":31,""end"":32}],""entities"":[{""type"":""ORG"",""start"":16,""end"":17},{""type"":""ARG"",""start"":26,""end"":28},{""type"":""EVE"",""start"":31,""end"":32}]}"
c_e78ded953ed9,"{""n_tokens"":23,""arguments"":[{""role"":""PLACE-ARG"",""start"":0,""end"":1},{""role"":""FALSE-EVENT"",""start"":2,""end"":3},{""role"":""PLACE-ARG"",""start"":18,""end"":20}],""entities"":[{""type"":""PLOC"",""start"":0,""end"":1},{""type"":""EVE"",""start"":2,""end"":3},{""type"":""PLOC"",""start"":18,""end"":20}]}"
c_843949bf3a2d,"{""n_tokens"":41,""arguments"":[{""role"":""PLACE-ARG"",""start"":2,""end"":3},{""role"":""OFFICER-ARG"",""start"":10,""end"":13},{""role"":""FALSE-EVENT"",""start"":15,""end"":16},{""role"":""PLACE-ARG"",""start"":19,""end"":20},{""role"":""TIME-ARG"",""start"":33,""end"":35},{""role"":""TIME-ARG"",""start"":36,""end"":37},{""role"":""TIME-ARG"",""start"":38,""end"":41}],""entities"":[{""type"":""PLOC"",""start"":2,""end"":3},{""type"":""ORG"",""start"":10,""end"":13},{""type"":""EVE"",""start"":15,""end"":16},{""type"":""PLOC"",""start"":19,""end"":20},{""type"":""ARG"",""start"":33,""end"":35},{""type"":""ARG"",""start"":36,""end"":37},{""type"":""ARG"",""start"":38,""end"":41}]}"
c_1d972f0b04e3,"{""n_tokens"":37,""arguments"":[{""role"":""TIME-ARG"",""start"":6,""end"":8},{""role"":""FLOOD-EVENT"",""start"":8,""end"":10},{""role"":""PLACE-ARG"",""start"":12,""end"":18},{""role"":""AFFECTEDOBJECTS-ARG"",""start"":19,""end"":21}],""entities"":[{""type"":""ARG"",""start"":5,""end"":6},{""type"":""ARG"",""start"":6,""end"":8},{""type"":""EVE"",""start"":8,""end"":10},{""type"":""LOC"",""start"":12,""end"":14},{""type"":""PLOC"",""start"":14,""end"":16},{""type"":""PLOC"",""start"":16,""end"":17},{""type"":""PLOC"",""start"":17,""end"":18},{""type"":""ARG"",""start"":19,""end"":21}]}"
c_8fba43a9abaf,"{""n_tokens"":16,""arguments"":[{""role"":""FALSE-EVENT"",""start"":5,""end"":6},{""role"":""PLACE-ARG"",""start"":7,""end"":8},{""role"":""FALSE-EVENT"",""start"":11,""end"":12}],""entities"":[{""type"":""EVE"",""start"":5,""end"":6},{""type"":""LOC"",""start"":7,""end"":8},{""type"":""EVE"",""start"":11,""end"":12}]}"
c_d40d1cf36daf,"{""n_tokens"":47,""arguments"":[{""role"":""FALSE-EVENT"",""start"":14,""end"":15}],""entities"":[{""type"":""EVE"",""start"":14,""end"":15}]}"
c_8dd20676b35f,"{""n_tokens"":35,""arguments"":[{""role"":""PLACE-ARG"",""start"":1,""end"":2},{""role"":""FALSE-EVENT"",""start"":5,""end"":6},{""role"":""PLACE-ARG"",""start"":7,""end"":8},{""role"":""TIME-ARG"",""start"":9,""end"":11}],""entities"":[{""type"":""EVE"",""start"":5,""end"":6},{""type"":""LOC"",""start"":7,""end"":8},{""type"":""ARG"",""start"":9,""end"":11}]}"
c_6d6814392aa2,"{""n_tokens"":9,""arguments"":[{""role"":""FLOOD-EVENT"",""start"":2,""end"":4},{""role"":""PLACE-ARG"",""start"":5,""end"":6},{""role"":""INFORMATION-ARG"",""start"":7,""end"":9}],""entities"":[{""type"":""EVE"",""start"":2,""end"":4},{""type"":""LOC"",""start"":5,""end"":6},{""type"":""ARG"",""start"":7,""end"":9}]}"
c_b1c197bad7c7,"{""n_tokens"":19,""arguments"":[{""role"":""PLACE-ARG"",""start"":4,""end"":5},{""role"":""PLACE-ARG"",""start"":6,""end"":7},{""role"":""FLOOD-EVENT"",""start"":7,""end"":8}],""entities"":[{""type"":""LOC"",""start"":4,""end"":5},{""type"":""EVE"",""start"":7,""end"":8}]}"
c_28f5e94143a3,"{""n_tokens"":33,""arguments"":[{""role"":""PLACE-ARG"",""start"":3,""end"":5},{""role"":""PLACE-ARG"",""start"":6,""end"":8},{""role"":""PLACE-ARG"",""start"":9,""end"":12},{""role"":""FLOOD-EVENT"",""start"":13,""end"":14}],""entities"":[{""type"":""LOC"",""start"":3,""end"":5},{""type"":""LOC"",""start"":6,""end"":8},{""type"":""LOC"",""start"":9,""end"":10},{""type"":""PLOC"",""start"":10,""end"":11},{""type"":""PLOC"",""start"":11,""end"":12},{""type"":""EVE"",""start"":13,""end"":14}]}"
c_010c44648791,"{""n_tokens"":9,""arguments"":[{""role"":""FLOOD-EVENT"",""start"":1,""end"":2},{""role"":""PLACE-ARG"",""start"":3,""end"":6},{""role"":""TIME-ARG"",""start"":6,""end"":9}],""entities"":[{""type"":""EVE"",""start"":1,""end"":2},{""type"":""LOC"",""start"":3,""end"":5},{""type"":""PLOC"",""start"":5,""end"":6},{""type"":""ARG"",""start"":6,""end"":9}]}"
c_f25b28f1ef3f,"{""n_tokens"":19,""arguments"":[{""role"":""REASON-ARG"",""start"":0,""end"":2},{""role"":""PLACE-ARG"",""start"":5,""end"":6},{""role"":""FLOOD-EVENT"",""start"":7,""end"":8},{""role"":""FLOOD-EVENT"",""start"":11,""end"":12},{""role"":""PLACE-ARG"",""start"":13,""end"":15}],""entities"":[{""type"":""ARG"",""start"":0,""end"":2},{""type"":""LOC"",""start"":5,""end"":6},{""type"":""EVE"",""start"":7,""end"":8},{""type"":""EVE"",""start"":11,""end"":12},{""type"":""LOC"",""start"":13,""end"":15}]}"
c_be14ee09616b,"{""n_tokens"":15,""arguments"":[{""role"":""OFFICER-ARG"",""start"":0,""end"":4},{""role"":""FALSE-EVENT"",""start"":6,""end"":7},{""role"":""STREET-ARG"",""start"":8,""end"":11},{""role"":""PLACE-ARG"",""start"":11,""end"":12},{""role"":""PLACE-ARG"",""start"":14,""end"":15}],""entities"":[{""type"":""EVE"",""start"":6,""end"":7},{""type"":""ARG"",""start"":8,""end"":11},{""type"":""LOC"",""start"":11,""end"":12},{""type"":""PLOC"",""start"":14,""end"":15}]}"
c_0d4fa7600ce4,"{""n_tokens"":27,""arguments"":[{""role"":""FLOOD-EVENT"",""start"":1,""end"":2},{""role"":""PLACE-ARG"",""start"":5,""end"":7},{""role"":""PLACE-ARG"",""start"":8,""end"":10},{""role"":""TIME-ARG"",""start"":11,""end"":14},{""role"":""PLACE-ARG"",""start"":21,""end"":23}],""entities"":[{""type"":""EVE"",""start"":1,""end"":2},{""type"":""LOC"",""start"":3,""end"":5},{""type"":""LOC"",""start"":5,""end"":7},{""type"":""LOC"",""start"":8,""end"":10},{""type"":""ARG"",""start"":11,""end"":14},{""type"":""LOC"",""start"":21,""end"":23}]}"
c_72c7a5782422,"{""n_tokens"":7,""arguments"":[{""role"":""FLOOD-EVENT"",""start"":0,""end"":1},{""role"":""PLACE-ARG"",""start"":2,""end"":4},{""role"":""AFFECTEDOBJECTS-ARG"",""start"":5,""end"":7}],""entities"":[{""type"":""EVE"",""start"":0,""end"":1},{""type"":""LOC"",""start"":2,""end"":4},{""type"":""ARG"",""start"":5,""end"":7}]}"
c_8a27695e5875,"{""n_tokens"":14,""arguments"":[{""role"":""FALSE-EVENT"",""start"":2,""end"":3},{""role"":""PLACE-ARG"",""start"":11,""end"":14}],""entities"":[{""type"":""EVE"",""start"":2,""end"":3},{""type"":""LOC"",""start"":11,""end"":14}]}"
c_3bfe144d7070,"{""n_tokens"":25,""arguments"":[{""role"":""FLOOD-EVENT"",""start"":1,""end"":2},{""role"":""AFFECTEDOBJECTS-ARG"",""start"":4,""end"":6},{""role"":""PLACE-ARG"",""start"":7,""end"":9},{""role"":""OFFICER-ARG"",""start"":12,""end"":13},{""role"":""PLACE-ARG"",""start"":13,""end"":14},{""role"":""PLACE-ARG"",""start"":20,""end"":21},{""role"":""FLOOD-EVENT"",""start"":24,""end"":25}],""entities"":[{""type"":""EVE"",""start"":1,""end"":2},{""type"":""ARG"",""start"":4,""end"":6},{""type"":""LOC"",""start"":7,""end"":9},{""type"":""ORG"",""start"":12,""end"":13},{""type"":""PLOC"",""start"":13,""end"":14},{""type"":""LOC"",""start"":20,""end"":21},{""type"":""EVE"",""start"":24,""end"":25}]}"
c_dfecd5cb9ccc,"{""n_tokens"":19,""arguments"":[{""role"":""FALSE-EVENT"",""start"":10,""end"":12}],""entities"":[{""type"":""EVE"",""start"":10,""end"":12}]}"
c_ecf89c034bf2,"{""n_tokens"":43,""arguments"":[{""role"":""PLACE-ARG"",""start"":8,""end"":9},{""role"":""FALSE-EVENT"",""start"":14,""end"":15},{""role"":""OFFICER-ARG"",""start"":30,""end"":31}],""entities"":[{""type"":""PLOC"",""start"":8,""end"":9},{""type"":""EVE"",""start"":14,""end"":15},{""type"":""ORG"",""start"":30,""end"":31}]}"
c_9d77ae3d7eb8,"{""n_tokens"":29,""arguments"":[{""role"":""PLACE-ARG"",""start"":13,""end"":15},{""role"":""FLOOD-EVENT"",""start"":19,""end"":20},{""role"":""FLOOD-EVENT"",""start"":27,""end"":28}],""entities"":[{""type"":""LOC"",""start"":13,""end"":15},{""type"":""EVE"",""start"":19,""end"":20},{""type"":""EVE"",""start"":27,""end"":28}]}"
c_e27cb1e455a4,"{""n_tokens"":40,""arguments"":[{""role"":""FALSE-EVENT"",""start"":17,""end"":18}],""entities"":[{""type"":""EVE"",""start"":17,""end"":18}]}"
c_c0e41226f8ec,"{""n_tokens"":50,""arguments"":[{""role"":""FALSE-EVENT"",""start"":15,""end"":16},{""role"":""FALSE-EVENT"",""start"":33,""end"":34}],""entities"":[{""type"":""EVE"",""start"":15,""end"":16},{""type"":""EVE"",""start"":33,""end"":34}]}"
c_4a6cbe0d3563,"{""n_tokens"":7,""arguments"":[{""role"":""FLOOD-EVENT"",""start"":0,""end"":1},{""role"":""PLACE-ARG"",""start"":2,""end"":3}],""entities"":[{""type"":""EVE"",""start"":0,""end"":1},{""type"":""LOC"",""start"":2,""end"":3}]}"
c_99a8bfb1f9f1,"{""n_tokens"":36,""arguments"":[{""role"":""REASON-ARG"",""start"":0,""end"":3},{""role"":""FALSE-EVENT"",""start"":4,""end"":5},{""role"":""STREET-ARG"",""start"":6,""end"":8},{""role"":""FALSE-EVENT"",""start"":34,""end"":35}],""entities"":[{""type"":""ARG"",""start"":0,""end"":3},{""type"":""EVE"",""start"":4,""end"":5},{""type"":""ARG"",""start"":6,""end"":8},{""type"":""EVE"",""start"":34,""end"":35}]}"
c_94f756f863c3,"{""n_tokens"":27,""arguments"":[{""role"":""PLACE-ARG"",""start"":2,""end"":7},{""role"":""FLOOD-EVENT"",""start"":7,""end"":8},{""role"":""PLACE-ARG"",""start"":13,""end"":15}],""entities"":[{""type"":""LOC"",""start"":2,""end"":4},{""type"":""LOC"",""start"":4,""end"":5},{""type"":""LOC"",""start"":5,""end"":7},{""type"":""EVE"",""start"":7,""end"":8},{""type"":""ARG"",""start"":10,""end"":12},{""type"":""LOC"",""start"":13,""end"":15}]}"
c_1a50cae28fae,"{""n_tokens"":38,""arguments"":[{""role"":""FLOOD-EVENT"",""start"":15,""end"":17},{""role"":""PLACE-ARG"",""start"":20,""end"":26}],""entities"":[{""type"":""ARG"",""start"":12,""end"":14},{""type"":""EVE"",""start"":15,""end"":17},{""type"":""LOC"",""start"":20,""end"":23},{""type"":""LOC"",""start"":23,""end"":26}]}"
c_72d7fc6e296d,"{""n_tokens"":13,""arguments"":[{""role"":""AFFECTEDOBJECTS-ARG"",""start"":0,""end"":2},{""role"":""PLACE-ARG"",""start"":4,""end"":5},{""role"":""FLOOD-EVENT"",""start"":5,""end"":6},{""role"":""PLACE-ARG"",""start"":7,""end"":8},{""role"":""OFFICER-ARG"",""start"":11,""end"":12}],""entities"":[{""type"":""ARG"",""start"":0,""end"":2},{""type"":""LOC"",""start"":4,""end"":5},{""type"":""EVE"",""start"":5,""end"":6},{""type"":""LOC"",""start"":7,""end"":8},{""type"":""ORG"",""start"":11,""end"":12}]}"
c_8102ce45538d,"{""n_tokens"":23,""arguments"":[{""role"":""PLACE-ARG"",""start"":2,""end"":4},{""role"":""PLACE-ARG"",""start"":8,""end"":9},{""role"":""PLACE-ARG"",""start"":10,""end"":11},{""role"":""FLOOD-EVENT"",""start"":16,""end"":17},{""role"":""PLACE-ARG"",""start"":18,""end"":20}],""entities"":[{""type"":""LOC"",""start"":2,""end"":3},{""type"":""PLOC"",""start"":8,""end"":9},{""type"":""PLOC"",""start"":10,""end"":11},{""type"":""EVE"",""start"":16,""end"":17},{""type"":""LOC"",""start"":18,""end"":19},{""type"":""LOC"",""start"":19,""end"":20}]}"
c_9761b3220f30,"{""n_tokens"":16,""arguments"":[{""role"":""FALSE-EVENT"",""start"":3,""end"":4}],""entities"":[{""type"":""EVE"",""start"":3,""end"":4}]}"
c_3c75169b925f,"{""n_tokens"":10,""arguments"":[{""role"":""FLOOD-EVENT"",""start"":1,""end"":2},{""role"":""PLACE-ARG"",""start"":5,""end"":8},{""role"":""TIME-ARG"",""start"":8,""end"":9},{""role"":""TIME-ARG"",""start"":9,""end"":10}],""entities"":[{""type"":""EVE"",""start"":1,""end"":2},{""type"":""LOC"",""start"":5,""end"":7},{""type"":""PLOC"",""start"":7,""end"":8},{""type"":""ARG"",""start"":8,""end"":9},{""type"":""ARG"",""start"":9,""end"":10}]}"
c_db1cc092f950,"{""n_tokens"":12,""arguments"":[{""role"":""FLOOD-EVENT"",""start"":1,""end"":2},{""role"":""PLACE-ARG"",""start"":3,""end"":6}],""entities"":[{""type"":""EVE"",""start"":1,""end"":2},{""type"":""LOC"",""start"":3,""end"":5},{""type"":""LOC"",""start"":5,""end"":6}]}"
c_423324757b46,"{""n_tokens"":8,""arguments"":[{""role"":""FLOOD-EVENT"",""start"":3,""end"":4},{""role"":""PLACE-ARG"",""start"":5,""end"":6},{""role"":""INFORMATION-ARG"",""start"":6,""end"":8}],""entities"":[{""type"":""EVE"",""start"":3,""end"":4},{""type"":""LOC"",""start"":5,""end"":6},{""type"":""ARG"",""start"":6,""end"":8}]}"
c_2004a1e4ea8f,"{""n_tokens"":40,""arguments"":[{""role"":""REASON-ARG"",""start"":0,""end"":3},{""role"":""FLOOD-EVENT"",""start"":4,""end"":5},{""role"":""PLACE-ARG"",""start"":9,""end"":13},{""role"":""PLACE-ARG"",""start"":14,""end"":17},{""role"":""OFFICER-ARG"",""start"":18,""end"":19},{""role"":""FLOOD-EVENT"",""start"":28,""end"":29},{""role"":""FLOOD-EVENT"",""start"":30,""end"":31}],""entities"":[{""type"":""ARG"",""start"":0,""end"":3},{""type"":""EVE"",""start"":4,""end"":5},{""type"":""LOC"",""start"":9,""end"":12},{""type"":""LOC"",""start"":12,""end"":13},{""type"":""LOC"",""start"":14,""end"":16},{""type"":""LOC"",""start"":16,""end"":17},{""type"":""ORG"",""start"":18,""end"":19},{""type"":""EVE"",""start"":28,""end"":29},{""type"":""EVE"",""start"":30,""end"":31}]}"
c_464f9c4c6b43,"{""n_tokens"":16,""arguments"":[{""role"":""FLOOD-EVENT"",""start"":2,""end"":3},{""role"":""PLACE-ARG"",""start"":4,""end"":6}],""entities"":[{""type"":""EVE"",""start"":2,""end"":3},{""type"":""LOC"",""start"":4,""end"":5},{""type"":""LOC"",""start"":5,""end"":6},{""type"":""ARG"",""start"":8,""end"":10}]}"
c_01d198799cf8,"{""n_tokens"":56,""arguments"":[{""role"":""TIME-ARG"",""start"":1,""end"":5},{""role"":""OFFICER-ARG"",""start"":31,""end"":32},{""role"":""OFFICER-ARG"",""start"":33,""end"":34},{""role"":""PLACE-ARG"",""start"":35,""end"":37},{""role"":""FALSE-EVENT"",""start"":39,""end"":40},{""role"":""PLACE-ARG"",""start"":46,""end"":48}],""entities"":[{""type"":""ORG"",""start"":31,""end"":32},{""type"":""ORG"",""start"":33,""end"":34},{""type"":""EVE"",""start"":39,""end"":40},{""type"":""LOC"",""start"":46,""end"":47},{""type"":""PLOC"",""start"":47,""end"":48}]}"
c_363982295c5a,"{""n_tokens"":5,""arguments"":[{""role"":""FLOOD-EVENT"",""start"":0,""end"":1},{""role"":""PLACE-ARG"",""start"":2,""end"":5}],""entities"":[{""type"":""EVE"",""start"":0,""end"":1},{""type"":""LOC"",""start"":2,""end"":3},{""type"":""LOC"",""start"":3,""end"":4},{""type"":""LOC"",""start"":4,""end"":5}]}"
c_e7593fb642dd,"{""n_tokens"":34,""arguments"":[{""role"":""OFFICER-ARG"",""start"":1,""end"":2},{""role"":""FALSE-EVENT"",""start"":13,""end"":14},{""role"":""FALSE-EVENT"",""start"":30,""end"":31}],""entities"":[{""type"":""ORG"",""start"":1,""end"":2},{""type"":""EVE"",""start"":13,""end"":14},{""type"":""EVE"",""start"":30,""end"":31}]}"
c_c99b25a5b1df,"{""n_tokens"":16,""arguments"":[{""role"":""PLACE-ARG"",""start"":0,""end"":1},{""role"":""FALSE-EVENT"",""start"":1,""end"":2},{""role"":""FALSE-EVENT"",""start"":12,""end"":13}],""entities"":[{""type"":""LOC"",""start"":0,""end"":1},{""type"":""EVE"",""start"":1,""end"":2},{""type"":""EVE"",""start"":12,""end"":13}]}"
c_b051a480daa2,"{""n_tokens"":16,""arguments"":[{""role"":""FALSE-EVENT"",""start"":6,""end"":7},{""role"":""PLACE-ARG"",""start"":8,""end"":9}],""entities"":[{""type"":""EVE"",""start"":6,""end"":7},{""type"":""LOC"",""start"":8,""end"":9}]}"
c_d40ac21e6d27,"{""n_tokens"":22,""arguments"":[{""role"":""FALSE-EVENT"",""start"":7,""end"":8},{""role"":""PLACE-ARG"",""start"":8,""end"":9}],""entities"":[{""type"":""EVE"",""start"":7,""end"":8},{""type"":""LOC"",""start"":8,""end"":9}]}"
c_3a6821d10645,"{""n_tokens"":6,""arguments"":[{""role"":""FLOOD-EVENT"",""start"":2,""end"":3},{""role"":""STREET-ARG"",""start"":4,""end"":6}],""entities"":[{""type"":""EVE"",""start"":2,""end"":3},{""type"":""LOC"",""start"":4,""end"":6}]}"
c_5f28459bfb4d,"{""n_tokens"":5,""arguments"":[{""role"":""FALSE-EVENT"",""start"":1,""end"":2}],""entities"":[{""type"":""EVE"",""start"":1,""end"":2}]}"
c_9ff69e75f3ba,"{""n_tokens"":26,""arguments"":[{""role"":""PLACE-ARG"",""start"":8,""end"":9},{""role"":""FALSE-EVENT"",""start"":14,""end"":15}],""entities"":[{""type"":""PLOC"",""start"":8,""end"":9},{""type"":""EVE"",""start"":14,""end"":15}]}"
c_f7391fd5f9c0,"{""n_tokens"":6,""arguments"":[{""role"":""FALSE-EVENT"",""start"":1,""end"":2}],""entities"":[{""type"":""EVE"",""start"":1,""end"":2}]}"
c_eb4fe5247a08,"{""n_tokens"":5,""arguments"":[{""role"":""FALSE-EVENT"",""start"":1,""end"":2}],""entities"":[{""type"":""EVE"",""start"":1,""end"":2}]}"
c_0c97f0cea0b5,"{""n_tokens"":39,""arguments"":[{""role"":""FALSE-EVENT"",""start"":1,""end"":2},{""role"":""OFFICER-ARG"",""start"":5,""end"":6},{""role"":""PLACE-ARG"",""start"":6,""end"":7},{""role"":""FALSE-EVENT"",""start"":8,""end"":9},{""role"":""PLACE-ARG"",""start"":12,""end"":14},{""role"":""PLACE-ARG"",""start"":22,""end"":23},{""role"":""OFFICER-ARG"",""start"":37,""end"":38},{""role"":""PLACE-ARG"",""start"":38,""end"":39}],""entities"":[{""type"":""EVE"",""start"":1,""end"":2},{""type"":""ORG"",""start"":5,""end"":6},{""type"":""PLOC"",""start"":6,""end"":7},{""type"":""EVE"",""start"":8,""end"":9},{""type"":""LOC"",""start"":12,""end"":14},{""type"":""LOC"",""start"":22,""end"":23},{""type"":""ORG"",""start"":37,""end"":38},{""type"":""PLOC"",""start"":38,""end"":39}]}"
c_dd19903860a2,"{""n_tokens"":26,""arguments"":[{""role"":""FALSE-EVENT"",""start"":10,""end"":11},{""role"":""PLACE-ARG"",""start"":16,""end"":17},{""role"":""OFFICER-ARG"",""start"":20,""end"":21}],""entities"":[{""type"":""EVE"",""start"":10,""end"":11},{""type"":""PLOC"",""start"":16,""end"":17},{""type"":""ORG"",""start"":20,""end"":21}]}"
c_6352d5af7219,"{""n_tokens"":28,""arguments"":[{""role"":""PLACE-ARG"",""start"":2,""end"":4},{""role"":""FALSE-EVENT"",""start"":10,""end"":11},{""role"":""PLACE-ARG"",""start"":18,""end"":19}],""entities"":[{""type"":""LOC"",""start"":2,""end"":4},{""type"":""EVE"",""start"":10,""end"":11},{""type"":""PLOC"",""start"":18,""end"":19}]}"
c_c1d25cee56d5,"{""n_tokens"":42,""arguments"":[{""role"":""FALSE-EVENT"",""start"":9,""end"":10},{""role"":""REASON-ARG"",""start"":23,""end"":26},{""role"":""FALSE-EVENT"",""start"":35,""end"":36}],""entities"":[{""type"":""EVE"",""start"":9,""end"":10},{""type"":""ARG"",""start"":23,""end"":26},{""type"":""EVE"",""start"":35,""end"":36}]}"
c_f658c6dd725c,"{""n_tokens"":9,""arguments"":[{""role"":""OFFICER-ARG"",""start"":1,""end"":2},{""role"":""FALSE-EVENT"",""start"":6,""end"":7},{""role"":""PLACE-ARG"",""start"":8,""end"":9}],""entities"":[{""type"":""ORG"",""start"":1,""end"":2},{""type"":""EVE"",""start"":6,""end"":7},{""type"":""LOC"",""start"":8,""end"":9}]}"
c_e32b7dcce7f5,"{""n_tokens"":11,""arguments"":[{""role"":""FALSE-EVENT"",""start"":6,""end"":7},{""role"":""PLACE-ARG"",""start"":8,""end"":11}],""entities"":[{""type"":""EVE"",""start"":6,""end"":7},{""type"":""LOC"",""start"":8,""end"":9},{""type"":""LOC"",""start"":9,""end"":11}]}"
c_665fa5a46de4,"{""n_tokens"":14,""arguments"":[{""role"":""FALSE-EVENT"",""start"":6,""end"":7},{""role"":""PLACE-ARG"",""start"":8,""end"":11},{""role"":""PLACE-ARG"",""start"":12,""end"":14}],""entities"":[{""type"":""EVE"",""start"":6,""end"":7},{""type"":""LOC"",""start"":8,""end"":9},{""type"":""LOC"",""start"":9,""end"":10},{""type"":""LOC"",""start"":10,""end"":11},{""type"":""LOC"",""start"":12,""end"":14}]}"
c_a1cfbc2700fb,"{""n_tokens"":25,""arguments"":[{""role"":""FALSE-EVENT"",""start"":8,""end"":9},{""role"":""PLACE-ARG"",""start"":10,""end"":13},{""role"":""PLACE-ARG"",""start"":14,""end"":16}],""entities"":[{""type"":""EVE"",""start"":8,""end"":9},{""type"":""LOC"",""start"":10,""end"":11},{""type"":""LOC"",""start"":11,""end"":12},{""type"":""LOC"",""start"":12,""end"":13},{""type"":""LOC"",""start"":14,""end"":16}]}"
c_5aaef5570ddc,"{""n_tokens"":10,""arguments"":[{""role"":""FLOOD-EVENT"",""start"":0,""end"":1},{""role"":""PLACE-ARG"",""start"":2,""end"":4},{""role"":""PLACE-ARG"",""start"":5,""end"":10}],""entities"":[{""type"":""EVE"",""start"":0,""end"":1},{""type"":""LOC"",""start"":2,""end"":4},{""type"":""LOC"",""start"":5,""end"":6},{""type"":""LOC"",""start"":6,""end"":8},{""type"":""LOC"",""start"":8,""end"":10}]}"
c_d53fc7170dd1,"{""n_tokens"":19,""arguments"":[{""role"":""FALSE-EVENT"",""start"":1,""end"":2},{""role"":""PLACE-ARG"",""start"":3,""end"":6}],""entities"":[{""type"":""EVE"",""start"":1,""end"":2},{""type"":""LOC"",""start"":3,""end"":5},{""type"":""LOC"",""start"":5,""end"":6}]}"
c_0de844dd1723,"{""n_tokens"":38,""arguments"":[{""role"":""FALSE-EVENT"",""start"":0,""end"":1},{""role"":""PLACE-ARG"",""start"":2,""end"":4}],""entities"":[{""type"":""EVE"",""start"":0,""end"":1},{""type"":""LOC"",""start"":2,""end"":3},{""type"":""LOC"",""start"":3,""end"":4}]}"
c_28697466b719,"{""n_tokens"":38,""arguments"":[{""role"":""FLOOD-EVENT"",""start"":0,""end"":1},{""role"":""AFFECTEDOBJECTS-ARG"",""start"":2,""end"":5},{""role"":""PLACE-ARG"",""start"":6,""end"":7},{""role"":""OFFICER-ARG"",""start"":9,""end"":10},{""role"":""PLACE-ARG"",""start"":10,""end"":11},{""role"":""OFFICER-ARG"",""start"":17,""end"":18},{""role"":""PLACE-ARG"",""start"":18,""end"":19},{""role"":""FLOOD-EVENT"",""start"":20,""end"":21},{""role"":""PLACE-ARG"",""start"":22,""end"":23},{""role"":""REASON-ARG"",""start"":26,""end"":28},{""role"":""PLACE-ARG"",""start"":28,""end"":29},{""role"":""PLACE-ARG"",""start"":37,""end"":38}],""entities"":[{""type"":""EVE"",""start"":0,""end"":1},{""type"":""ARG"",""start"":2,""end"":5},{""type"":""LOC"",""start"":6,""end"":7},{""type"":""ORG"",""start"":9,""end"":10},{""type"":""PLOC"",""start"":10,""end"":11},{""type"":""ARG"",""start"":14,""end"":16},{""type"":""ORG"",""start"":17,""end"":18},{""type"":""PLOC"",""start"":18,""end"":19},{""type"":""EVE"",""start"":20,""end"":21},{""type"":""LOC"",""start"":22,""end"":23},{""type"":""ARG"",""start"":26,""end"":28},{""type"":""LOC"",""start"":28,""end"":29},{""type"":""PLOC"",""start"":37,""end"":38}]}"
c_6b60931f56bf,"{""n_tokens"":18,""arguments"":[{""role"":""FALSE-EVENT"",""start"":3,""end"":4},{""role"":""PLACE-ARG"",""start"":5,""end"":6},{""role"":""PLACE-ARG"",""start"":13,""end"":14},{""role"":""FALSE-EVENT"",""start"":14,""end"":15}],""entities"":[{""type"":""EVE"",""start"":3,""end"":4},{""type"":""LOC"",""start"":5,""end"":6},{""type"":""LOC"",""start"":13,""end"":14},{""type"":""EVE"",""start"":14,""end"":15}]}"
c_84d5deec2daa,"{""n_tokens"":46,""arguments"":[{""role"":""FALSE-EVENT"",""start"":17,""end"":18}],""entities"":[{""type"":""EVE"",""start"":17,""end"":18}]}"
c_98ceb4ee401f,"{""n_tokens"":35,""arguments"":[{""role"":""OFFICER-ARG"",""start"":0,""end"":1},{""role"":""PLACE-ARG"",""start"":4,""end"":6},{""role"":""FALSE-EVENT"",""start"":9,""end"":10},{""role"":""PLACE-ARG"",""start"":11,""end"":14},{""role"":""PLACE-ARG"",""start"":29,""end"":30},{""role"":""OFFICER-ARG"",""start"":34,""end"":35}],""entities"":[{""type"":""ORG"",""start"":0,""end"":1},{""type"":""LOC"",""start"":4,""end"":6},{""type"":""EVE"",""start"":9,""end"":10},{""type"":""LOC"",""start"":11,""end"":14},{""type"":""PLOC"",""start"":29,""end"":30},{""type"":""ORG"",""start"":34,""end"":35}]}"
c_a0c2af7a1ae7,"{""n_tokens"":16,""arguments"":[{""role"":""FALSE-EVENT"",""start"":0,""end"":1}],""entities"":[{""type"":""EVE"",""start"":0,""end"":1}]}"
c_c37dde77ffc1,"{""n_tokens"":13,""arguments"":[{""role"":""FLOOD-EVENT"",""start"":0,""end"":1},{""role"":""INFORMATION-ARG"",""start"":1,""end"":4},{""role"":""PLACE-ARG"",""start"":8,""end"":9}],""entities"":[{""type"":""EVE"",""start"":0,""end"":1},{""type"":""ARG"",""start"":1,""end"":4},{""type"":""LOC"",""start"":8,""end"":9}]}"
c_4b2fbe8556c1,"{""n_tokens"":14,""arguments"":[{""role"":""FALSE-EVENT"",""start"":11,""end"":12},{""role"":""PLACE-ARG"",""start"":13,""end"":14}],""entities"":[{""type"":""EVE"",""start"":11,""end"":12},{""type"":""LOC"",""start"":13,""end"":14}]}"
c_151df30e6662,"{""n_tokens"":9,""arguments"":[{""role"":""FLOOD-EVENT"",""start"":0,""end"":1},{""role"":""PLACE-ARG"",""start"":6,""end"":7}],""entities"":[{""type"":""EVE"",""start"":0,""end"":1},{""type"":""LOC"",""start"":6,""end"":7}]}"
c_436e4e54c051,"{""n_tokens"":28,""arguments"":[{""role"":""FALSE-EVENT"",""start"":25,""end"":26},{""role"":""PLACE-ARG"",""start"":27,""end"":28}],""entities"":[{""type"":""EVE"",""start"":25,""end"":26},{""type"":""LOC"",""start"":27,""end"":28}]}"
c_86dc403d2b23,"{""n_tokens"":37,""arguments"":[{""role"":""FALSE-EVENT"",""start"":18,""end"":19}],""entities"":[{""type"":""EVE"",""start"":18,""end"":19}]}"
c_2361dd0b3dab,"{""n_tokens"":25,""arguments"":[{""role"":""OFFICER-ARG"",""start"":2,""end"":3},{""role"":""PLACE-ARG"",""start"":3,""end"":4},{""role"":""OFFICER-ARG"",""start"":5,""end"":8},{""role"":""FALSE-EVENT"",""start"":17,""end"":19},{""role"":""PLACE-ARG"",""start"":20,""end"":22}],""entities"":[{""type"":""ORG"",""start"":2,""end"":3},{""type"":""PLOC"",""start"":3,""end"":4},{""type"":""ORG"",""start"":5,""end"":8},{""type"":""EVE"",""start"":17,""end"":19},{""type"":""LOC"",""start"":20,""end"":22}]}"
c_4799ffb271ee,"{""n_tokens"":43,""arguments"":[{""role"":""OFFICER-ARG"",""start"":1,""end"":2},{""role"":""PLACE-ARG"",""start"":6,""end"":7},{""role"":""FALSE-EVENT"",""start"":22,""end"":23},{""role"":""PLACE-ARG"",""start"":24,""end"":26},{""role"":""PLACE-ARG"",""start"":38,""end"":39}],""entities"":[{""type"":""ORG"",""start"":1,""end"":2},{""type"":""PLOC"",""start"":6,""end"":7},{""type"":""EVE"",""start"":22,""end"":23},{""type"":""LOC"",""start"":24,""end"":25},{""type"":""LOC"",""start"":25,""end"":26},{""type"":""PLOC"",""start"":38,""end"":39}]}"
c_45a89c6c3222,"{""n_tokens"":9,""arguments"":[{""role"":""FALSE-EVENT"",""start"":4,""end"":5},{""role"":""PLACE-ARG"",""start"":7,""end"":9}],""entities"":[{""type"":""EVE"",""start"":4,""end"":5},{""type"":""LOC"",""start"":7,""end"":9}]}"
c_eec3449eda64,"{""n_tokens"":43,""arguments"":[{""role"":""FALSE-EVENT"",""start"":2,""end"":3}],""entities"":[{""type"":""EVE"",""start"":2,""end"":3}]}"
c_807c61cd8d9b,"{""n_tokens"":33,""arguments"":[{""role"":""AFFECTEDOBJECTS-ARG"",""start"":0,""end"":2},{""role"":""PLACE-ARG"",""start"":3,""end"":9},{""role"":""FLOOD-EVENT"",""start"":11,""end"":12},{""role"":""TIME-ARG"",""start"":12,""end"":13},{""role"":""TIME-ARG"",""start"":14,""end"":15},{""role"":""FLOOD-EVENT"",""start"":23,""end"":24},{""role"":""PLACE-ARG"",""start"":30,""end"":31}],""entities"":[{""type"":""ARG"",""start"":0,""end"":2},{""type"":""LOC"",""start"":3,""end"":5},{""type"":""PLOC"",""start"":5,""end"":7},{""type"":""LOC"",""start"":7,""end"":9},{""type"":""EVE"",""start"":11,""end"":12},{""type"":""ARG"",""start"":12,""end"":13},{""type"":""ARG"",""start"":14,""end"":15},{""type"":""EVE"",""start"":23,""end"":24},{""type"":""LOC"",""start"":30,""end"":31}]}"
c_e1b09ddc96c3,"{""n_tokens"":42,""arguments"":[{""role"":""OFFICER-ARG"",""start"":1,""end"":2},{""role"":""FALSE-EVENT"",""start"":16,""end"":17},{""role"":""OFFICER-ARG"",""start"":29,""end"":30}],""entities"":[{""type"":""ORG"",""start"":1,""end"":2},{""type"":""EVE"",""start"":16,""end"":17}]}"
c_9911d101defc,"{""n_tokens"":36,""arguments"":[{""role"":""FALSE-EVENT"",""start"":19,""end"":20},{""role"":""PLACE-ARG"",""start"":20,""end"":21},{""role"":""PLACE-ARG"",""start"":22,""end"":23},{""role"":""PLACE-ARG"",""start"":26,""end"":27}],""entities"":[{""type"":""EVE"",""start"":19,""end"":20},{""type"":""LOC"",""start"":20,""end"":21},{""type"":""LOC"",""start"":22,""end"":23}]}"
c_c3a988371beb,"{""n_tokens"":35,""arguments"":[{""role"":""FALSE-EVENT"",""start"":4,""end"":5},{""role"":""PLACE-ARG"",""start"":8,""end"":9},{""role"":""OFFICER-ARG"",""start"":26,""end"":27}],""entities"":[{""type"":""EVE"",""start"":4,""end"":5},{""type"":""LOC"",""start"":8,""end"":9},{""type"":""ORG"",""start"":26,""end"":27}]}"
c_4778565ab642,"{""n_tokens"":20,""arguments"":[{""role"":""OFFICER-ARG"",""start"":4,""end"":6},{""role"":""FALSE-EVENT"",""start"":14,""end"":15},{""role"":""PLACE-ARG"",""start"":16,""end"":20}],""entities"":[{""type"":""ORG"",""start"":4,""end"":6},{""type"":""EVE"",""start"":14,""end"":15},{""type"":""LOC"",""start"":16,""end"":18},{""type"":""LOC"",""start"":18,""end"":20}]}"
c_24c1960b7c89,"{""n_tokens"":18,""arguments"":[{""role"":""FALSE-EVENT"",""start"":0,""end"":2},{""role"":""REASON-ARG"",""start"":9,""end"":10},{""role"":""REASON-ARG"",""start"":11,""end"":14}],""entities"":[{""type"":""EVE"",""start"":0,""end"":2},{""type"":""ARG"",""start"":9,""end"":10},{""type"":""ARG"",""start"":11,""end"":14}]}"
c_fed0cb7373c2,"{""n_tokens"":39,""arguments"":[{""role"":""FALSE-EVENT"",""start"":0,""end"":1},{""role"":""OFFICER-ARG"",""start"":29,""end"":31},{""role"":""PLACE-ARG"",""start"":33,""end"":34},{""role"":""PLACE-ARG"",""start"":38,""end"":39}],""entities"":[{""type"":""EVE"",""start"":0,""end"":1},{""type"":""PLOC"",""start"":33,""end"":34},{""type"":""PLOC"",""start"":38,""end"":39}]}"
c_93a255153e33,"{""n_tokens"":39,""arguments"":[{""role"":""FALSE-EVENT"",""start"":3,""end"":4},{""role"":""PLACE-ARG"",""start"":4,""end"":6},{""role"":""PLACE-ARG"",""start"":8,""end"":10},{""role"":""TIME-ARG"",""start"":11,""end"":12},{""role"":""TIME-ARG"",""start"":13,""end"":14},{""role"":""OFFICER-ARG"",""start"":20,""end"":21},{""role"":""FALSE-EVENT"",""start"":31,""end"":33}],""entities"":[{""type"":""EVE"",""start"":3,""end"":4},{""type"":""LOC"",""start"":4,""end"":6},{""type"":""LOC"",""start"":8,""end"":10},{""type"":""ARG"",""start"":11,""end"":12},{""type"":""ARG"",""start"":13,""end"":14},{""type"":""ORG"",""start"":20,""end"":21},{""type"":""EVE"",""start"":31,""end"":33}]}"
c_97a48320d195,"{""n_tokens"":38,""arguments"":[{""role"":""FALSE-EVENT"",""start"":17,""end"":18},{""role"":""PLACE-ARG"",""start"":19,""end"":21}],""entities"":[{""type"":""EVE"",""start"":17,""end"":18},{""type"":""LOC"",""start"":19,""end"":21}]}"
c_2c5d2a51227b,"{""n_tokens"":16,""arguments"":[{""role"":""FALSE-EVENT"",""start"":5,""end"":6}],""entities"":[{""type"":""EVE"",""start"":5,""end"":6}]}"
c_8e707f9365a8,"{""n_tokens"":10,""arguments"":[{""role"":""DEATHVICTIM-ARG"",""start"":0,""end"":3},{""role"":""FLOOD-EVENT"",""start"":6,""end"":7},{""role"":""PLACE-ARG"",""start"":8,""end"":10}],""entities"":[{""type"":""ARG"",""start"":0,""end"":3},{""type"":""EVE"",""start"":6,""end"":7},{""type"":""LOC"",""start"":8,""end"":10}]}"
c_dc724132ddea,"{""n_tokens"":33,""arguments"":[{""role"":""FALSE-EVENT"",""start"":2,""end"":3},{""role"":""PLACE-ARG"",""start"":7,""end"":9},{""role"":""FALSE-EVENT"",""start"":26,""end"":27},{""role"":""PLACE-ARG"",""start"":28,""end"":30}],""entities"":[{""type"":""EVE"",""start"":2,""end"":3},{""type"":""LOC"",""start"":7,""end"":9},{""type"":""EVE"",""start"":26,""end"":27},{""type"":""LOC"",""start"":28,""end"":30}]}"
c_0d3f49e03bce,"{""n_tokens"":12,""arguments"":[{""role"":""FLOOD-EVENT"",""start"":7,""end"":8},{""role"":""PLACE-ARG"",""start"":9,""end"":10},{""role"":""DEATHVICTIM-ARG"",""start"":11,""end"":12}],""entities"":[{""type"":""EVE"",""start"":7,""end"":8},{""type"":""LOC"",""start"":9,""end"":10},{""type"":""ARG"",""start"":11,""end"":12}]}"
c_f8fa585017f8,"{""n_tokens"":21,""arguments"":[{""role"":""FLOOD-EVENT"",""start"":0,""end"":1},{""role"":""PLACE-ARG"",""start"":2,""end"":8}],""entities"":[{""type"":""EVE"",""start"":0,""end"":1},{""type"":""LOC"",""start"":2,""end"":3},{""type"":""LOC"",""start"":3,""end"":5},{""type"":""LOC"",""start"":5,""end"":8}]}"
c_a2a76bf3f7ef,"{""n_tokens"":46,""arguments"":[{""role"":""FLOOD-EVENT"",""start"":1,""end"":2},{""role"":""PLACE-ARG"",""start"":7,""end"":9},{""role"":""PLACE-ARG"",""start"":10,""end"":16},{""role"":""AFFECTEDOBJECTS-ARG"",""start"":22,""end"":24},{""role"":""PLACE-ARG"",""start"":25,""end"":27},{""role"":""FLOOD-EVENT"",""start"":29,""end"":30},{""role"":""DEATHVICTIM-ARG"",""start"":30,""end"":34},{""role"":""FLOOD-EVENT"",""start"":36,""end"":37},{""role"":""WOUNDVICTIM-ARG"",""start"":40,""end"":42}],""entities"":[{""type"":""EVE"",""start"":1,""end"":2},{""type"":""LOC"",""start"":7,""end"":9},{""type"":""LOC"",""start"":10,""end"":12},{""type"":""PLOC"",""start"":12,""end"":14},{""type"":""PLOC"",""start"":14,""end"":16},{""type"":""ARG"",""start"":17,""end"":19},{""type"":""ARG"",""start"":19,""end"":21},{""type"":""ARG"",""start"":22,""end"":24},{""type"":""LOC"",""start"":25,""end"":27},{""type"":""EVE"",""start"":29,""end"":30},{""type"":""ARG"",""start"":30,""end"":34},{""type"":""EVE"",""start"":36,""end"":37},{""type"":""ARG"",""start"":40,""end"":42}]}"
c_c70c1657adf8,"{""n_tokens"":10,""arguments"":[{""role"":""FLOOD-EVENT"",""start"":7,""end"":8},{""role"":""PLACE-ARG"",""start"":9,""end"":10}],""entities"":[{""type"":""EVE"",""start"":7,""end"":8},{""type"":""LOC"",""start"":9,""end"":10}]}"
c_b53709e85a32,"{""n_tokens"":15,""arguments"":[{""role"":""FALSE-EVENT"",""start"":3,""end"":4},{""role"":""OFFICER-ARG"",""start"":7,""end"":8},{""role"":""PLACE-ARG"",""start"":12,""end"":14}],""entities"":[{""type"":""EVE"",""start"":3,""end"":4},{""type"":""ORG"",""start"":7,""end"":8},{""type"":""LOC"",""start"":12,""end"":14}]}"
c_2317d4b91bdb,"{""n_tokens"":23,""arguments"":[{""role"":""FLOOD-EVENT"",""start"":2,""end"":3},{""role"":""PLACE-ARG"",""start"":4,""end"":10}],""entities"":[{""type"":""EVE"",""start"":2,""end"":3},{""type"":""LOC"",""start"":4,""end"":5},{""type"":""LOC"",""start"":5,""end"":7},{""type"":""PLOC"",""start"":7,""end"":10}]}"
c_a7ccf2710d37,"{""n_tokens"":37,""arguments"":[{""role"":""PLACE-ARG"",""start"":8,""end"":9},{""role"":""FALSE-EVENT"",""start"":29,""end"":30},{""role"":""PLACE-ARG"",""start"":31,""end"":34}],""entities"":[{""type"":""LOC"",""start"":8,""end"":9},{""type"":""EVE"",""start"":29,""end"":30},{""type"":""LOC"",""start"":31,""end"":32},{""type"":""LOC"",""start"":32,""end"":33},{""type"":""LOC"",""start"":33,""end"":34}]}"
c_c1f0d9e641c1,"{""n_tokens"":24,""arguments"":[{""role"":""FALSE-EVENT"",""start"":0,""end"":1},{""role"":""FALSE-EVENT"",""start"":21,""end"":22}],""entities"":[{""type"":""EVE"",""start"":0,""end"":1},{""type"":""EVE"",""start"":21,""end"":22}]}"
c_6963397c8925,"{""n_tokens"":39,""arguments"":[{""role"":""FLOOD-EVENT"",""start"":21,""end"":23},{""role"":""PLACE-ARG"",""start"":25,""end"":27},{""role"":""PLACE-ARG"",""start"":32,""end"":34}],""entities"":[{""type"":""EVE"",""start"":21,""end"":23},{""type"":""LOC"",""start"":25,""end"":27},{""type"":""LOC"",""start"":32,""end"":34}]}"
c_ccad3117bae3,"{""n_tokens"":31,""arguments"":[{""role"":""FALSE-EVENT"",""start"":3,""end"":4}],""entities"":[{""type"":""EVE"",""start"":3,""end"":4}]}"
c_6c5f33de89f4,"{""n_tokens"":11,""arguments"":[{""role"":""FLOOD-EVENT"",""start"":3,""end"":4},{""role"":""PLACE-ARG"",""start"":5,""end"":6},{""role"":""INFORMATION-ARG"",""start"":6,""end"":9}],""entities"":[{""type"":""EVE"",""start"":3,""end"":4},{""type"":""LOC"",""start"":5,""end"":6},{""type"":""ARG"",""start"":6,""end"":9}]}"
c_bcf52b384e8a,"{""n_tokens"":39,""arguments"":[{""role"":""FALSE-EVENT"",""start"":8,""end"":9},{""role"":""PLACE-ARG"",""start"":19,""end"":20}],""entities"":[{""type"":""EVE"",""start"":8,""end"":9},{""type"":""PLOC"",""start"":19,""end"":20}]}"
c_f4a80aa6bf3d,"{""n_tokens"":22,""arguments"":[{""role"":""OFFICER-ARG"",""start"":1,""end"":2},{""role"":""PLACE-ARG"",""start"":2,""end"":3},{""role"":""FALSE-EVENT"",""start"":7,""end"":8}],""entities"":[{""type"":""ORG"",""start"":1,""end"":2},{""type"":""PLOC"",""start"":2,""end"":3},{""type"":""EVE"",""start"":7,""end"":8}]}"
c_900f8d950ba0,"{""n_tokens"":15,""arguments"":[{""role"":""FALSE-EVENT"",""start"":2,""end"":3},{""role"":""PLACE-ARG"",""start"":4,""end"":5},{""role"":""PLACE-ARG"",""start"":14,""end"":15}],""entities"":[{""type"":""EVE"",""start"":2,""end"":3},{""type"":""PLOC"",""start"":4,""end"":5},{""type"":""PLOC"",""start"":14,""end"":15}]}"
c_1ca3f7d97319,"{""n_tokens"":44,""arguments"":[{""role"":""TIME-ARG"",""start"":11,""end"":12},{""role"":""FALSE-EVENT"",""start"":16,""end"":17},{""role"":""PLACE-ARG"",""start"":21,""end"":22},{""role"":""PLACE-ARG"",""start"":23,""end"":24}],""entities"":[{""type"":""ARG"",""start"":11,""end"":12},{""type"":""EVE"",""start"":16,""end"":17},{""type"":""LOC"",""start"":21,""end"":22},{""type"":""LOC"",""start"":23,""end"":24}]}"
c_9738962be2df,"{""n_tokens"":31,""arguments"":[{""role"":""OFFICER-ARG"",""start"":8,""end"":10},{""role"":""PLACE-ARG"",""start"":10,""end"":11},{""role"":""OFFICER-ARG"",""start"":11,""end"":13},{""role"":""FALSE-EVENT"",""start"":18,""end"":19},{""role"":""PLACE-ARG"",""start"":20,""end"":21},{""role"":""PLACE-ARG"",""start"":22,""end"":23},{""role"":""OFFICER-ARG"",""start"":24,""end"":26}],""entities"":[{""type"":""ORG"",""start"":8,""end"":10},{""type"":""PLOC"",""start"":10,""end"":11},{""type"":""ORG"",""start"":11,""end"":13},{""type"":""EVE"",""start"":18,""end"":19},{""type"":""LOC"",""start"":20,""end"":21},{""type"":""LOC"",""start"":22,""end"":23},{""type"":""ORG"",""start"":24,""end"":26}]}"
c_cf331d60191f,"{""n_tokens"":40,""arguments"":[{""role"":""FALSE-EVENT"",""start"":20,""end"":21},{""role"":""PLACE-ARG"",""start"":37,""end"":40}],""entities"":[{""type"":""EVE"",""start"":20,""end"":21},{""type"":""LOC"",""start"":37,""end"":39},{""type"":""PLOC"",""start"":39,""end"":40}]}"
c_ad43bc56ed27,"{""n_tokens"":24,""arguments"":[{""role"":""OFFICER-ARG"",""start"":1,""end"":2},{""role"":""FALSE-EVENT"",""start"":6,""end"":7},{""role"":""PLACE-ARG"",""start"":8,""end"":10},{""role"":""OFFICER-ARG"",""start"":10,""end"":11},{""role"":""FALSE-EVENT"",""start"":16,""end"":18},{""role"":""PLACE-ARG"",""start"":20,""end"":24}],""entities"":[{""type"":""ORG"",""start"":1,""end"":2},{""type"":""EVE"",""start"":6,""end"":7},{""type"":""LOC"",""start"":8,""end"":10},{""type"":""ORG"",""start"":10,""end"":11},{""type"":""EVE"",""start"":16,""end"":18},{""type"":""LOC"",""start"":20,""end"":22},{""type"":""LOC"",""start"":22,""end"":24}]}"
c_19ad1e0e8b36,"{""n_tokens"":9,""arguments"":[{""role"":""OFFICER-ARG"",""start"":0,""end"":2},{""role"":""FALSE-EVENT"",""start"":5,""end"":6},{""role"":""PLACE-ARG"",""start"":7,""end"":9}],""entities"":[{""type"":""ORG"",""start"":0,""end"":2},{""type"":""EVE"",""start"":5,""end"":6},{""type"":""LOC"",""start"":7,""end"":9}]}"
c_c5c086fd3290,"{""n_tokens"":28,""arguments"":[{""role"":""PLACE-ARG"",""start"":6,""end"":7},{""role"":""FALSE-EVENT"",""start"":19,""end"":20},{""role"":""PLACE-ARG"",""start"":21,""end"":22}],""entities"":[{""type"":""PLOC"",""start"":6,""end"":7},{""type"":""EVE"",""start"":19,""end"":20},{""type"":""LOC"",""start"":21,""end"":22}]}"
c_9e054a17d0ff,"{""n_tokens"":26,""arguments"":[{""role"":""FLOOD-EVENT"",""start"":3,""end"":4},{""role"":""PLACE-ARG"",""start"":5,""end"":9}],""entities"":[{""type"":""EVE"",""start"":3,""end"":4},{""type"":""LOC"",""start"":5,""end"":7},{""type"":""PLOC"",""start"":7,""end"":9}]}"
c_35bb758d25bb,"{""n_tokens"":27,""arguments"":[{""role"":""FALSE-EVENT"",""start"":4,""end"":6},{""role"":""PLACE-ARG"",""start"":7,""end"":8},{""role"":""OFFICER-ARG"",""start"":11,""end"":12},{""role"":""OFFICER-ARG"",""start"":18,""end"":19}],""entities"":[{""type"":""EVE"",""start"":4,""end"":6},{""type"":""LOC"",""start"":7,""end"":8},{""type"":""ORG"",""start"":11,""end"":12},{""type"":""ORG"",""start"":18,""end"":19}]}"
c_ca5d478c2311,"{""n_tokens"":41,""arguments"":[{""role"":""OFFICER-ARG"",""start"":0,""end"":1},{""role"":""OFFICER-ARG"",""start"":6,""end"":7},{""role"":""FALSE-EVENT"",""start"":12,""end"":13},{""role"":""PLACE-ARG"",""start"":14,""end"":23},{""role"":""PLACE-ARG"",""start"":24,""end"":25},{""role"":""FALSE-EVENT"",""start"":37,""end"":38}],""entities"":[{""type"":""ORG"",""start"":0,""end"":1},{""type"":""ORG"",""start"":6,""end"":7},{""type"":""EVE"",""start"":12,""end"":13},{""type"":""LOC"",""start"":14,""end"":16},{""type"":""PLOC"",""start"":16,""end"":18},{""type"":""PLOC"",""start"":18,""end"":21},{""type"":""PLOC"",""start"":21,""end"":23},{""type"":""PLOC"",""start"":24,""end"":25},{""type"":""EVE"",""start"":37,""end"":38}]}"
c_81d43b235a71,"{""n_tokens"":12,""arguments"":[{""role"":""OFFICER-ARG"",""start"":0,""end"":1},{""role"":""FLOOD-EVENT"",""start"":2,""end"":4},{""role"":""PLACE-ARG"",""start"":5,""end"":6},{""role"":""REASON-ARG"",""start"":7,""end"":10}],""entities"":[{""type"":""ORG"",""start"":0,""end"":1},{""type"":""EVE"",""start"":2,""end"":4},{""type"":""LOC"",""start"":5,""end"":6},{""type"":""ARG"",""start"":7,""end"":10}]}"
c_68bbeaf20920,"{""n_tokens"":8,""arguments"":[{""role"":""FLOOD-EVENT"",""start"":4,""end"":5},{""role"":""PLACE-ARG"",""start"":6,""end"":8}],""entities"":[{""type"":""EVE"",""start"":4,""end"":5},{""type"":""LOC"",""start"":6,""end"":8}]}"
c_a90ee14eac4e,"{""n_tokens"":34,""arguments"":[{""role"":""OFFICER-ARG"",""start"":0,""end"":1},{""role"":""OFFICER-ARG"",""start"":3,""end"":4},{""role"":""FALSE-EVENT"",""start"":6,""end"":7},{""role"":""PLACE-ARG"",""start"":8,""end"":10},{""role"":""OFFICER-ARG"",""start"":10,""end"":11},{""role"":""FALSE-EVENT"",""start"":31,""end"":32}],""entities"":[{""type"":""ORG"",""start"":0,""end"":1},{""type"":""ORG"",""start"":3,""end"":4},{""type"":""EVE"",""start"":6,""end"":7},{""type"":""LOC"",""start"":8,""end"":10},{""type"":""ORG"",""start"":10,""end"":11},{""type"":""EVE"",""start"":31,""end"":32}]}"
c_f48326a78a2a,"{""n_tokens"":12,""arguments"":[{""role"":""REASON-ARG"",""start"":0,""end"":2},{""role"":""FLOOD-EVENT"",""start"":2,""end"":3},{""role"":""PLACE-ARG"",""start"":8,""end"":12}],""entities"":[{""type"":""ARG"",""start"":0,""end"":2},{""type"":""EVE"",""start"":2,""end"":3},{""type"":""LOC"",""start"":8,""end"":10},{""type"":""LOC"",""start"":10,""end"":12}]}"
c_6df246f962bc,"{""n_tokens"":19,""arguments"":[{""role"":""FLOOD-EVENT"",""start"":7,""end"":8},{""role"":""PLACE-ARG"",""start"":11,""end"":14},{""role"":""TIME-ARG"",""start"":16,""end"":19}],""entities"":[{""type"":""EVE"",""start"":7,""end"":8},{""type"":""LOC"",""start"":11,""end"":14},{""type"":""ARG"",""start"":16,""end"":19}]}"
c_11923b244929,"{""n_tokens"":10,""arguments"":[{""role"":""REASON-ARG"",""start"":0,""end"":2},{""role"":""FLOOD-EVENT"",""start"":3,""end"":5},{""role"":""PLACE-ARG"",""start"":6,""end"":7}],""entities"":[{""type"":""ARG"",""start"":0,""end"":2},{""type"":""EVE"",""start"":3,""end"":5},{""type"":""LOC"",""start"":6,""end"":7}]}"
c_522535427c72,"{""n_tokens"":38,""arguments"":[{""role"":""OFFICER-ARG"",""start"":0,""end"":2},{""role"":""FALSE-EVENT"",""start"":14,""end"":15},{""role"":""PLACE-ARG"",""start"":16,""end"":17},{""role"":""TIME-ARG"",""start"":18,""end"":21},{""role"":""PLACE-ARG"",""start"":37,""end"":38}],""entities"":[{""type"":""ORG"",""start"":0,""end"":2},{""type"":""EVE"",""start"":14,""end"":15},{""type"":""LOC"",""start"":16,""end"":17},{""type"":""ARG"",""start"":18,""end"":21},{""type"":""PLOC"",""start"":37,""end"":38}]}"
c_cda5c7810498,"{""n_tokens"":15,""arguments"":[{""role"":""OFFICER-ARG"",""start"":2,""end"":4},{""role"":""PLACE-ARG"",""start"":4,""end"":6},{""role"":""FLOOD-EVENT"",""start"":9,""end"":10},{""role"":""PLACE-ARG"",""start"":11,""end"":15}],""entities"":[{""type"":""ORG"",""start"":2,""end"":3},{""type"":""ORG"",""start"":3,""end"":4},{""type"":""PLOC"",""start"":4,""end"":6},{""type"":""EVE"",""start"":9,""end"":10},{""type"":""LOC"",""start"":11,""end"":12},{""type"":""LOC"",""start"":12,""end"":15}]}"
c_5313d8aeab8e,"{""n_tokens"":36,""arguments"":[{""role"":""FALSE-EVENT"",""start"":5,""end"":6}],""entities"":[{""type"":""EVE"",""start"":5,""end"":6}]}"
c_23baa6d39b9d,"{""n_tokens"":20,""arguments"":[{""role"":""FALSE-EVENT"",""start"":9,""end"":10}],""entities"":[{""type"":""EVE"",""start"":9,""end"":10}]}"
c_3cd07cc82ab0,"{""n_tokens"":9,""arguments"":[{""role"":""OFFICER-ARG"",""start"":0,""end"":3},{""role"":""FALSE-EVENT"",""start"":6,""end"":7},{""role"":""PLACE-ARG"",""start"":8,""end"":9}],""entities"":[{""type"":""EVE"",""start"":6,""end"":7},{""type"":""LOC"",""start"":8,""end"":9}]}"
c_188e8491eb4c,"{""n_tokens"":37,""arguments"":[{""role"":""OFFICER-ARG"",""start"":6,""end"":7},{""role"":""FALSE-EVENT"",""start"":25,""end"":27}],""entities"":[{""type"":""ORG"",""start"":4,""end"":5},{""type"":""ORG"",""start"":6,""end"":7},{""type"":""EVE"",""start"":25,""end"":27}]}"
c_7eab0d09b611,"{""n_tokens"":32,""arguments"":[{""role"":""FALSE-EVENT"",""start"":5,""end"":6}],""entities"":[{""type"":""EVE"",""start"":5,""end"":6}]}"
c_168d19864598,"{""n_tokens"":13,""arguments"":[{""role"":""FALSE-EVENT"",""start"":5,""end"":6},{""role"":""PLACE-ARG"",""start"":7,""end"":11}],""entities"":[{""type"":""EVE"",""start"":5,""end"":6},{""type"":""LOC"",""start"":7,""end"":9},{""type"":""LOC"",""start"":9,""end"":11}]}"
c_7173ef34fec8,"{""n_tokens"":11,""arguments"":[{""role"":""FALSE-EVENT"",""start"":1,""end"":2}],""entities"":[{""type"":""EVE"",""start"":1,""end"":2}]}"
c_547c7abd5713,"{""n_tokens"":16,""arguments"":[{""role"":""OFFICER-ARG"",""start"":0,""end"":2},{""role"":""FLOOD-EVENT"",""start"":5,""end"":6},{""role"":""PLACE-ARG"",""start"":10,""end"":14}],""entities"":[{""type"":""ORG"",""start"":0,""end"":2},{""type"":""EVE"",""start"":5,""end"":6},{""type"":""LOC"",""start"":10,""end"":12},{""type"":""PLOC"",""start"":12,""end"":14}]}"
c_0f492dde40e9,"{""n_tokens"":12,""arguments"":[{""role"":""FALSE-EVENT"",""start"":1,""end"":2},{""role"":""PLACE-ARG"",""start"":2,""end"":3},{""role"":""OFFICER-ARG"",""start"":3,""end"":5},{""role"":""PLACE-ARG"",""start"":5,""end"":6},{""role"":""PLACE-ARG"",""start"":10,""end"":12}],""entities"":[{""type"":""EVE"",""start"":1,""end"":2},{""type"":""LOC"",""start"":2,""end"":3},{""type"":""ORG"",""start"":3,""end"":5},{""type"":""PLOC"",""start"":5,""end"":6}]}"
c_7536dfadb4f7,"{""n_tokens"":32,""arguments"":[{""role"":""OFFICER-ARG"",""start"":1,""end"":3},{""role"":""FALSE-EVENT"",""start"":10,""end"":11},{""role"":""PLACE-ARG"",""start"":11,""end"":12},{""role"":""PLACE-ARG"",""start"":13,""end"":15},{""role"":""PLACE-ARG"",""start"":16,""end"":17},{""role"":""OFFICER-ARG"",""start"":19,""end"":21},{""role"":""PLACE-ARG"",""start"":27,""end"":28}],""entities"":[{""type"":""ORG"",""start"":1,""end"":3},{""type"":""EVE"",""start"":10,""end"":11},{""type"":""LOC"",""start"":11,""end"":12},{""type"":""LOC"",""start"":13,""end"":15},{""type"":""ORG"",""start"":19,""end"":21},{""type"":""PLOC"",""start"":27,""end"":28}]}"
c_568299b23caf,"{""n_tokens"":12,""arguments"":[{""role"":""OFFICER-ARG"",""start"":0,""end"":1},{""role"":""FALSE-EVENT"",""start"":3,""end"":4},{""role"":""PLACE-ARG"",""start"":9,""end"":10}],""entities"":[{""type"":""ORG"",""start"":0,""end"":1},{""type"":""EVE"",""start"":3,""end"":4},{""type"":""LOC"",""start"":9,""end"":10}]}"
c_ce5bdb419ab1,"{""n_tokens"":8,""arguments"":[{""role"":""FALSE-EVENT"",""start"":1,""end"":2}],""entities"":[{""type"":""EVE"",""start"":1,""end"":2}]}"
c_4df1d99f5130,"{""n_tokens"":16,""arguments"":[{""role"":""FALSE-EVENT"",""start"":5,""end"":6}],""entities"":[{""type"":""EVE"",""start"":5,""end"":6}]}"
c_e0fed8579c89,"{""n_tokens"":39,""arguments"":[{""role"":""FALSE-EVENT"",""start"":21,""end"":22}],""entities"":[{""type"":""EVE"",""start"":21,""end"":22}]}"
c_e87bb45593b6,"{""n_tokens"":8,""arguments"":[{""role"":""FALSE-EVENT"",""start"":1,""end"":2}],""entities"":[{""type"":""EVE"",""start"":1,""end"":2}]}"
c_515ae3090189,"{""n_tokens"":24,""arguments"":[{""role"":""FALSE-EVENT"",""start"":2,""end"":3},{""role"":""OFFICER-ARG"",""start"":4,""end"":5},{""role"":""PLACE-ARG"",""start"":5,""end"":6},{""role"":""FLOOD-EVENT"",""start"":9,""end"":10},{""role"":""PLACE-ARG"",""start"":14,""end"":20},{""role"":""TIME-ARG"",""start"":20,""end"":24}],""entities"":[{""type"":""EVE"",""start"":2,""end"":3},{""type"":""ORG"",""start"":4,""end"":5},{""type"":""PLOC"",""start"":5,""end"":6},{""type"":""EVE"",""start"":9,""end"":10},{""type"":""LOC"",""start"":14,""end"":16},{""type"":""PLOC"",""start"":16,""end"":18},{""type"":""PLOC"",""start"":18,""end"":20},{""type"":""ARG"",""start"":20,""end"":21},{""type"":""ARG"",""start"":21,""end"":24}]}"
c_cd9ac3db977e,"{""n_tokens"":41,""arguments"":[{""role"":""FALSE-EVENT"",""start"":28,""end"":29}],""entities"":[{""type"":""EVE"",""start"":28,""end"":29}]}"
c_26e6af06fab7,"{""n_tokens"":24,""arguments"":[{""role"":""FALSE-EVENT"",""start"":5,""end"":6},{""role"":""FALSE-EVENT"",""start"":21,""end"":22}],""entities"":[{""type"":""EVE"",""start"":5,""end"":6},{""type"":""EVE"",""start"":21,""end"":22}]}"
c_c21e06a29e06,"{""n_tokens"":46,""arguments"":[{""role"":""FALSE-EVENT"",""start"":18,""end"":19},{""role"":""PLACE-ARG"",""start"":20,""end"":21}],""entities"":[{""type"":""EVE"",""start"":18,""end"":19},{""type"":""LOC"",""start"":20,""end"":21}]}"
c_3bd2c3e2b55f,"{""n_tokens"":16,""arguments"":[{""role"":""TIME-ARG"",""start"":1,""end"":2},{""role"":""FALSE-EVENT"",""start"":5,""end"":6},{""role"":""PLACE-ARG"",""start"":7,""end"":8}],""entities"":[{""type"":""ARG"",""start"":1,""end"":2},{""type"":""EVE"",""start"":5,""end"":6},{""type"":""LOC"",""start"":7,""end"":8}]}"
c_12a05df013be,"{""n_tokens"":27,""arguments"":[{""role"":""FALSE-EVENT"",""start"":7,""end"":8},{""role"":""FALSE-EVENT"",""start"":9,""end"":10}],""entities"":[{""type"":""EVE"",""start"":7,""end"":8},{""type"":""EVE"",""start"":9,""end"":10}]}"
c_781cd390ace8,"{""n_tokens"":12,""arguments"":[{""role"":""FALSE-EVENT"",""start"":1,""end"":2}],""entities"":[{""type"":""EVE"",""start"":1,""end"":2}]}"
c_96860d8fbfc9,"{""n_tokens"":12,""arguments"":[{""role"":""FALSE-EVENT"",""start"":3,""end"":4},{""role"":""PLACE-ARG"",""start"":5,""end"":6}],""entities"":[{""type"":""EVE"",""start"":3,""end"":4},{""type"":""LOC"",""start"":5,""end"":6}]}"
c_6d442447d7ea,"{""n_tokens"":16,""arguments"":[{""role"":""FALSE-EVENT"",""start"":3,""end"":4},{""role"":""PLACE-ARG"",""start"":15,""end"":16}],""entities"":[{""type"":""EVE"",""start"":3,""end"":4},{""type"":""PLOC"",""start"":15,""end"":16}]}"
c_3766fc5bcb3d,"{""n_tokens"":46,""arguments"":[{""role"":""FALSE-EVENT"",""start"":25,""end"":26},{""role"":""FALSE-EVENT"",""start"":41,""end"":42}],""entities"":[{""type"":""EVE"",""start"":25,""end"":26},{""type"":""EVE"",""start"":41,""end"":42}]}"
c_0375e13b2ddc,"{""n_tokens"":26,""arguments"":[{""role"":""FALSE-EVENT"",""start"":3,""end"":4},{""role"":""PLACE-ARG"",""start"":5,""end"":6},{""role"":""DEATHVICTIM-ARG"",""start"":9,""end"":11},{""role"":""FALSE-EVENT"",""start"":23,""end"":24}],""entities"":[{""type"":""EVE"",""start"":3,""end"":4},{""type"":""LOC"",""start"":5,""end"":6},{""type"":""ARG"",""start"":9,""end"":11},{""type"":""EVE"",""start"":23,""end"":24}]}"
c_96ca419341b5,"{""n_tokens"":10,""arguments"":[{""role"":""PLACE-ARG"",""start"":2,""end"":3},{""role"":""PLACE-ARG"",""start"":4,""end"":5},{""role"":""FALSE-EVENT"",""start"":7,""end"":8},{""role"":""PLACE-ARG"",""start"":9,""end"":10}],""entities"":[{""type"":""PLOC"",""start"":2,""end"":3},{""type"":""PLOC"",""start"":4,""end"":5},{""type"":""EVE"",""start"":7,""end"":8},{""type"":""LOC"",""start"":9,""end"":10}]}"
c_e324b9b55d6c,"{""n_tokens"":22,""arguments"":[{""role"":""FALSE-EVENT"",""start"":1,""end"":2}],""entities"":[{""type"":""EVE"",""start"":1,""end"":2}]}"
c_0bfad02bf5b4,"{""n_tokens"":26,""arguments"":[{""role"":""FALSE-EVENT"",""start"":5,""end"":6},{""role"":""FALSE-EVENT"",""start"":20,""end"":21}],""entities"":[{""type"":""EVE"",""start"":5,""end"":6},{""type"":""EVE"",""start"":20,""end"":21}]}"
c_7d90bfff412b,"{""n_tokens"":7,""arguments"":[{""role"":""OFFICER-ARG"",""start"":0,""end"":1},{""role"":""PLACE-ARG"",""start"":1,""end"":2},{""role"":""FLOOD-EVENT"",""start"":4,""end"":5},{""role"":""PLACE-ARG"",""start"":6,""end"":7}],""entities"":[{""type"":""ORG"",""start"":0,""end"":1},{""type"":""PLOC"",""start"":1,""end"":2},{""type"":""EVE"",""start"":4,""end"":5},{""type"":""LOC"",""start"":6,""end"":7}]}"
c_4138194e810b,"{""n_tokens"":40,""arguments"":[{""role"":""FALSE-EVENT"",""start"":16,""end"":17}],""entities"":[{""type"":""EVE"",""start"":16,""end"":17}]}"
c_7146280b94b5,"{""n_tokens"":40,""arguments"":[{""role"":""FALSE-EVENT"",""start"":8,""end"":9},{""role"":""PLACE-ARG"",""start"":10,""end"":11},{""role"":""FALSE-EVENT"",""start"":15,""end"":16},{""role"":""PLACE-ARG"",""start"":17,""end"":19},{""role"":""STREET-ARG"",""start"":26,""end"":29},{""role"":""PLACE-ARG"",""start"":29,""end"":31}],""entities"":[{""type"":""EVE"",""start"":8,""end"":9},{""type"":""EVE"",""start"":15,""end"":16},{""type"":""PLOC"",""start"":17,""end"":19},{""type"":""ARG"",""start"":26,""end"":29},{""type"":""LOC"",""start"":29,""end"":31}]}"
c_34b3830307d4,"{""n_tokens"":35,""arguments"":[{""role"":""FALSE-EVENT"",""start"":10,""end"":11},{""role"":""PLACE-ARG"",""start"":12,""end"":13},{""role"":""TIME-ARG"",""start"":14,""end"":16},{""role"":""PLACE-ARG"",""start"":34,""end"":35}],""entities"":[{""type"":""EVE"",""start"":10,""end"":11},{""type"":""LOC"",""start"":12,""end"":13},{""type"":""ARG"",""start"":14,""end"":16},{""type"":""PLOC"",""start"":34,""end"":35}]}"
c_4fffe68b49cf,"{""n_tokens"":17,""arguments"":[{""role"":""FALSE-EVENT"",""start"":2,""end"":3},{""role"":""PLACE-ARG"",""start"":4,""end"":5},{""role"":""OFFICER-ARG"",""start"":5,""end"":8},{""role"":""OFFICER-ARG"",""start"":9,""end"":10},{""role"":""PLACE-ARG"",""start"":10,""end"":11}],""entities"":[{""type"":""EVE"",""start"":2,""end"":3},{""type"":""LOC"",""start"":4,""end"":5},{""type"":""ORG"",""start"":5,""end"":8},{""type"":""ORG"",""start"":9,""end"":10},{""type"":""PLOC"",""start"":10,""end"":11}]}"
c_cc79c8e7c68e,"{""n_tokens"":9,""arguments"":[{""role"":""FALSE-EVENT"",""start"":4,""end"":5},{""role"":""PLACE-ARG"",""start"":6,""end"":9}],""entities"":[{""type"":""EVE"",""start"":4,""end"":5},{""type"":""LOC"",""start"":6,""end"":9}]}"
c_c86a17b77fb6,"{""n_tokens"":41,""arguments"":[{""role"":""FALSE-EVENT"",""start"":13,""end"":14},{""role"":""TIME-ARG"",""start"":14,""end"":15}],""entities"":[{""type"":""EVE"",""start"":13,""end"":14},{""type"":""ARG"",""start"":14,""end"":15}]}"
c_6cab7abc819d,"{""n_tokens"":32,""arguments"":[{""role"":""FALSE-EVENT"",""start"":10,""end"":11},{""role"":""FALSE-EVENT"",""start"":13,""end"":14},{""role"":""PLACE-ARG"",""start"":21,""end"":22}],""entities"":[{""type"":""EVE"",""start"":10,""end"":11},{""type"":""EVE"",""start"":13,""end"":14},{""type"":""PLOC"",""start"":21,""end"":22}]}"
c_b76c104ceafa,"{""n_tokens"":35,""arguments"":[{""role"":""FALSE-EVENT"",""start"":13,""end"":14},{""role"":""PLACE-ARG"",""start"":15,""end"":17}],""entities"":[{""type"":""EVE"",""start"":13,""end"":14},{""type"":""LOC"",""start"":15,""end"":17}]}"
c_8b2e14777ed5,"{""n_tokens"":8,""arguments"":[{""role"":""FLOOD-EVENT"",""start"":1,""end"":2},{""role"":""AFFECTEDOBJECTS-ARG"",""start"":3,""end"":5},{""role"":""PLACE-ARG"",""start"":6,""end"":8}],""entities"":[{""type"":""EVE"",""start"":1,""end"":2},{""type"":""ARG"",""start"":3,""end"":5},{""type"":""LOC"",""start"":6,""end"":8}]}"
c_c0934b11b020,"{""n_tokens"":38,""arguments"":[{""role"":""OFFICER-ARG"",""start"":2,""end"":5},{""role"":""OFFICER-ARG"",""start"":12,""end"":15},{""role"":""FALSE-EVENT"",""start"":21,""end"":22},{""role"":""PLACE-ARG"",""start"":23,""end"":24}],""entities"":[{""type"":""ORG"",""start"":2,""end"":4},{""type"":""ORG"",""start"":14,""end"":15},{""type"":""EVE"",""start"":21,""end"":22},{""type"":""LOC"",""start"":23,""end"":24},{""type"":""ORG"",""start"":35,""end"":36}]}"
c_59cd773f97e2,"{""n_tokens"":30,""arguments"":[{""role"":""FALSE-EVENT"",""start"":7,""end"":8},{""role"":""FALSE-EVENT"",""start"":14,""end"":15},{""role"":""FALSE-EVENT"",""start"":20,""end"":21}],""entities"":[{""type"":""EVE"",""start"":7,""end"":8},{""type"":""EVE"",""start"":14,""end"":15},{""type"":""EVE"",""start"":20,""end"":21}]}"
c_8bb5c78b5ed6,"{""n_tokens"":15,""arguments"":[{""role"":""FALSE-EVENT"",""start"":10,""end"":11},{""role"":""PLACE-ARG"",""start"":13,""end"":15}],""entities"":[{""type"":""EVE"",""start"":10,""end"":11},{""type"":""LOC"",""start"":13,""end"":15}]}"
c_76f1be4142ba,"{""n_tokens"":14,""arguments"":[{""role"":""FALSE-EVENT"",""start"":1,""end"":2},{""role"":""PLACE-ARG"",""start"":3,""end"":4},{""role"":""PLACE-ARG"",""start"":5,""end"":6},{""role"":""OFFICER-ARG"",""start"":6,""end"":7}],""entities"":[{""type"":""EVE"",""start"":1,""end"":2},{""type"":""LOC"",""start"":3,""end"":4},{""type"":""LOC"",""start"":5,""end"":6},{""type"":""ORG"",""start"":6,""end"":7}]}"
c_1fb252e5062d,"{""n_tokens"":38,""arguments"":[{""role"":""FALSE-EVENT"",""start"":21,""end"":22}],""entities"":[{""type"":""EVE"",""start"":21,""end"":22}]}"
c_accf300eb3aa,"{""n_tokens"":33,""arguments"":[{""role"":""OFFICER-ARG"",""start"":1,""end"":2},{""role"":""PLACE-ARG"",""start"":5,""end"":7},{""role"":""FLOOD-EVENT"",""start"":10,""end"":12},{""role"":""PLACE-ARG"",""start"":17,""end"":22}],""entities"":[{""type"":""ORG"",""start"":1,""end"":2},{""type"":""LOC"",""start"":5,""end"":7},{""type"":""EVE"",""start"":10,""end"":12},{""type"":""LOC"",""start"":17,""end"":19},{""type"":""LOC"",""start"":19,""end"":22}]}"
c_c970ff1427f7,"{""n_tokens"":17,""arguments"":[{""role"":""FALSE-EVENT"",""start"":10,""end"":11}],""entities"":[{""type"":""EVE"",""start"":10,""end"":11}]}"
c_7bbf5228d9e3,"{""n_tokens"":11,""arguments"":[{""role"":""FLOOD-EVENT"",""start"":0,""end"":1},{""role"":""PLACE-ARG"",""start"":2,""end"":3},{""role"":""INFORMATION-ARG"",""start"":3,""end"":6},{""role"":""OFFICER-ARG"",""start"":6,""end"":8}],""entities"":[{""type"":""EVE"",""start"":0,""end"":1},{""type"":""LOC"",""start"":2,""end"":3},{""type"":""ARG"",""start"":3,""end"":6},{""type"":""ORG"",""start"":6,""end"":8}]}"
c_c1d362c05f51,"{""n_tokens"":18,""arguments"":[{""role"":""TIME-ARG"",""start"":2,""end"":3},{""role"":""FALSE-EVENT"",""start"":10,""end"":12}],""entities"":[{""type"":""ARG"",""start"":2,""end"":3},{""type"":""EVE"",""start"":10,""end"":12},{""type"":""LOC"",""start"":13,""end"":15}]}"
c_c62ccf9fff97,"{""n_tokens"":34,""arguments"":[{""role"":""FALSE-EVENT"",""start"":3,""end"":5},{""role"":""PLACE-ARG"",""start"":25,""end"":27}],""entities"":[{""type"":""EVE"",""start"":3,""end"":5}]}"
c_1cbb598a51d7,"{""n_tokens"":7,""arguments"":[{""role"":""FLOOD-EVENT"",""start"":0,""end"":1},{""role"":""PLACE-ARG"",""start"":2,""end"":3}],""entities"":[{""type"":""EVE"",""start"":0,""end"":1},{""type"":""LOC"",""start"":2,""end"":3}]}"
c_5f221cd4820c,"{""n_tokens"":22,""arguments"":[{""role"":""FALSE-EVENT"",""start"":5,""end"":6}],""entities"":[{""type"":""EVE"",""start"":5,""end"":6}]}"
c_982d1c66e14c,"{""n_tokens"":23,""arguments"":[{""role"":""PLACE-ARG"",""start"":2,""end"":3},{""role"":""FLOOD-EVENT"",""start"":4,""end"":5},{""role"":""INFORMATION-ARG"",""start"":6,""end"":9},{""role"":""FLOOD-EVENT"",""start"":19,""end"":20}],""entities"":[{""type"":""LOC"",""start"":2,""end"":3},{""type"":""EVE"",""start"":4,""end"":5},{""type"":""ARG"",""start"":6,""end"":9},{""type"":""EVE"",""start"":19,""end"":20},{""type"":""ARG"",""start"":20,""end"":22}]}"
c_b575f2de78a0,"{""n_tokens"":18,""arguments"":[{""role"":""EARTHQUAKE-EVENT"",""start"":4,""end"":6},{""role"":""PLACE-ARG"",""start"":8,""end"":9},{""role"":""PLACE-ARG"",""start"":11,""end"":12},{""role"":""PLACE-ARG"",""start"":16,""end"":18}],""entities"":[{""type"":""EVE"",""start"":4,""end"":6},{""type"":""LOC"",""start"":8,""end"":9},{""type"":""LOC"",""start"":11,""end"":12},{""type"":""LOC"",""start"":16,""end"":18}]}"
c_c463c78e6e68,"{""n_tokens"":15,""arguments"":[{""role"":""PLACE-ARG"",""start"":5,""end"":6},{""role"":""EARTHQUAKE-EVENT"",""start"":6,""end"":8},{""role"":""INFORMATION-ARG"",""start"":9,""end"":12},{""role"":""PLACE-ARG"",""start"":14,""end"":15}],""entities"":[{""type"":""EVE"",""start"":4,""end"":5},{""type"":""LOC"",""start"":5,""end"":6},{""type"":""EVE"",""start"":6,""end"":8},{""type"":""ARG"",""start"":9,""end"":12},{""type"":""LOC"",""start"":14,""end"":15}]}"
c_2b4f9fc9deee,"{""n_tokens"":18,""arguments"":[{""role"":""EARTHQUAKE-EVENT"",""start"":0,""end"":2},{""role"":""INFORMATION-ARG"",""start"":3,""end"":6},{""role"":""PLACE-ARG"",""start"":8,""end"":12},{""role"":""EARTHQUAKE-EVENT"",""start"":12,""end"":13},{""role"":""INFORMATION-ARG"",""start"":14,""end"":18}],""entities"":[{""type"":""EVE"",""start"":0,""end"":2},{""type"":""ARG"",""start"":3,""end"":6},{""type"":""LOC"",""start"":8,""end"":10},{""type"":""LOC"",""start"":10,""end"":12},{""type"":""EVE"",""start"":12,""end"":13},{""type"":""ARG"",""start"":14,""end"":18}]}"
c_07e02adc0854,"{""n_tokens"":18,""arguments"":[{""role"":""FALSE-EVENT"",""start"":1,""end"":3}],""entities"":[{""type"":""EVE"",""start"":1,""end"":3}]}"
c_c2f2c5b884b6,"{""n_tokens"":13,""arguments"":[{""role"":""EARTHQUAKE-EVENT"",""start"":1,""end"":3},{""role"":""PLACE-ARG"",""start"":4,""end"":9},{""role"":""TIME-ARG"",""start"":10,""end"":13}],""entities"":[{""type"":""EVE"",""start"":1,""end"":3},{""type"":""LOC"",""start"":5,""end"":7},{""type"":""LOC"",""start"":7,""end"":9},{""type"":""ARG"",""start"":10,""end"":13}]}"
c_bb471295cb62,"{""n_tokens"":28,""arguments"":[{""role"":""PLACE-ARG"",""start"":5,""end"":6},{""role"":""EARTHQUAKE-EVENT"",""start"":7,""end"":9},{""role"":""TIME-ARG"",""start"":11,""end"":12},{""role"":""TIME-ARG"",""start"":13,""end"":14},{""role"":""TIME-ARG"",""start"":16,""end"":19},{""role"":""PLACE-ARG"",""start"":21,""end"":23},{""role"":""EARTHQUAKE-EVENT"",""start"":26,""end"":28}],""entities"":[{""type"":""PLOC"",""start"":5,""end"":6},{""type"":""EVE"",""start"":7,""end"":9},{""type"":""ARG"",""start"":11,""end"":12},{""type"":""ARG"",""start"":13,""end"":14},{""type"":""ARG"",""start"":16,""end"":19},{""type"":""LOC"",""start"":21,""end"":23},{""type"":""EVE"",""start"":26,""end"":28}]}"
c_2ec244288e04,"{""n_tokens"":11,""arguments"":[{""role"":""EARTHQUAKE-EVENT"",""start"":0,""end"":2},{""role"":""INFORMATION-ARG"",""start"":2,""end"":4},{""role"":""PLACE-ARG"",""start"":6,""end"":10}],""entities"":[{""type"":""EVE"",""start"":0,""end"":2},{""type"":""ARG"",""start"":2,""end"":4},{""type"":""LOC"",""start"":6,""end"":10}]}"
c_5f31a2dd3314,"{""n_tokens"":32,""arguments"":[{""role"":""PLACE-ARG"",""start"":8,""end"":13},{""role"":""TIME-ARG"",""start"":13,""end"":16},{""role"":""FALSE-EVENT"",""start"":16,""end"":18},{""role"":""PLACE-ARG"",""start"":18,""end"":19},{""role"":""TIME-ARG"",""start"":19,""end"":21},{""role"":""FALSE-EVENT"",""start"":22,""end"":24},{""role"":""INFORMATION-ARG"",""start"":25,""end"":30}],""entities"":[{""type"":""EVE"",""start"":6,""end"":7},{""type"":""LOC"",""start"":8,""end"":10},{""type"":""LOC"",""start"":10,""end"":13},{""type"":""ARG"",""start"":13,""end"":16},{""type"":""EVE"",""start"":16,""end"":18},{""type"":""LOC"",""start"":18,""end"":19},{""type"":""ARG"",""start"":19,""end"":21},{""type"":""EVE"",""start"":22,""end"":24},{""type"":""ARG"",""start"":25,""end"":30}]}"
c_7de50a20bef4,"{""n_tokens"":42,""arguments"":[{""role"":""OFFICER-ARG"",""start"":2,""end"":3},{""role"":""PLACE-ARG"",""start"":6,""end"":7},{""role"":""PLACE-ARG"",""start"":8,""end"":9},{""role"":""FALSE-EVENT"",""start"":22,""end"":24},{""role"":""PLACE-ARG"",""start"":25,""end"":26},{""role"":""TIME-ARG"",""start"":29,""end"":30},{""role"":""FALSE-EVENT"",""start"":31,""end"":33},{""role"":""PLACE-ARG"",""start"":36,""end"":38},{""role"":""TIME-ARG"",""start"":39,""end"":41}],""entities"":[{""type"":""ORG"",""start"":2,""end"":3},{""type"":""LOC"",""start"":6,""end"":7},{""type"":""LOC"",""start"":8,""end"":9},{""type"":""PLOC"",""start"":9,""end"":10},{""type"":""EVE"",""start"":22,""end"":24},{""type"":""LOC"",""start"":25,""end"":26},{""type"":""ARG"",""start"":29,""end"":30},{""type"":""EVE"",""start"":31,""end"":33},{""type"":""LOC"",""start"":36,""end"":38},{""type"":""ARG"",""start"":39,""end"":41}]}"
c_868dd51d6e2a,"{""n_tokens"":41,""arguments"":[{""role"":""PLACE-ARG"",""start"":0,""end"":1},{""role"":""FALSE-EVENT"",""start"":7,""end"":9},{""role"":""TIME-ARG"",""start"":12,""end"":14},{""role"":""FALSE-EVENT"",""start"":19,""end"":21},{""role"":""PLACE-ARG"",""start"":35,""end"":36}],""entities"":[{""type"":""LOC"",""start"":0,""end"":1},{""type"":""EVE"",""start"":7,""end"":9},{""type"":""ARG"",""start"":12,""end"":14},{""type"":""EVE"",""start"":19,""end"":21}]}"
c_c3312353e7a2,"{""n_tokens"":24,""arguments"":[{""role"":""EARTHQUAKE-EVENT"",""start"":3,""end"":5},{""role"":""INFORMATION-ARG"",""start"":7,""end"":9},{""role"":""PLACE-ARG"",""start"":13,""end"":15}],""entities"":[{""type"":""EVE"",""start"":3,""end"":5},{""type"":""ARG"",""start"":7,""end"":9},{""type"":""LOC"",""start"":13,""end"":15}]}"
c_0774417299fa,"{""n_tokens"":33,""arguments"":[{""role"":""FALSE-EVENT"",""start"":9,""end"":11}],""entities"":[{""type"":""EVE"",""start"":9,""end"":11}]}"
c_d135b319c091,"{""n_tokens"":46,""arguments"":[{""role"":""FALSE-EVENT"",""start"":2,""end"":4},{""role"":""FALSE-EVENT"",""start"":10,""end"":12}],""entities"":[{""type"":""EVE"",""start"":2,""end"":4},{""type"":""EVE"",""start"":10,""end"":12}]}"
c_15aabae26a8b,"{""n_tokens"":23,""arguments"":[{""role"":""PLACE-ARG"",""start"":0,""end"":1},{""role"":""EARTHQUAKE-EVENT"",""start"":2,""end"":4},{""role"":""PLACE-ARG"",""start"":7,""end"":8},{""role"":""TIME-ARG"",""start"":9,""end"":12},{""role"":""PLACE-ARG"",""start"":18,""end"":19}],""entities"":[{""type"":""PLOC"",""start"":0,""end"":1},{""type"":""EVE"",""start"":2,""end"":4},{""type"":""LOC"",""start"":7,""end"":8},{""type"":""ARG"",""start"":9,""end"":12},{""type"":""LOC"",""start"":18,""end"":19}]}"
c_30cf050b8f36,"{""n_tokens"":29,""arguments"":[{""role"":""FALSE-EVENT"",""start"":4,""end"":6}],""entities"":[{""type"":""EVE"",""start"":4,""end"":6}]}"
c_2a5df1039777,"{""n_tokens"":15,""arguments"":[{""role"":""FALSE-EVENT"",""start"":4,""end"":6},{""role"":""PLACE-ARG"",""start"":7,""end"":8}],""entities"":[{""type"":""EVE"",""start"":4,""end"":6},{""type"":""LOC"",""start"":7,""end"":8}]}"
c_57dfc1a776ea,"{""n_tokens"":24,""arguments"":[{""role"":""FALSE-EVENT"",""start"":15,""end"":17},{""role"":""PLACE-ARG"",""start"":20,""end"":22}],""entities"":[{""type"":""EVE"",""start"":15,""end"":17},{""type"":""LOC"",""start"":20,""end"":22}]}"
c_d173863a8619,"{""n_tokens"":32,""arguments"":[{""role"":""FALSE-EVENT"",""start"":16,""end"":18},{""role"":""PLACE-ARG"",""start"":21,""end"":23}],""entities"":[{""type"":""EVE"",""start"":16,""end"":18},{""type"":""LOC"",""start"":21,""end"":23}]}"
c_7d026bf2b169,"{""n_tokens"":39,""arguments"":[{""role"":""FALSE-EVENT"",""start"":0,""end"":2},{""role"":""PLACE-ARG"",""start"":12,""end"":13},{""role"":""FALSE-EVENT"",""start"":27,""end"":29},{""role"":""PLACE-ARG"",""start"":32,""end"":34}],""entities"":[{""type"":""EVE"",""start"":0,""end"":2},{""type"":""LOC"",""start"":12,""end"":13},{""type"":""EVE"",""start"":27,""end"":29},{""type"":""LOC"",""start"":32,""end"":34}]}"
c_deacc8ffb19c,"{""n_tokens"":34,""arguments"":[{""role"":""FALSE-EVENT"",""start"":3,""end"":5},{""role"":""PLACE-ARG"",""start"":8,""end"":9},{""role"":""PLACE-ARG"",""start"":10,""end"":11}],""entities"":[{""type"":""EVE"",""start"":3,""end"":5},{""type"":""LOC"",""start"":8,""end"":9},{""type"":""LOC"",""start"":10,""end"":11}]}"
c_936f2853bf23,"{""n_tokens"":27,""arguments"":[{""role"":""OFFICER-ARG"",""start"":0,""end"":1},{""role"":""PLACE-ARG"",""start"":4,""end"":5},{""role"":""FALSE-EVENT"",""start"":15,""end"":17},{""role"":""PLACE-ARG"",""start"":20,""end"":25}],""entities"":[{""type"":""ORG"",""start"":0,""end"":1},{""type"":""PLOC"",""start"":4,""end"":5},{""type"":""EVE"",""start"":15,""end"":17},{""type"":""LOC"",""start"":20,""end"":22},{""type"":""PLOC"",""start"":23,""end"":25}]}"
c_d9440899096d,"{""n_tokens"":31,""arguments"":[{""role"":""FALSE-EVENT"",""start"":15,""end"":17},{""role"":""PLACE-ARG"",""start"":20,""end"":22}],""entities"":[{""type"":""EVE"",""start"":15,""end"":17},{""type"":""LOC"",""start"":20,""end"":22}]}"
c_ef87aecb0b48,"{""n_tokens"":39,""arguments"":[{""role"":""FALSE-EVENT"",""start"":8,""end"":10},{""role"":""PLACE-ARG"",""start"":11,""end"":14},{""role"":""PLACE-ARG"",""start"":15,""end"":16},{""role"":""PLACE-ARG"",""start"":17,""end"":19},{""role"":""PLACE-ARG"",""start"":20,""end"":21},{""role"":""STREET-ARG"",""start"":29,""end"":34},{""role"":""PLACE-ARG"",""start"":34,""end"":35}],""entities"":[{""type"":""EVE"",""start"":8,""end"":10},{""type"":""LOC"",""start"":11,""end"":14},{""type"":""LOC"",""start"":15,""end"":16},{""type"":""LOC"",""start"":17,""end"":19},{""type"":""LOC"",""start"":20,""end"":21},{""type"":""ARG"",""start"":29,""end"":34},{""type"":""PLOC"",""start"":34,""end"":35},{""type"":""ARG"",""start"":37,""end"":38}]}"
c_4a8c012b604a,"{""n_tokens"":34,""arguments"":[{""role"":""FALSE-EVENT"",""start"":0,""end"":2},{""role"":""PLACE-ARG"",""start"":5,""end"":6},{""role"":""PLACE-ARG"",""start"":7,""end"":8},{""role"":""PLACE-ARG"",""start"":32,""end"":34}],""entities"":[{""type"":""EVE"",""start"":0,""end"":2},{""type"":""LOC"",""start"":5,""end"":6},{""type"":""LOC"",""start"":7,""end"":8},{""type"":""LOC"",""start"":32,""end"":34}]}"
c_816ce6ee066b,"{""n_tokens"":25,""arguments"":[{""role"":""OFFICER-ARG"",""start"":4,""end"":5},{""role"":""FALSE-EVENT"",""start"":8,""end"":10},{""role"":""PLACE-ARG"",""start"":11,""end"":12},{""role"":""OFFICER-ARG"",""start"":18,""end"":19}],""entities"":[{""type"":""ORG"",""start"":4,""end"":5},{""type"":""EVE"",""start"":8,""end"":10},{""type"":""LOC"",""start"":11,""end"":12},{""type"":""ORG"",""start"":18,""end"":19}]}"
c_04ff2df26915,"{""n_tokens"":30,""arguments"":[{""role"":""FALSE-EVENT"",""start"":5,""end"":7},{""role"":""PLACE-ARG"",""start"":8,""end"":11}],""entities"":[{""type"":""EVE"",""start"":5,""end"":7},{""type"":""LOC"",""start"":8,""end"":10},{""type"":""LOC"",""start"":10,""end"":11}]}"
c_446d0527aa69,"{""n_tokens"":17,""arguments"":[{""role"":""EARTHQUAKE-EVENT"",""start"":0,""end"":2},{""role"":""INFORMATION-ARG"",""start"":2,""end"":5},{""role"":""PLACE-ARG"",""start"":7,""end"":12},{""role"":""INFORMATION-ARG"",""start"":12,""end"":17}],""entities"":[{""type"":""EVE"",""start"":0,""end"":2},{""type"":""ARG"",""start"":2,""end"":5},{""type"":""LOC"",""start"":7,""end"":10},{""type"":""LOC"",""start"":10,""end"":12},{""type"":""ARG"",""start"":12,""end"":17}]}"
c_01f82131d20e,"{""n_tokens"":17,""arguments"":[{""role"":""PLACE-ARG"",""start"":6,""end"":9},{""role"":""EARTHQUAKE-EVENT"",""start"":10,""end"":12},{""role"":""INFORMATION-ARG"",""start"":12,""end"":15}],""entities"":[{""type"":""LOC"",""start"":6,""end"":8},{""type"":""LOC"",""start"":8,""end"":9},{""type"":""EVE"",""start"":10,""end"":12},{""type"":""ARG"",""start"":12,""end"":15}]}"
c_921862fdda4d,"{""n_tokens"":31,""arguments"":[{""role"":""FALSE-EVENT"",""start"":17,""end"":18},{""role"":""PLACE-ARG"",""start"":20,""end"":21},{""role"":""FALSE-EVENT"",""start"":26,""end"":28}],""entities"":[{""type"":""EVE"",""start"":17,""end"":18},{""type"":""LOC"",""start"":20,""end"":21},{""type"":""EVE"",""start"":26,""end"":28}]}"
c_fa5df980c79a,"{""n_tokens"":34,""arguments"":[{""role"":""PLACE-ARG"",""start"":0,""end"":1},{""role"":""EARTHQUAKE-EVENT"",""start"":1,""end"":2},{""role"":""EARTHQUAKE-EVENT"",""start"":2,""end"":4},{""role"":""INFORMATION-ARG"",""start"":5,""end"":8},{""role"":""TIME-ARG"",""start"":10,""end"":11},{""role"":""TIME-ARG"",""start"":12,""end"":15},{""role"":""EARTHQUAKE-EVENT"",""start"":19,""end"":20},{""role"":""PLACE-ARG"",""start"":26,""end"":27},{""role"":""INFORMATION-ARG"",""start"":28,""end"":31}],""entities"":[{""type"":""LOC"",""start"":0,""end"":1},{""type"":""EVE"",""start"":1,""end"":2},{""type"":""EVE"",""start"":2,""end"":4},{""type"":""ARG"",""start"":5,""end"":8},{""type"":""ARG"",""start"":10,""end"":11},{""type"":""ARG"",""start"":12,""end"":15},{""type"":""LOC"",""start"":26,""end"":27},{""type"":""ARG"",""start"":28,""end"":31}]}"
c_259f1acbb850,"{""n_tokens"":43,""arguments"":[{""role"":""OFFICER-ARG"",""start"":1,""end"":2},{""role"":""FALSE-EVENT"",""start"":22,""end"":24}],""entities"":[{""type"":""ORG"",""start"":1,""end"":2},{""type"":""EVE"",""start"":22,""end"":24}]}"
c_0a7a6a13f2c6,"{""n_tokens"":37,""arguments"":[{""role"":""FALSE-EVENT"",""start"":2,""end"":3},{""role"":""FALSE-EVENT"",""start"":4,""end"":6},{""role"":""PLACE-ARG"",""start"":20,""end"":21}],""entities"":[{""type"":""EVE"",""start"":2,""end"":3},{""type"":""EVE"",""start"":4,""end"":6},{""type"":""PLOC"",""start"":20,""end"":21},{""type"":""ORG"",""start"":26,""end"":27}]}"
c_d41a280990a4,"{""n_tokens"":14,""arguments"":[{""role"":""OFFICER-ARG"",""start"":2,""end"":3},{""role"":""PLACE-ARG"",""start"":3,""end"":4},{""role"":""FALSE-EVENT"",""start"":8,""end"":10},{""role"":""PLACE-ARG"",""start"":11,""end"":12},{""role"":""PLACE-ARG"",""start"":13,""end"":14}],""entities"":[{""type"":""ORG"",""start"":2,""end"":3},{""type"":""PLOC"",""start"":3,""end"":4},{""type"":""EVE"",""start"":8,""end"":10},{""type"":""LOC"",""start"":11,""end"":12},{""type"":""LOC"",""start"":13,""end"":14}]}"
c_5d4a3f57316b,"{""n_tokens"":23,""arguments"":[{""role"":""FALSE-EVENT"",""start"":6,""end"":8},{""role"":""INFORMATION-ARG"",""start"":9,""end"":12}],""entities"":[{""type"":""EVE"",""start"":6,""end"":8},{""type"":""ARG"",""start"":9,""end"":12}]}"
c_a3f6da9b724d,"{""n_tokens"":35,""arguments"":[{""role"":""EARTHQUAKE-EVENT"",""start"":0,""end"":2},{""role"":""PLACE-ARG"",""start"":6,""end"":7},{""role"":""INFORMATION-ARG"",""start"":7,""end"":10},{""role"":""PLACE-ARG"",""start"":11,""end"":12},{""role"":""OFFICER-ARG"",""start"":12,""end"":13},{""role"":""PLACE-ARG"",""start"":16,""end"":17},{""role"":""EARTHQUAKE-EVENT"",""start"":18,""end"":20},{""role"":""PLACE-ARG"",""start"":24,""end"":25},{""role"":""INFORMATION-ARG"",""start"":25,""end"":28},{""role"":""PLACE-ARG"",""start"":29,""end"":30},{""role"":""OFFICER-ARG"",""start"":30,""end"":31},{""role"":""PLACE-ARG"",""start"":34,""end"":35}],""entities"":[{""type"":""EVE"",""start"":0,""end"":2},{""type"":""EVE"",""start"":2,""end"":3},{""type"":""LOC"",""start"":6,""end"":7},{""type"":""ARG"",""start"":7,""end"":10},{""type"":""LOC"",""start"":11,""end"":12},{""type"":""ORG"",""start"":12,""end"":13},{""type"":""LOC"",""start"":16,""end"":17},{""type"":""EVE"",""start"":18,""end"":20},{""type"":""LOC"",""start"":24,""end"":25},{""type"":""ARG"",""start"":25,""end"":28},{""type"":""LOC"",""start"":29,""end"":30},{""type"":""ORG"",""start"":30,""end"":31},{""type"":""LOC"",""start"":34,""end"":35}]}"
c_75445fe1b63b,"{""n_tokens"":20,""arguments"":[{""role"":""EARTHQUAKE-EVENT"",""start"":0,""end"":2},{""role"":""PLACE-ARG"",""start"":6,""end"":7},{""role"":""INFORMATION-ARG"",""start"":7,""end"":10},{""role"":""PLACE-ARG"",""start"":11,""end"":12},{""role"":""OFFICER-ARG"",""start"":12,""end"":13},{""role"":""PLACE-ARG"",""start"":16,""end"":17},{""role"":""PLACE-ARG"",""start"":18,""end"":19}],""entities"":[{""type"":""EVE"",""start"":0,""end"":2},{""type"":""EVE"",""start"":2,""end"":3},{""type"":""LOC"",""start"":6,""end"":7},{""type"":""ARG"",""start"":7,""end"":10},{""type"":""LOC"",""start"":11,""end"":12},{""type"":""ORG"",""start"":12,""end"":13},{""type"":""LOC"",""start"":16,""end"":17},{""type"":""PLOC"",""start"":18,""end"":19}]}"
c_ed1b4cd0ed14,"{""n_tokens"":11,""arguments"":[{""role"":""FALSE-EVENT"",""start"":3,""end"":5}],""entities"":[{""type"":""EVE"",""start"":3,""end"":5}]}"
c_d15d1ff78fa1,"{""n_tokens"":27,""arguments"":[{""role"":""FALSE-EVENT"",""start"":1,""end"":2},{""role"":""PLACE-ARG"",""start"":2,""end"":3},{""role"":""FALSE-EVENT"",""start"":12,""end"":14},{""role"":""PLACE-ARG"",""start"":16,""end"":18}],""entities"":[{""type"":""EVE"",""start"":1,""end"":2},{""type"":""LOC"",""start"":2,""end"":3},{""type"":""EVE"",""start"":12,""end"":14},{""type"":""LOC"",""start"":15,""end"":17},{""type"":""LOC"",""start"":17,""end"":18}]}"
c_1038aabf1b5f,"{""n_tokens"":15,""arguments"":[{""role"":""EARTHQUAKE-EVENT"",""start"":0,""end"":2},{""role"":""INFORMATION-ARG"",""start"":2,""end"":5},{""role"":""PLACE-ARG"",""start"":6,""end"":8},{""role"":""INFORMATION-ARG"",""start"":10,""end"":14}],""entities"":[{""type"":""EVE"",""start"":0,""end"":2},{""type"":""ARG"",""start"":2,""end"":5},{""type"":""LOC"",""start"":6,""end"":7},{""type"":""LOC"",""start"":7,""end"":8},{""type"":""ARG"",""start"":10,""end"":14}]}"
c_073f0cf126dd,"{""n_tokens"":37,""arguments"":[{""role"":""PLACE-ARG"",""start"":0,""end"":1},{""role"":""OFFICER-ARG"",""start"":2,""end"":4},{""role"":""PLACE-ARG"",""start"":4,""end"":5},{""role"":""OFFICER-ARG"",""start"":5,""end"":6},{""role"":""PLACE-ARG"",""start"":6,""end"":7},{""role"":""PLACE-ARG"",""start"":19,""end"":21},{""role"":""PLACE-ARG"",""start"":22,""end"":23},{""role"":""EARTHQUAKE-EVENT"",""start"":29,""end"":31},{""role"":""PLACE-ARG"",""start"":35,""end"":37}],""entities"":[{""type"":""PLOC"",""start"":0,""end"":1},{""type"":""ORG"",""start"":2,""end"":4},{""type"":""ORG"",""start"":5,""end"":6},{""type"":""PLOC"",""start"":6,""end"":7},{""type"":""PLOC"",""start"":19,""end"":20},{""type"":""PLOC"",""start"":22,""end"":23},{""type"":""EVE"",""start"":29,""end"":31},{""type"":""ARG"",""start"":32,""end"":34},{""type"":""LOC"",""start"":35,""end"":37}]}"
c_f0ae5aeeef6b,"{""n_tokens"":25,""arguments"":[{""role"":""AFFECTEDOBJECTS-ARG"",""start"":0,""end"":1},{""role"":""PLACE-ARG"",""start"":5,""end"":9},{""role"":""FALSE-EVENT"",""start"":16,""end"":18},{""role"":""PLACE-ARG"",""start"":19,""end"":20},{""role"":""TIME-ARG"",""start"":21,""end"":24}],""entities"":[{""type"":""ARG"",""start"":0,""end"":1},{""type"":""LOC"",""start"":5,""end"":6},{""type"":""PLOC"",""start"":8,""end"":9},{""type"":""EVE"",""start"":16,""end"":18},{""type"":""LOC"",""start"":19,""end"":20},{""type"":""ARG"",""start"":21,""end"":24}]}"
c_69d2b14e6c8a,"{""n_tokens"":35,""arguments"":[{""role"":""TIME-ARG"",""start"":0,""end"":7},{""role"":""OFFICER-ARG"",""start"":7,""end"":8},{""role"":""PLACE-ARG"",""start"":8,""end"":10},{""role"":""OFFICER-ARG"",""start"":12,""end"":13},{""role"":""PLACE-ARG"",""start"":13,""end"":14},{""role"":""FALSE-EVENT"",""start"":21,""end"":23},{""role"":""PLACE-ARG"",""start"":27,""end"":29},{""role"":""STREET-ARG"",""start"":29,""end"":31},{""role"":""PLACE-ARG"",""start"":31,""end"":35}],""entities"":[{""type"":""ARG"",""start"":0,""end"":1},{""type"":""ARG"",""start"":1,""end"":4},{""type"":""ARG"",""start"":4,""end"":7},{""type"":""ORG"",""start"":7,""end"":8},{""type"":""PLOC"",""start"":8,""end"":10},{""type"":""ORG"",""start"":12,""end"":13},{""type"":""PLOC"",""start"":13,""end"":14},{""type"":""EVE"",""start"":21,""end"":23},{""type"":""LOC"",""start"":27,""end"":29},{""type"":""ARG"",""start"":29,""end"":31},{""type"":""PLOC"",""start"":31,""end"":33},{""type"":""PLOC"",""start"":33,""end"":35}]}"
c_c2f55b0a7462,"{""n_tokens"":36,""arguments"":[{""role"":""FALSE-EVENT"",""start"":0,""end"":2},{""role"":""PLACE-ARG"",""start"":4,""end"":6},{""role"":""EARTHQUAKE-EVENT"",""start"":9,""end"":11},{""role"":""INFORMATION-ARG"",""start"":12,""end"":15},{""role"":""PLACE-ARG"",""start"":17,""end"":18},{""role"":""PLACE-ARG"",""start"":19,""end"":20},{""role"":""TIME-ARG"",""start"":21,""end"":24}],""entities"":[{""type"":""EVE"",""start"":0,""end"":2},{""type"":""LOC"",""start"":4,""end"":5},{""type"":""LOC"",""start"":5,""end"":6},{""type"":""EVE"",""start"":9,""end"":11},{""type"":""ARG"",""start"":12,""end"":15},{""type"":""LOC"",""start"":17,""end"":18},{""type"":""LOC"",""start"":19,""end"":20},{""type"":""ARG"",""start"":21,""end"":24},{""type"":""ARG"",""start"":25,""end"":28}]}"
c_4d37c4346bc0,"{""n_tokens"":13,""arguments"":[{""role"":""OFFICER-ARG"",""start"":0,""end"":1},{""role"":""FALSE-EVENT"",""start"":9,""end"":11},{""role"":""PLACE-ARG"",""start"":12,""end"":13}],""entities"":[{""type"":""ORG"",""start"":0,""end"":1},{""type"":""EVE"",""start"":9,""end"":11},{""type"":""LOC"",""start"":12,""end"":13}]}"
c_71bcec3cff63,"{""n_tokens"":24,""arguments"":[{""role"":""FALSE-EVENT"",""start"":6,""end"":8},{""role"":""PLACE-ARG"",""start"":13,""end"":15},{""role"":""TIME-ARG"",""start"":18,""end"":21}],""entities"":[{""type"":""EVE"",""start"":6,""end"":8},{""type"":""LOC"",""start"":13,""end"":15},{""type"":""ARG"",""start"":18,""end"":21}]}"
c_bd7ff395bf22,"{""n_tokens"":27,""arguments"":[{""role"":""OFFICER-ARG"",""start"":16,""end"":17},{""role"":""FALSE-EVENT"",""start"":20,""end"":22},{""role"":""PLACE-ARG"",""start"":26,""end"":27}],""entities"":[{""type"":""ORG"",""start"":16,""end"":17},{""type"":""EVE"",""start"":20,""end"":22},{""type"":""LOC"",""start"":26,""end"":27}]}"
c_c27515b41b28,"{""n_tokens"":32,""arguments"":[{""role"":""OFFICER-ARG"",""start"":0,""end"":1},{""role"":""OFFICER-ARG"",""start"":5,""end"":7},{""role"":""FALSE-EVENT"",""start"":17,""end"":19},{""role"":""PLACE-ARG"",""start"":26,""end"":28},{""role"":""TIME-ARG"",""start"":30,""end"":31}],""entities"":[{""type"":""ORG"",""start"":0,""end"":1},{""type"":""ORG"",""start"":5,""end"":7},{""type"":""ORG"",""start"":14,""end"":15},{""type"":""EVE"",""start"":17,""end"":19},{""type"":""LOC"",""start"":26,""end"":28},{""type"":""ARG"",""start"":30,""end"":31}]}"
c_4469058bd1de,"{""n_tokens"":14,""arguments"":[{""role"":""EARTHQUAKE-EVENT"",""start"":2,""end"":4},{""role"":""PLACE-ARG"",""start"":6,""end"":8}],""entities"":[{""type"":""EVE"",""start"":2,""end"":4},{""type"":""LOC"",""start"":6,""end"":8}]}"
c_ab8f8d8653b6,"{""n_tokens"":35,""arguments"":[{""role"":""PLACE-ARG"",""start"":2,""end"":3},{""role"":""PLACE-ARG"",""start"":7,""end"":8},{""role"":""FALSE-EVENT"",""start"":13,""end"":15},{""role"":""PLACE-ARG"",""start"":20,""end"":21},{""role"":""PLACE-ARG"",""start"":22,""end"":23},{""role"":""PLACE-ARG"",""start"":24,""end"":25}],""entities"":[{""type"":""PLOC"",""start"":2,""end"":3},{""type"":""PLOC"",""start"":7,""end"":8},{""type"":""EVE"",""start"":13,""end"":15},{""type"":""LOC"",""start"":20,""end"":21},{""type"":""LOC"",""start"":22,""end"":23},{""type"":""LOC"",""start"":24,""end"":25}]}"
c_e614e633744b,"{""n_tokens"":15,""arguments"":[{""role"":""FALSE-EVENT"",""start"":2,""end"":4},{""role"":""FALSE-EVENT"",""start"":5,""end"":6},{""role"":""AFFECTEDOBJECTS-ARG"",""start"":7,""end"":10},{""role"":""OFFICER-ARG"",""start"":13,""end"":14},{""role"":""PLACE-ARG"",""start"":14,""end"":15}],""entities"":[{""type"":""EVE"",""start"":2,""end"":4},{""type"":""EVE"",""start"":5,""end"":6},{""type"":""ARG"",""start"":7,""end"":10},{""type"":""ORG"",""start"":13,""end"":14},{""type"":""PLOC"",""start"":14,""end"":15}]}"
c_c98fac5702da,"{""n_tokens"":45,""arguments"":[{""role"":""OFFICER-ARG"",""start"":0,""end"":2},{""role"":""FALSE-EVENT"",""start"":17,""end"":19},{""role"":""PLACE-ARG"",""start"":21,""end"":22},{""role"":""PLACE-ARG"",""start"":23,""end"":24},{""role"":""PLACE-ARG"",""start"":25,""end"":26},{""role"":""PLACE-ARG"",""start"":38,""end"":41}],""entities"":[{""type"":""ORG"",""start"":0,""end"":2},{""type"":""EVE"",""start"":17,""end"":19},{""type"":""LOC"",""start"":21,""end"":22},{""type"":""LOC"",""start"":23,""end"":24},{""type"":""LOC"",""start"":25,""end"":26}]}"
c_14cf5c8f6bdb,"{""n_tokens"":12,""arguments"":[{""role"":""FALSE-EVENT"",""start"":8,""end"":10},{""role"":""PLACE-ARG"",""start"":11,""end"":12}],""entities"":[{""type"":""EVE"",""start"":8,""end"":10},{""type"":""LOC"",""start"":11,""end"":12}]}"
c_0e111b56dc61,"{""n_tokens"":27,""arguments"":[{""role"":""FALSE-EVENT"",""start"":6,""end"":8},{""role"":""PLACE-ARG"",""start"":11,""end"":13},{""role"":""OFFICER-ARG"",""start"":26,""end"":27}],""entities"":[{""type"":""EVE"",""start"":6,""end"":8},{""type"":""LOC"",""start"":11,""end"":13},{""type"":""ORG"",""start"":26,""end"":27}]}"
c_1f4eac7a408c,"{""n_tokens"":31,""arguments"":[{""role"":""FALSE-EVENT"",""start"":16,""end"":18},{""role"":""PLACE-ARG"",""start"":20,""end"":21},{""role"":""PLACE-ARG"",""start"":22,""end"":23},{""role"":""PLACE-ARG"",""start"":24,""end"":25}],""entities"":[{""type"":""EVE"",""start"":16,""end"":18},{""type"":""LOC"",""start"":20,""end"":21},{""type"":""LOC"",""start"":22,""end"":23},{""type"":""LOC"",""start"":24,""end"":25}]}"
c_f1720905273b,"{""n_tokens"":13,""arguments"":[{""role"":""OFFICER-ARG"",""start"":0,""end"":1},{""role"":""STREET-ARG"",""start"":2,""end"":4},{""role"":""FALSE-EVENT"",""start"":7,""end"":9}],""entities"":[{""type"":""ORG"",""start"":0,""end"":1},{""type"":""ARG"",""start"":2,""end"":4},{""type"":""EVE"",""start"":7,""end"":9}]}"
c_4576de2e0c33,"{""n_tokens"":35,""arguments"":[{""role"":""TIME-ARG"",""start"":2,""end"":4},{""role"":""EARTHQUAKE-EVENT"",""start"":7,""end"":9},{""role"":""PLACE-ARG"",""start"":13,""end"":15},{""role"":""REASON-ARG"",""start"":16,""end"":19},{""role"":""PLACE-ARG"",""start"":32,""end"":33}],""entities"":[{""type"":""EVE"",""start"":7,""end"":9},{""type"":""LOC"",""start"":13,""end"":15},{""type"":""LOC"",""start"":32,""end"":33}]}"
c_8e10fdd971e5,"{""n_tokens"":31,""arguments"":[{""role"":""OFFICER-ARG"",""start"":3,""end"":4},{""role"":""PLACE-ARG"",""start"":4,""end"":5},{""role"":""FALSE-EVENT"",""start"":7,""end"":9},{""role"":""PLACE-ARG"",""start"":10,""end"":11}],""entities"":[{""type"":""ORG"",""start"":3,""end"":4},{""type"":""PLOC"",""start"":4,""end"":5},{""type"":""EVE"",""start"":7,""end"":9},{""type"":""LOC"",""start"":10,""end"":11}]}"
c_5e757d779653,"{""n_tokens"":29,""arguments"":[{""role"":""FALSE-EVENT"",""start"":3,""end"":5},{""role"":""PLACE-ARG"",""start"":6,""end"":7},{""role"":""TIME-ARG"",""start"":8,""end"":11},{""role"":""INFORMATION-ARG"",""start"":17,""end"":19},{""role"":""TIME-ARG"",""start"":20,""end"":23}],""entities"":[{""type"":""EVE"",""start"":3,""end"":5},{""type"":""LOC"",""start"":6,""end"":7},{""type"":""ARG"",""start"":8,""end"":11},{""type"":""EVE"",""start"":16,""end"":17},{""type"":""ARG"",""start"":17,""end"":19},{""type"":""ARG"",""start"":20,""end"":23}]}"
c_8ea11b5a259c,"{""n_tokens"":30,""arguments"":[{""role"":""FALSE-EVENT"",""start"":3,""end"":5},{""role"":""PLACE-ARG"",""start"":6,""end"":7},{""role"":""TIME-ARG"",""start"":8,""end"":11},{""role"":""INFORMATION-ARG"",""start"":17,""end"":19},{""role"":""TIME-ARG"",""start"":20,""end"":23}],""entities"":[{""type"":""EVE"",""start"":3,""end"":5},{""type"":""LOC"",""start"":6,""end"":7},{""type"":""ARG"",""start"":8,""end"":11},{""type"":""ARG"",""start"":17,""end"":19},{""type"":""ARG"",""start"":20,""end"":23}]}"
c_4bf8aeb851e3,"{""n_tokens"":41,""arguments"":[{""role"":""FALSE-EVENT"",""start"":3,""end"":5},{""role"":""PLACE-ARG"",""start"":6,""end"":7},{""role"":""FALSE-EVENT"",""start"":8,""end"":9},{""role"":""INFORMATION-ARG"",""start"":9,""end"":11},{""role"":""TIME-ARG"",""start"":12,""end"":15}],""entities"":[{""type"":""EVE"",""start"":3,""end"":5},{""type"":""LOC"",""start"":6,""end"":7},{""type"":""EVE"",""start"":8,""end"":9},{""type"":""ARG"",""start"":9,""end"":11},{""type"":""ARG"",""start"":12,""end"":15}]}"
c_6753ddf3745b,"{""n_tokens"":22,""arguments"":[{""role"":""EARTHQUAKE-EVENT"",""start"":0,""end"":2},{""role"":""INFORMATION-ARG"",""start"":3,""end"":9},{""role"":""EARTHQUAKE-EVENT"",""start"":9,""end"":10},{""role"":""PLACE-ARG"",""start"":10,""end"":13},{""role"":""INFORMATION-ARG"",""start"":13,""end"":18},{""role"":""PLACE-ARG"",""start"":20,""end"":22}],""entities"":[{""type"":""EVE"",""start"":0,""end"":2},{""type"":""ARG"",""start"":3,""end"":9},{""type"":""EVE"",""start"":9,""end"":10},{""type"":""LOC"",""start"":10,""end"":11},{""type"":""LOC"",""start"":11,""end"":13},{""type"":""ARG"",""start"":13,""end"":18},{""type"":""LOC"",""start"":20,""end"":22}]}"
c_3e7ac3805340,"{""n_tokens"":12,""arguments"":[{""role"":""EARTHQUAKE-EVENT"",""start"":2,""end"":4},{""role"":""PLACE-ARG"",""start"":5,""end"":6},{""role"":""PLACE-ARG"",""start"":8,""end"":9},{""role"":""PLACE-ARG"",""start"":10,""end"":12}],""entities"":[{""type"":""EVE"",""start"":2,""end"":4},{""type"":""LOC"",""start"":5,""end"":6},{""type"":""LOC"",""start"":8,""end"":9},{""type"":""LOC"",""start"":10,""end"":12}]}"
c_0cb8e8f778ec,"{""n_tokens"":35,""arguments"":[{""role"":""FALSE-EVENT"",""start"":10,""end"":12},{""role"":""PLACE-ARG"",""start"":17,""end"":21},{""role"":""PLACE-ARG"",""start"":22,""end"":23},{""role"":""PLACE-ARG"",""start"":30,""end"":32}],""entities"":[{""type"":""EVE"",""start"":10,""end"":12},{""type"":""LOC"",""start"":17,""end"":18},{""type"":""LOC"",""start"":18,""end"":19},{""type"":""LOC"",""start"":19,""end"":21},{""type"":""PLOC"",""start"":22,""end"":23},{""type"":""PLOC"",""start"":30,""end"":32}]}"
c_d50fb2a22af4,"{""n_tokens"":28,""arguments"":[{""role"":""PLACE-ARG"",""start"":1,""end"":4},{""role"":""PLACE-ARG"",""start"":5,""end"":7},{""role"":""FALSE-EVENT"",""start"":11,""end"":13},{""role"":""TIME-ARG"",""start"":17,""end"":18}],""entities"":[{""type"":""LOC"",""start"":1,""end"":3},{""type"":""PLOC"",""start"":3,""end"":4},{""type"":""LOC"",""start"":5,""end"":7},{""type"":""EVE"",""start"":11,""end"":13},{""type"":""ARG"",""start"":16,""end"":18}]}"
c_3dcf26bae158,"{""n_tokens"":9,""arguments"":[{""role"":""OFFICER-ARG"",""start"":0,""end"":1},{""role"":""FALSE-EVENT"",""start"":5,""end"":7},{""role"":""PLACE-ARG"",""start"":8,""end"":9}],""entities"":[{""type"":""ORG"",""start"":0,""end"":1},{""type"":""EVE"",""start"":5,""end"":7},{""type"":""PLOC"",""start"":8,""end"":9}]}"
c_a0b59b05e76f,"{""n_tokens"":31,""arguments"":[{""role"":""FALSE-EVENT"",""start"":1,""end"":2},{""role"":""FALSE-EVENT"",""start"":17,""end"":20}],""entities"":[{""type"":""EVE"",""start"":1,""end"":2},{""type"":""EVE"",""start"":17,""end"":19}]}"
c_f64066bc1af4,"{""n_tokens"":33,""arguments"":[{""role"":""PLACE-ARG"",""start"":7,""end"":8},{""role"":""EARTHQUAKE-EVENT"",""start"":8,""end"":10},{""role"":""PLACE-ARG"",""start"":15,""end"":17},{""role"":""TIME-ARG"",""start"":18,""end"":24}],""entities"":[{""type"":""PLOC"",""start"":7,""end"":8},{""type"":""EVE"",""start"":8,""end"":10},{""type"":""LOC"",""start"":15,""end"":16},{""type"":""LOC"",""start"":16,""end"":17},{""type"":""ARG"",""start"":18,""end"":21},{""type"":""ARG"",""start"":21,""end"":24}]}"
c_318b0960cdd3,"{""n_tokens"":41,""arguments"":[{""role"":""PLACE-ARG"",""start"":3,""end"":5},{""role"":""OFFICER-ARG"",""start"":6,""end"":7},{""role"":""PLACE-ARG"",""start"":9,""end"":10},{""role"":""OFFICER-ARG"",""start"":18,""end"":19},{""role"":""PLACE-ARG"",""start"":19,""end"":22},{""role"":""FALSE-EVENT"",""start"":34,""end"":36},{""role"":""PLACE-ARG"",""start"":37,""end"":41}],""entities"":[{""type"":""PLOC"",""start"":3,""end"":5},{""type"":""ORG"",""start"":6,""end"":7},{""type"":""PLOC"",""start"":9,""end"":10},{""type"":""ORG"",""start"":18,""end"":19},{""type"":""PLOC"",""start"":19,""end"":22},{""type"":""EVE"",""start"":34,""end"":36},{""type"":""LOC"",""start"":37,""end"":38},{""type"":""LOC"",""start"":38,""end"":41}]}"
c_a40bf3a556d1,"{""n_tokens"":44,""arguments"":[{""role"":""EARTHQUAKE-EVENT"",""start"":0,""end"":1},{""role"":""INFORMATION-ARG"",""start"":1,""end"":4},{""role"":""PLACE-ARG"",""start"":6,""end"":8},{""role"":""EARTHQUAKE-EVENT"",""start"":11,""end"":13},{""role"":""INFORMATION-ARG"",""start"":14,""end"":17},{""role"":""PLACE-ARG"",""start"":19,""end"":22},{""role"":""EARTHQUAKE-EVENT"",""start"":22,""end"":23},{""role"":""INFORMATION-ARG"",""start"":23,""end"":27},{""role"":""OFFICER-ARG"",""start"":27,""end"":32},{""role"":""OFFICER-ARG"",""start"":33,""end"":34},{""role"":""EARTHQUAKE-EVENT"",""start"":36,""end"":37},{""role"":""TIME-ARG"",""start"":41,""end"":42},{""role"":""TIME-ARG"",""start"":43,""end"":44}],""entities"":[{""type"":""EVE"",""start"":0,""end"":1},{""type"":""ARG"",""start"":1,""end"":4},{""type"":""LOC"",""start"":6,""end"":7},{""type"":""PLOC"",""start"":7,""end"":8},{""type"":""EVE"",""start"":11,""end"":13},{""type"":""ARG"",""start"":14,""end"":17},{""type"":""LOC"",""start"":19,""end"":20},{""type"":""LOC"",""start"":20,""end"":22},{""type"":""EVE"",""start"":22,""end"":23},{""type"":""ARG"",""start"":23,""end"":27},{""type"":""ORG"",""start"":27,""end"":32},{""type"":""ORG"",""start"":33,""end"":34},{""type"":""ARG"",""start"":41,""end"":42},{""type"":""ARG"",""start"":43,""end"":44}]}"
c_28496597f267,"{""n_tokens"":23,""arguments"":[{""role"":""FALSE-EVENT"",""start"":18,""end"":20},{""role"":""PLACE-ARG"",""start"":21,""end"":23}],""entities"":[{""type"":""EVE"",""start"":18,""end"":20},{""type"":""LOC"",""start"":21,""end"":23}]}"
c_c480c745ba70,"{""n_tokens"":31,""arguments"":[{""role"":""PLACE-ARG"",""start"":6,""end"":9},{""role"":""FALSE-EVENT"",""start"":13,""end"":15},{""role"":""PLACE-ARG"",""start"":29,""end"":31}],""entities"":[{""type"":""ARG"",""start"":2,""end"":5},{""type"":""LOC"",""start"":6,""end"":8},{""type"":""LOC"",""start"":8,""end"":9},{""type"":""EVE"",""start"":13,""end"":15},{""type"":""LOC"",""start"":29,""end"":31}]}"
c_7ec7593c97aa,"{""n_tokens"":30,""arguments"":[{""role"":""FALSE-EVENT"",""start"":16,""end"":18},{""role"":""OFFICER-ARG"",""start"":20,""end"":21},{""role"":""FALSE-EVENT"",""start"":23,""end"":24},{""role"":""OFFICER-ARG"",""start"":28,""end"":29}],""entities"":[{""type"":""EVE"",""start"":16,""end"":18},{""type"":""ORG"",""start"":20,""end"":21},{""type"":""EVE"",""start"":23,""end"":24},{""type"":""ORG"",""start"":28,""end"":29}]}"
c_1379ffc0f9b9,"{""n_tokens"":46,""arguments"":[{""role"":""FALSE-EVENT"",""start"":22,""end"":24},{""role"":""PLACE-ARG"",""start"":27,""end"":28},{""role"":""PLACE-ARG"",""start"":29,""end"":30},{""role"":""PLACE-ARG"",""start"":32,""end"":34},{""role"":""PLACE-ARG"",""start"":35,""end"":36},{""role"":""PLACE-ARG"",""start"":43,""end"":44},{""role"":""PLACE-ARG"",""start"":45,""end"":46}],""entities"":[{""type"":""EVE"",""start"":22,""end"":24},{""type"":""LOC"",""start"":27,""end"":28},{""type"":""LOC"",""start"":29,""end"":30},{""type"":""LOC"",""start"":32,""end"":33},{""type"":""LOC"",""start"":33,""end"":34},{""type"":""LOC"",""start"":35,""end"":36},{""type"":""PLOC"",""start"":43,""end"":44},{""type"":""PLOC"",""start"":45,""end"":46}]}"
c_803a25c42f7d,"{""n_tokens"":39,""arguments"":[{""role"":""PLACE-ARG"",""start"":4,""end"":6},{""role"":""FALSE-EVENT"",""start"":8,""end"":10},{""role"":""FALSE-EVENT"",""start"":11,""end"":13},{""role"":""PLACE-ARG"",""start"":36,""end"":37},{""role"":""PLACE-ARG"",""start"":38,""end"":39}],""entities"":[{""type"":""LOC"",""start"":4,""end"":6},{""type"":""EVE"",""start"":8,""end"":10},{""type"":""EVE"",""start"":11,""end"":13},{""type"":""PLOC"",""start"":36,""end"":37},{""type"":""PLOC"",""start"":38,""end"":39}]}"
c_6e68dc03969b,"{""n_tokens"":17,""arguments"":[{""role"":""FALSE-EVENT"",""start"":4,""end"":6}],""entities"":[{""type"":""EVE"",""start"":4,""end"":6}]}"
c_5bc6de89d2c9,"{""n_tokens"":20,""arguments"":[{""role"":""PLACE-ARG"",""start"":0,""end"":1},{""role"":""EARTHQUAKE-EVENT"",""start"":3,""end"":5},{""role"":""INFORMATION-ARG"",""start"":6,""end"":8}],""entities"":[{""type"":""LOC"",""start"":0,""end"":1},{""type"":""EVE"",""start"":3,""end"":5},{""type"":""ARG"",""start"":6,""end"":8}]}"
c_b05ce5f32a02,"{""n_tokens"":37,""arguments"":[{""role"":""FALSE-EVENT"",""start"":5,""end"":7},{""role"":""FALSE-EVENT"",""start"":13,""end"":15}],""entities"":[{""type"":""EVE"",""start"":5,""end"":7},{""type"":""EVE"",""start"":13,""end"":15}]}"
c_69f8fd1c319a,"{""n_tokens"":13,""arguments"":[{""role"":""EARTHQUAKE-EVENT"",""start"":0,""end"":2},{""role"":""PLACE-ARG"",""start"":11,""end"":13}],""entities"":[{""type"":""EVE"",""start"":0,""end"":2},{""type"":""LOC"",""start"":11,""end"":13}]}"
c_d5c021e48c50,"{""n_tokens"":38,""arguments"":[{""role"":""FALSE-EVENT"",""start"":0,""end"":2},{""role"":""PLACE-ARG"",""start"":16,""end"":17}],""entities"":[{""type"":""EVE"",""start"":0,""end"":2},{""type"":""PLOC"",""start"":16,""end"":17}]}"
c_511b6b3dc17f,"{""n_tokens"":42,""arguments"":[{""role"":""FALSE-EVENT"",""start"":16,""end"":18},{""role"":""FALSE-EVENT"",""start"":24,""end"":26},{""role"":""OFFICER-ARG"",""start"":31,""end"":33},{""role"":""TIME-ARG"",""start"":40,""end"":41}],""entities"":[{""type"":""EVE"",""start"":16,""end"":18},{""type"":""EVE"",""start"":24,""end"":26},{""type"":""ORG"",""start"":31,""end"":33},{""type"":""ARG"",""start"":40,""end"":41}]}"
c_8af0ed6f93b8,"{""n_tokens"":37,""arguments"":[{""role"":""TIME-ARG"",""start"":0,""end"":1},{""role"":""FALSE-EVENT"",""start"":13,""end"":15}],""entities"":[{""type"":""ARG"",""start"":0,""end"":1},{""type"":""EVE"",""start"":13,""end"":15}]}"
c_5dde7306fbdb,"{""n_tokens"":28,""arguments"":[{""role"":""EARTHQUAKE-EVENT"",""start"":2,""end"":4},{""role"":""OFFICER-ARG"",""start"":6,""end"":7},{""role"":""PLACE-ARG"",""start"":23,""end"":25}],""entities"":[{""type"":""EVE"",""start"":2,""end"":4},{""type"":""ORG"",""start"":6,""end"":7},{""type"":""LOC"",""start"":23,""end"":25}]}"
c_df8b4a222c33,"{""n_tokens"":36,""arguments"":[{""role"":""OFFICER-ARG"",""start"":6,""end"":8},{""role"":""PLACE-ARG"",""start"":8,""end"":9},{""role"":""FALSE-EVENT"",""start"":12,""end"":14},{""role"":""PLACE-ARG"",""start"":15,""end"":18},{""role"":""TIME-ARG"",""start"":19,""end"":22},{""role"":""PLACE-ARG"",""start"":24,""end"":25}],""entities"":[{""type"":""ORG"",""start"":6,""end"":8},{""type"":""PLOC"",""start"":8,""end"":9},{""type"":""EVE"",""start"":12,""end"":14},{""type"":""LOC"",""start"":15,""end"":16},{""type"":""LOC"",""start"":16,""end"":18},{""type"":""ARG"",""start"":19,""end"":22},{""type"":""PLOC"",""start"":24,""end"":25}]}"
c_adc9595bb17a,"{""n_tokens"":31,""arguments"":[{""role"":""FALSE-EVENT"",""start"":13,""end"":15},{""role"":""PLACE-ARG"",""start"":16,""end"":17}],""entities"":[{""type"":""EVE"",""start"":13,""end"":15},{""type"":""PLOC"",""start"":16,""end"":17}]}"
c_db1e04cbe1b8,"{""n_tokens"":9,""arguments"":[{""role"":""PLACE-ARG"",""start"":2,""end"":3},{""role"":""FALSE-EVENT"",""start"":5,""end"":7},{""role"":""PLACE-ARG"",""start"":8,""end"":9}],""entities"":[{""type"":""ARG"",""start"":0,""end"":2},{""type"":""PLOC"",""start"":2,""end"":3},{""type"":""EVE"",""start"":5,""end"":7},{""type"":""LOC"",""start"":8,""end"":9}]}"
c_5deff27d54a3,"{""n_tokens"":19,""arguments"":[{""role"":""FALSE-EVENT"",""start"":9,""end"":11},{""role"":""PLACE-ARG"",""start"":13,""end"":14}],""entities"":[{""type"":""EVE"",""start"":9,""end"":11},{""type"":""LOC"",""start"":13,""end"":14}]}"
c_26d0e03905fe,"{""n_tokens"":40,""arguments"":[{""role"":""FALSE-EVENT"",""start"":2,""end"":4},{""role"":""PLACE-ARG"",""start"":5,""end"":6},{""role"":""OFFICER-ARG"",""start"":24,""end"":27}],""entities"":[{""type"":""EVE"",""start"":2,""end"":4},{""type"":""LOC"",""start"":5,""end"":6},{""type"":""ORG"",""start"":24,""end"":25},{""type"":""ORG"",""start"":25,""end"":26},{""type"":""ORG"",""start"":26,""end"":27}]}"
c_1593b9425ce8,"{""n_tokens"":39,""arguments"":[{""role"":""FALSE-EVENT"",""start"":3,""end"":5},{""role"":""PLACE-ARG"",""start"":18,""end"":20}],""entities"":[{""type"":""EVE"",""start"":3,""end"":5},{""type"":""LOC"",""start"":18,""end"":20}]}"
c_a4a2f1a25a34,"{""n_tokens"":40,""arguments"":[{""role"":""TIME-ARG"",""start"":1,""end"":2},{""role"":""PLACE-ARG"",""start"":6,""end"":7},{""role"":""TIME-ARG"",""start"":8,""end"":9},{""role"":""FALSE-EVENT"",""start"":14,""end"":16},{""role"":""TIME-ARG"",""start"":18,""end"":19},{""role"":""PLACE-ARG"",""start"":23,""end"":24},{""role"":""TIME-ARG"",""start"":26,""end"":27},{""role"":""FALSE-EVENT"",""start"":33,""end"":35}],""entities"":[{""type"":""ARG"",""start"":1,""end"":2},{""type"":""LOC"",""start"":6,""end"":7},{""type"":""ARG"",""start"":8,""end"":9},{""type"":""EVE"",""start"":14,""end"":16},{""type"":""ARG"",""start"":18,""end"":19},{""type"":""LOC"",""start"":23,""end"":24},{""type"":""ARG"",""start"":26,""end"":27},{""type"":""EVE"",""start"":33,""end"":35}]}"
c_d351753c86f0,"{""n_tokens"":15,""arguments"":[{""role"":""TIME-ARG"",""start"":3,""end"":4},{""role"":""FALSE-EVENT"",""start"":6,""end"":8}],""entities"":[{""type"":""EVE"",""start"":0,""end"":1},{""type"":""ARG"",""start"":3,""end"":4},{""type"":""EVE"",""start"":6,""end"":8}]}"
c_b647ddde495c,"{""n_tokens"":7,""arguments"":[{""role"":""EARTHQUAKE-EVENT"",""start"":0,""end"":2},{""role"":""PLACE-ARG"",""start"":4,""end"":7}],""entities"":[{""type"":""EVE"",""start"":0,""end"":2},{""type"":""LOC"",""start"":4,""end"":7}]}"
c_0c7f75a4595c,"{""n_tokens"":26,""arguments"":[{""role"":""FALSE-EVENT"",""start"":3,""end"":5},{""role"":""OFFICER-ARG"",""start"":6,""end"":7},{""role"":""FALSE-EVENT"",""start"":16,""end"":17},{""role"":""PLACE-ARG"",""start"":21,""end"":22}],""entities"":[{""type"":""EVE"",""start"":3,""end"":5},{""type"":""ORG"",""start"":6,""end"":7},{""type"":""EVE"",""start"":16,""end"":17},{""type"":""PLOC"",""start"":21,""end"":22}]}"
c_53a36f3a9176,"{""n_tokens"":40,""arguments"":[{""role"":""FALSE-EVENT"",""start"":0,""end"":1},{""role"":""FALSE-EVENT"",""start"":3,""end"":5},{""role"":""PLACE-ARG"",""start"":17,""end"":18},{""role"":""REASON-ARG"",""start"":21,""end"":26},{""role"":""PLACE-ARG"",""start"":32,""end"":33},{""role"":""PLACE-ARG"",""start"":36,""end"":37}],""entities"":[{""type"":""EVE"",""start"":3,""end"":5},{""type"":""LOC"",""start"":17,""end"":18},{""type"":""ARG"",""start"":21,""end"":26},{""type"":""PLOC"",""start"":32,""end"":33},{""type"":""PLOC"",""start"":36,""end"":37}]}"
c_1383fc7d797d,"{""n_tokens"":27,""arguments"":[{""role"":""TIME-ARG"",""start"":0,""end"":4},{""role"":""FALSE-EVENT"",""start"":12,""end"":14},{""role"":""PLACE-ARG"",""start"":18,""end"":20},{""role"":""PLACE-ARG"",""start"":21,""end"":22}],""entities"":[{""type"":""ARG"",""start"":0,""end"":1},{""type"":""EVE"",""start"":12,""end"":14},{""type"":""LOC"",""start"":18,""end"":19},{""type"":""LOC"",""start"":19,""end"":20},{""type"":""LOC"",""start"":21,""end"":22}]}"
c_2ca942f6b642,"{""n_tokens"":17,""arguments"":[{""role"":""EARTHQUAKE-EVENT"",""start"":0,""end"":2},{""role"":""INFORMATION-ARG"",""start"":2,""end"":4},{""role"":""PLACE-ARG"",""start"":7,""end"":8},{""role"":""EARTHQUAKE-EVENT"",""start"":8,""end"":10},{""role"":""PLACE-ARG"",""start"":16,""end"":17}],""entities"":[{""type"":""EVE"",""start"":0,""end"":2},{""type"":""ARG"",""start"":2,""end"":4},{""type"":""LOC"",""start"":7,""end"":8},{""type"":""EVE"",""start"":8,""end"":10},{""type"":""LOC"",""start"":16,""end"":17}]}"
c_c326c856c5fc,"{""n_tokens"":19,""arguments"":[{""role"":""EARTHQUAKE-EVENT"",""start"":3,""end"":5},{""role"":""PLACE-ARG"",""start"":11,""end"":14},{""role"":""INFORMATION-ARG"",""start"":14,""end"":19}],""entities"":[{""type"":""EVE"",""start"":3,""end"":5},{""type"":""LOC"",""start"":11,""end"":12},{""type"":""LOC"",""start"":12,""end"":14},{""type"":""ARG"",""start"":14,""end"":19}]}"
c_0410f954153e,"{""n_tokens"":28,""arguments"":[{""role"":""TIME-ARG"",""start"":0,""end"":3},{""role"":""EARTHQUAKE-EVENT"",""start"":3,""end"":5},{""role"":""INFORMATION-ARG"",""start"":5,""end"":8},{""role"":""PLACE-ARG"",""start"":9,""end"":11},{""role"":""FALSE-EVENT"",""start"":11,""end"":13},{""role"":""PLACE-ARG"",""start"":23,""end"":24}],""entities"":[{""type"":""ARG"",""start"":0,""end"":3},{""type"":""EVE"",""start"":3,""end"":5},{""type"":""ARG"",""start"":5,""end"":8},{""type"":""LOC"",""start"":9,""end"":11},{""type"":""EVE"",""start"":11,""end"":13},{""type"":""LOC"",""start"":23,""end"":24}]}"
c_87b0a28fdc98,"{""n_tokens"":30,""arguments"":[{""role"":""PLACE-ARG"",""start"":10,""end"":11},{""role"":""FALSE-EVENT"",""start"":12,""end"":14},{""role"":""PLACE-ARG"",""start"":15,""end"":17},{""role"":""INFORMATION-ARG"",""start"":18,""end"":21},{""role"":""TIME-ARG"",""start"":25,""end"":28}],""entities"":[{""type"":""EVE"",""start"":9,""end"":10},{""type"":""PLOC"",""start"":10,""end"":11},{""type"":""EVE"",""start"":12,""end"":14},{""type"":""LOC"",""start"":15,""end"":17},{""type"":""ARG"",""start"":18,""end"":21},{""type"":""ARG"",""start"":25,""end"":28}]}"
c_81ecd80060e8,"{""n_tokens"":35,""arguments"":[{""role"":""FALSE-EVENT"",""start"":1,""end"":3},{""role"":""INFORMATION-ARG"",""start"":3,""end"":6},{""role"":""PLACE-ARG"",""start"":7,""end"":9},{""role"":""FALSE-EVENT"",""start"":9,""end"":11},{""role"":""INFORMATION-ARG"",""start"":18,""end"":21},{""role"":""DEATHVICTIM-ARG"",""start"":23,""end"":25},{""role"":""PLACE-ARG"",""start"":28,""end"":29},{""role"":""DEATHVICTIM-ARG"",""start"":30,""end"":32}],""entities"":[{""type"":""EVE"",""start"":1,""end"":3},{""type"":""ARG"",""start"":3,""end"":6},{""type"":""LOC"",""start"":7,""end"":9},{""type"":""EVE"",""start"":9,""end"":11},{""type"":""ARG"",""start"":18,""end"":21},{""type"":""ARG"",""start"":23,""end"":25},{""type"":""LOC"",""start"":28,""end"":29},{""type"":""ARG"",""start"":30,""end"":32}]}"
c_0a16d85e5780,"{""n_tokens"":23,""arguments"":[{""role"":""FALSE-EVENT"",""start"":4,""end"":6},{""role"":""PLACE-ARG"",""start"":9,""end"":10},{""role"":""TIME-ARG"",""start"":10,""end"":12}],""entities"":[{""type"":""EVE"",""start"":4,""end"":6},{""type"":""LOC"",""start"":9,""end"":10},{""type"":""ARG"",""start"":10,""end"":12}]}"
c_abe9accf40a7,"{""n_tokens"":36,""arguments"":[{""role"":""PLACE-ARG"",""start"":3,""end"":5},{""role"":""FALSE-EVENT"",""start"":14,""end"":16}],""entities"":[{""type"":""LOC"",""start"":3,""end"":5},{""type"":""EVE"",""start"":14,""end"":16}]}"
c_030635735b55,"{""n_tokens"":9,""arguments"":[{""role"":""FALSE-EVENT"",""start"":1,""end"":3},{""role"":""PLACE-ARG"",""start"":6,""end"":7},{""role"":""TIME-ARG"",""start"":7,""end"":9}],""entities"":[{""type"":""EVE"",""start"":1,""end"":3},{""type"":""LOC"",""start"":6,""end"":7},{""type"":""ARG"",""start"":7,""end"":9}]}"
c_23ea5ca328fc,"{""n_tokens"":9,""arguments"":[{""role"":""EARTHQUAKE-EVENT"",""start"":0,""end"":2},{""role"":""INFORMATION-ARG"",""start"":2,""end"":5},{""role"":""PLACE-ARG"",""start"":8,""end"":9}],""entities"":[{""type"":""EVE"",""start"":0,""end"":2},{""type"":""ARG"",""start"":2,""end"":5},{""type"":""LOC"",""start"":8,""end"":9}]}"
c_7c2e031635d7,"{""n_tokens"":40,""arguments"":[{""role"":""FALSE-EVENT"",""start"":20,""end"":22}],""entities"":[{""type"":""EVE"",""start"":20,""end"":22}]}"
c_f78ba6206e28,"{""n_tokens"":30,""arguments"":[{""role"":""OFFICER-ARG"",""start"":0,""end"":2},{""role"":""PLACE-ARG"",""start"":2,""end"":3},{""role"":""OFFICER-ARG"",""start"":5,""end"":6},{""role"":""PLACE-ARG"",""start"":6,""end"":7},{""role"":""PLACE-ARG"",""start"":11,""end"":13},{""role"":""FALSE-EVENT"",""start"":15,""end"":17},{""role"":""TIME-ARG"",""start"":23,""end"":24},{""role"":""PLACE-ARG"",""start"":28,""end"":30}],""entities"":[{""type"":""ORG"",""start"":0,""end"":2},{""type"":""PLOC"",""start"":2,""end"":3},{""type"":""ORG"",""start"":5,""end"":6},{""type"":""PLOC"",""start"":6,""end"":7},{""type"":""EVE"",""start"":15,""end"":17},{""type"":""ARG"",""start"":23,""end"":24},{""type"":""LOC"",""start"":28,""end"":30}]}"
c_e328b8afc141,"{""n_tokens"":11,""arguments"":[{""role"":""FALSE-EVENT"",""start"":0,""end"":2},{""role"":""PLACE-ARG"",""start"":3,""end"":4},{""role"":""WOUNDVICTIM-ARG"",""start"":5,""end"":7}],""entities"":[{""type"":""EVE"",""start"":0,""end"":2},{""type"":""LOC"",""start"":3,""end"":4},{""type"":""ARG"",""start"":5,""end"":7},{""type"":""ARG"",""start"":7,""end"":11}]}"
c_5ca36ce72c7a,"{""n_tokens"":22,""arguments"":[{""role"":""PLACE-ARG"",""start"":5,""end"":6},{""role"":""FALSE-EVENT"",""start"":12,""end"":14}],""entities"":[{""type"":""PLOC"",""start"":5,""end"":6},{""type"":""EVE"",""start"":12,""end"":14}]}"
c_244bb9930756,"{""n_tokens"":23,""arguments"":[{""role"":""AFFECTEDOBJECTS-ARG"",""start"":0,""end"":1},{""role"":""FALSE-EVENT"",""start"":4,""end"":6}],""entities"":[{""type"":""ARG"",""start"":0,""end"":1},{""type"":""EVE"",""start"":4,""end"":6}]}"
c_84778de19261,"{""n_tokens"":16,""arguments"":[{""role"":""TIME-ARG"",""start"":4,""end"":7},{""role"":""FALSE-EVENT"",""start"":7,""end"":9},{""role"":""PLACE-ARG"",""start"":9,""end"":10},{""role"":""PLACE-ARG"",""start"":11,""end"":12},{""role"":""PLACE-ARG"",""start"":15,""end"":16}],""entities"":[{""type"":""ARG"",""start"":4,""end"":7},{""type"":""EVE"",""start"":7,""end"":9},{""type"":""LOC"",""start"":9,""end"":10},{""type"":""LOC"",""start"":11,""end"":12},{""type"":""PLOC"",""start"":15,""end"":16}]}"
c_08a7d5a604bf,"{""n_tokens"":15,""arguments"":[{""role"":""EARTHQUAKE-EVENT"",""start"":4,""end"":6},{""role"":""PLACE-ARG"",""start"":7,""end"":8},{""role"":""EARTHQUAKE-EVENT"",""start"":9,""end"":10},{""role"":""PLACE-ARG"",""start"":12,""end"":13},{""role"":""PLACE-ARG"",""start"":14,""end"":15}],""entities"":[{""type"":""EVE"",""start"":4,""end"":6},{""type"":""LOC"",""start"":7,""end"":8},{""type"":""EVE"",""start"":9,""end"":10},{""type"":""LOC"",""start"":12,""end"":13},{""type"":""LOC"",""start"":14,""end"":15}]}"
c_097613157174,"{""n_tokens"":27,""arguments"":[{""role"":""FALSE-EVENT"",""start"":2,""end"":4},{""role"":""OFFICER-ARG"",""start"":6,""end"":11},{""role"":""OFFICER-ARG"",""start"":12,""end"":13}],""entities"":[{""type"":""EVE"",""start"":2,""end"":4},{""type"":""ORG"",""start"":6,""end"":11},{""type"":""ORG"",""start"":12,""end"":13}]}"
c_973a60221e0a,"{""n_tokens"":46,""arguments"":[{""role"":""FALSE-EVENT"",""start"":22,""end"":24},{""role"":""PLACE-ARG"",""start"":27,""end"":28}],""entities"":[{""type"":""EVE"",""start"":22,""end"":24},{""type"":""LOC"",""start"":27,""end"":28}]}"
c_41ab909d733f,"{""n_tokens"":30,""arguments"":[{""role"":""PLACE-ARG"",""start"":0,""end"":2},{""role"":""FALSE-EVENT"",""start"":6,""end"":8},{""role"":""PLACE-ARG"",""start"":13,""end"":14},{""role"":""TIME-ARG"",""start"":15,""end"":16},{""role"":""OFFICER-ARG"",""start"":17,""end"":18},{""role"":""PLACE-ARG"",""start"":18,""end"":21}],""entities"":[{""type"":""PLOC"",""start"":0,""end"":2},{""type"":""EVE"",""start"":6,""end"":8},{""type"":""LOC"",""start"":13,""end"":14},{""type"":""ARG"",""start"":15,""end"":16},{""type"":""ORG"",""start"":17,""end"":18},{""type"":""PLOC"",""start"":18,""end"":21}]}"
c_b41b2dce9e74,"{""n_tokens"":36,""arguments"":[{""role"":""FALSE-EVENT"",""start"":12,""end"":14},{""role"":""PLACE-ARG"",""start"":15,""end"":16},{""role"":""INFORMATION-ARG"",""start"":20,""end"":23}],""entities"":[{""type"":""EVE"",""start"":12,""end"":14},{""type"":""LOC"",""start"":15,""end"":16},{""type"":""ARG"",""start"":20,""end"":23}]}"
c_b7309fad3c2e,"{""n_tokens"":25,""arguments"":[{""role"":""EARTHQUAKE-EVENT"",""start"":0,""end"":2},{""role"":""INFORMATION-ARG"",""start"":3,""end"":6},{""role"":""PLACE-ARG"",""start"":8,""end"":12},{""role"":""EARTHQUAKE-EVENT"",""start"":12,""end"":13},{""role"":""INFORMATION-ARG"",""start"":14,""end"":18}],""entities"":[{""type"":""EVE"",""start"":0,""end"":2},{""type"":""ARG"",""start"":3,""end"":6},{""type"":""LOC"",""start"":8,""end"":10},{""type"":""LOC"",""start"":10,""end"":12},{""type"":""EVE"",""start"":12,""end"":13},{""type"":""ARG"",""start"":14,""end"":18}]}"
c_515dc540c269,"{""n_tokens"":15,""arguments"":[{""role"":""EARTHQUAKE-EVENT"",""start"":0,""end"":1},{""role"":""INFORMATION-ARG"",""start"":1,""end"":4},{""role"":""EARTHQUAKE-EVENT"",""start"":4,""end"":5},{""role"":""PLACE-ARG"",""start"":5,""end"":8},{""role"":""EARTHQUAKE-EVENT"",""start"":9,""end"":11},{""role"":""PLACE-ARG"",""start"":12,""end"":15}],""entities"":[{""type"":""EVE"",""start"":0,""end"":1},{""type"":""ARG"",""start"":1,""end"":4},{""type"":""EVE"",""start"":4,""end"":5},{""type"":""LOC"",""start"":5,""end"":8},{""type"":""EVE"",""start"":9,""end"":11},{""type"":""LOC"",""start"":12,""end"":15}]}"
c_e85efcec9806,"{""n_tokens"":38,""arguments"":[{""role"":""FALSE-EVENT"",""start"":21,""end"":23},{""role"":""PLACE-ARG"",""start"":34,""end"":35}],""entities"":[{""type"":""EVE"",""start"":21,""end"":23},{""type"":""LOC"",""start"":34,""end"":35}]}"
c_253c2463ee65,"{""n_tokens"":40,""arguments"":[{""role"":""EARTHQUAKE-EVENT"",""start"":0,""end"":2},{""role"":""INFORMATION-ARG"",""start"":2,""end"":7},{""role"":""PLACE-ARG"",""start"":9,""end"":11},{""role"":""PLACE-ARG"",""start"":12,""end"":13},{""role"":""OFFICER-ARG"",""start"":14,""end"":19},{""role"":""PLACE-ARG"",""start"":19,""end"":20},{""role"":""OFFICER-ARG"",""start"":21,""end"":22},{""role"":""EARTHQUAKE-EVENT"",""start"":23,""end"":24},{""role"":""TIME-ARG"",""start"":26,""end"":29},{""role"":""PLACE-ARG"",""start"":30,""end"":32}],""entities"":[{""type"":""EVE"",""start"":0,""end"":2},{""type"":""ARG"",""start"":2,""end"":7},{""type"":""EVE"",""start"":7,""end"":8},{""type"":""LOC"",""start"":9,""end"":11},{""type"":""LOC"",""start"":12,""end"":13},{""type"":""ORG"",""start"":14,""end"":19},{""type"":""PLOC"",""start"":19,""end"":20},{""type"":""ORG"",""start"":21,""end"":22},{""type"":""EVE"",""start"":23,""end"":24},{""type"":""ARG"",""start"":26,""end"":29},{""type"":""PLOC"",""start"":30,""end"":32},{""type"":""LOC"",""start"":37,""end"":38},{""type"":""LOC"",""start"":38,""end"":40}]}"
c_850229f51f9d,"{""n_tokens"":13,""arguments"":[{""role"":""EARTHQUAKE-EVENT"",""start"":2,""end"":4},{""role"":""PLACE-ARG"",""start"":5,""end"":9},{""role"":""TIME-ARG"",""start"":10,""end"":13}],""entities"":[{""type"":""EVE"",""start"":2,""end"":4},{""type"":""LOC"",""start"":5,""end"":7},{""type"":""LOC"",""start"":7,""end"":9},{""type"":""ARG"",""start"":10,""end"":13}]}"
c_6f01fffc4df9,"{""n_tokens"":11,""arguments"":[{""role"":""FALSE-EVENT"",""start"":6,""end"":8},{""role"":""PLACE-ARG"",""start"":9,""end"":11}],""entities"":[{""type"":""EVE"",""start"":6,""end"":8},{""type"":""LOC"",""start"":9,""end"":11}]}"
c_ff8713d59b17,"{""n_tokens"":15,""arguments"":[{""role"":""EARTHQUAKE-EVENT"",""start"":1,""end"":3},{""role"":""PLACE-ARG"",""start"":9,""end"":11},{""role"":""INFORMATION-ARG"",""start"":12,""end"":15}],""entities"":[{""type"":""EVE"",""start"":1,""end"":3},{""type"":""LOC"",""start"":9,""end"":11},{""type"":""ARG"",""start"":12,""end"":15}]}"
c_f2e18d38beb4,"{""n_tokens"":45,""arguments"":[{""role"":""FALSE-EVENT"",""start"":0,""end"":2},{""role"":""PLACE-ARG"",""start"":13,""end"":14},{""role"":""PLACE-ARG"",""start"":17,""end"":18}],""entities"":[{""type"":""EVE"",""start"":0,""end"":2},{""type"":""PLOC"",""start"":13,""end"":14},{""type"":""PLOC"",""start"":17,""end"":18}]}"
c_c94c73d5f54d,"{""n_tokens"":30,""arguments"":[{""role"":""EARTHQUAKE-EVENT"",""start"":0,""end"":2},{""role"":""INFORMATION-ARG"",""start"":3,""end"":6},{""role"":""EARTHQUAKE-EVENT"",""start"":10,""end"":11},{""role"":""PLACE-ARG"",""start"":12,""end"":13},{""role"":""PLACE-ARG"",""start"":14,""end"":20},{""role"":""PLACE-ARG"",""start"":21,""end"":22},{""role"":""TIME-ARG"",""start"":23,""end"":24},{""role"":""TIME-ARG"",""start"":25,""end"":26}],""entities"":[{""type"":""EVE"",""start"":0,""end"":2},{""type"":""ARG"",""start"":3,""end"":6},{""type"":""EVE"",""start"":10,""end"":11},{""type"":""LOC"",""start"":12,""end"":13},{""type"":""LOC"",""start"":14,""end"":16},{""type"":""LOC"",""start"":17,""end"":20},{""type"":""LOC"",""start"":21,""end"":22},{""type"":""ARG"",""start"":23,""end"":24},{""type"":""ARG"",""start"":25,""end"":26}]}"
c_3099dc82ebdc,"{""n_tokens"":35,""arguments"":[{""role"":""FALSE-EVENT"",""start"":0,""end"":2},{""role"":""PLACE-ARG"",""start"":7,""end"":8},{""role"":""OFFICER-ARG"",""start"":11,""end"":16},{""role"":""OFFICER-ARG"",""start"":17,""end"":18},{""role"":""FALSE-EVENT"",""start"":20,""end"":21},{""role"":""PLACE-ARG"",""start"":22,""end"":23},{""role"":""TIME-ARG"",""start"":26,""end"":28}],""entities"":[{""type"":""EVE"",""start"":0,""end"":2},{""type"":""LOC"",""start"":7,""end"":8},{""type"":""ORG"",""start"":11,""end"":16},{""type"":""ORG"",""start"":17,""end"":18},{""type"":""EVE"",""start"":20,""end"":21},{""type"":""LOC"",""start"":22,""end"":23},{""type"":""ARG"",""start"":26,""end"":28},{""type"":""EVE"",""start"":33,""end"":34}]}"
c_bc8a9c8d7dae,"{""n_tokens"":17,""arguments"":[{""role"":""PLACE-ARG"",""start"":0,""end"":1},{""role"":""FALSE-EVENT"",""start"":8,""end"":10},{""role"":""PLACE-ARG"",""start"":13,""end"":14},{""role"":""PLACE-ARG"",""start"":15,""end"":16}],""entities"":[{""type"":""PLOC"",""start"":0,""end"":1},{""type"":""PLOC"",""start"":5,""end"":6},{""type"":""EVE"",""start"":8,""end"":10},{""type"":""LOC"",""start"":13,""end"":14},{""type"":""LOC"",""start"":15,""end"":16}]}"
c_748c9566ffa2,"{""n_tokens"":48,""arguments"":[{""role"":""TIME-ARG"",""start"":4,""end"":8},{""role"":""EARTHQUAKE-EVENT"",""start"":12,""end"":14},{""role"":""INFORMATION-ARG"",""start"":14,""end"":16},{""role"":""PLACE-ARG"",""start"":32,""end"":34},{""role"":""INFORMATION-ARG"",""start"":35,""end"":37},{""role"":""TIME-ARG"",""start"":41,""end"":48}],""entities"":[{""type"":""ORG"",""start"":3,""end"":4},{""type"":""ARG"",""start"":4,""end"":5},{""type"":""ARG"",""start"":5,""end"":8},{""type"":""EVE"",""start"":12,""end"":14},{""type"":""ARG"",""start"":14,""end"":16},{""type"":""LOC"",""start"":32,""end"":34},{""type"":""ARG"",""start"":35,""end"":37},{""type"":""ARG"",""start"":41,""end"":42},{""type"":""ARG"",""start"":42,""end"":45},{""type"":""ARG"",""start"":45,""end"":48}]}"
c_60bc3b2c49e9,"{""n_tokens"":33,""arguments"":[{""role"":""TIME-ARG"",""start"":0,""end"":1},{""role"":""FALSE-EVENT"",""start"":11,""end"":13},{""role"":""PLACE-ARG"",""start"":14,""end"":15}],""entities"":[{""type"":""ARG"",""start"":0,""end"":1},{""type"":""EVE"",""start"":11,""end"":13},{""type"":""LOC"",""start"":14,""end"":15}]}"
c_cdc0cb41fa54,"{""n_tokens"":21,""arguments"":[{""role"":""FALSE-EVENT"",""start"":3,""end"":5},{""role"":""PLACE-ARG"",""start"":8,""end"":9},{""role"":""PLACE-ARG"",""start"":10,""end"":11},{""role"":""PLACE-ARG"",""start"":13,""end"":14}],""entities"":[{""type"":""EVE"",""start"":3,""end"":5},{""type"":""LOC"",""start"":8,""end"":9},{""type"":""LOC"",""start"":10,""end"":11},{""type"":""PLOC"",""start"":13,""end"":14}]}"
c_785c957e5878,"{""n_tokens"":29,""arguments"":[{""role"":""FALSE-EVENT"",""start"":1,""end"":3}],""entities"":[{""type"":""EVE"",""start"":1,""end"":3}]}"
c_a34b30f2ff5b,"{""n_tokens"":32,""arguments"":[{""role"":""FALSE-EVENT"",""start"":17,""end"":19},{""role"":""PLACE-ARG"",""start"":20,""end"":21}],""entities"":[{""type"":""EVE"",""start"":17,""end"":19},{""type"":""LOC"",""start"":20,""end"":21}]}"
c_dcd8d16bbb2f,"{""n_tokens"":22,""arguments"":[{""role"":""EARTHQUAKE-EVENT"",""start"":1,""end"":3},{""role"":""INFORMATION-ARG"",""start"":3,""end"":6},{""role"":""PLACE-ARG"",""start"":7,""end"":8},{""role"":""AFFECTEDOBJECTS-ARG"",""start"":9,""end"":16},{""role"":""AFFECTEDOBJECTS-ARG"",""start"":17,""end"":19}],""entities"":[{""type"":""EVE"",""start"":1,""end"":3},{""type"":""ARG"",""start"":3,""end"":6},{""type"":""LOC"",""start"":7,""end"":8},{""type"":""ARG"",""start"":9,""end"":12},{""type"":""ARG"",""start"":14,""end"":16},{""type"":""ARG"",""start"":17,""end"":19}]}"
c_b0907cae317a,"{""n_tokens"":34,""arguments"":[{""role"":""EARTHQUAKE-EVENT"",""start"":1,""end"":3},{""role"":""INFORMATION-ARG"",""start"":4,""end"":6},{""role"":""EARTHQUAKE-EVENT"",""start"":6,""end"":7},{""role"":""PLACE-ARG"",""start"":7,""end"":9},{""role"":""PLACE-ARG"",""start"":10,""end"":12},{""role"":""INFORMATION-ARG"",""start"":12,""end"":15},{""role"":""PLACE-ARG"",""start"":17,""end"":18},{""role"":""TIME-ARG"",""start"":19,""end"":27},{""role"":""EARTHQUAKE-EVENT"",""start"":28,""end"":29},{""role"":""INFORMATION-ARG"",""start"":31,""end"":34}],""entities"":[{""type"":""EVE"",""start"":1,""end"":3},{""type"":""ARG"",""start"":4,""end"":6},{""type"":""EVE"",""start"":6,""end"":7},{""type"":""LOC"",""start"":7,""end"":9},{""type"":""LOC"",""start"":10,""end"":12},{""type"":""ARG"",""start"":12,""end"":15},{""type"":""PLOC"",""start"":17,""end"":18},{""type"":""ARG"",""start"":19,""end"":21},{""type"":""ARG"",""start"":21,""end"":24},{""type"":""ARG"",""start"":24,""end"":27},{""type"":""EVE"",""start"":28,""end"":29},{""type"":""ARG"",""start"":31,""end"":34}]}"
c_4edab0e32b4c,"{""n_tokens"":30,""arguments"":[{""role"":""EARTHQUAKE-EVENT"",""start"":5,""end"":7},{""role"":""INFORMATION-ARG"",""start"":8,""end"":10},{""role"":""PLACE-ARG"",""start"":11,""end"":13},{""role"":""PLACE-ARG"",""start"":14,""end"":16},{""role"":""INFORMATION-ARG"",""start"":16,""end"":19},{""role"":""PLACE-ARG"",""start"":21,""end"":22},{""role"":""TIME-ARG"",""start"":23,""end"":30}],""entities"":[{""type"":""EVE"",""start"":5,""end"":7},{""type"":""ARG"",""start"":8,""end"":10},{""type"":""EVE"",""start"":10,""end"":11},{""type"":""LOC"",""start"":11,""end"":13},{""type"":""LOC"",""start"":14,""end"":16},{""type"":""ARG"",""start"":16,""end"":19},{""type"":""PLOC"",""start"":21,""end"":22},{""type"":""ARG"",""start"":23,""end"":25},{""type"":""ARG"",""start"":25,""end"":28},{""type"":""ARG"",""start"":28,""end"":30}]}"
c_8c9dc82e7bdb,"{""n_tokens"":27,""arguments"":[{""role"":""FALSE-EVENT"",""start"":4,""end"":6},{""role"":""PLACE-ARG"",""start"":14,""end"":15},{""role"":""PLACE-ARG"",""start"":16,""end"":17},{""role"":""PLACE-ARG"",""start"":20,""end"":22},{""role"":""PLACE-ARG"",""start"":23,""end"":24}],""entities"":[{""type"":""EVE"",""start"":4,""end"":6},{""type"":""LOC"",""start"":14,""end"":15},{""type"":""PLOC"",""start"":16,""end"":17},{""type"":""LOC"",""start"":20,""end"":22}]}"
c_82582fe08cf2,"{""n_tokens"":30,""arguments"":[{""role"":""EARTHQUAKE-EVENT"",""start"":6,""end"":8},{""role"":""INFORMATION-ARG"",""start"":9,""end"":11},{""role"":""PLACE-ARG"",""start"":12,""end"":14},{""role"":""PLACE-ARG"",""start"":15,""end"":17},{""role"":""INFORMATION-ARG"",""start"":17,""end"":20},{""role"":""PLACE-ARG"",""start"":22,""end"":23}],""entities"":[{""type"":""EVE"",""start"":6,""end"":8},{""type"":""ARG"",""start"":9,""end"":11},{""type"":""EVE"",""start"":11,""end"":12},{""type"":""LOC"",""start"":12,""end"":14},{""type"":""LOC"",""start"":15,""end"":17},{""type"":""ARG"",""start"":17,""end"":20},{""type"":""PLOC"",""start"":22,""end"":23},{""type"":""ARG"",""start"":25,""end"":26},{""type"":""ARG"",""start"":26,""end"":29}]}"
c_4d3f979b2de4,"{""n_tokens"":16,""arguments"":[{""role"":""FALSE-EVENT"",""start"":10,""end"":12},{""role"":""PLACE-ARG"",""start"":13,""end"":14}],""entities"":[{""type"":""EVE"",""start"":10,""end"":12},{""type"":""LOC"",""start"":13,""end"":14},{""type"":""ARG"",""start"":15,""end"":16}]}"
c_be6f81436a64,"{""n_tokens"":20,""arguments"":[{""role"":""EARTHQUAKE-EVENT"",""start"":0,""end"":2},{""role"":""INFORMATION-ARG"",""start"":3,""end"":6},{""role"":""PLACE-ARG"",""start"":8,""end"":10}],""entities"":[{""type"":""EVE"",""start"":0,""end"":2},{""type"":""ARG"",""start"":3,""end"":6},{""type"":""LOC"",""start"":8,""end"":10}]}"
c_2ed234d92c1d,"{""n_tokens"":20,""arguments"":[{""role"":""OFFICER-ARG"",""start"":0,""end"":1},{""role"":""EARTHQUAKE-EVENT"",""start"":2,""end"":4},{""role"":""PLACE-ARG"",""start"":8,""end"":10},{""role"":""PLACE-ARG"",""start"":11,""end"":13},{""role"":""INFORMATION-ARG"",""start"":13,""end"":16},{""role"":""PLACE-ARG"",""start"":18,""end"":19}],""entities"":[{""type"":""ORG"",""start"":0,""end"":1},{""type"":""EVE"",""start"":2,""end"":4},{""type"":""LOC"",""start"":8,""end"":10},{""type"":""LOC"",""start"":11,""end"":13},{""type"":""ARG"",""start"":13,""end"":16},{""type"":""PLOC"",""start"":18,""end"":19}]}"
c_be7301c91b88,"{""n_tokens"":23,""arguments"":[{""role"":""EARTHQUAKE-EVENT"",""start"":0,""end"":2},{""role"":""INFORMATION-ARG"",""start"":3,""end"":8},{""role"":""PLACE-ARG"",""start"":10,""end"":12},{""role"":""PLACE-ARG"",""start"":13,""end"":15},{""role"":""PLACE-ARG"",""start"":16,""end"":19}],""entities"":[{""type"":""EVE"",""start"":0,""end"":2},{""type"":""ARG"",""start"":3,""end"":8},{""type"":""LOC"",""start"":10,""end"":12},{""type"":""LOC"",""start"":13,""end"":15},{""type"":""LOC"",""start"":16,""end"":18},{""type"":""LOC"",""start"":18,""end"":19}]}"
c_22486cd93569,"{""n_tokens"":25,""arguments"":[{""role"":""EARTHQUAKE-EVENT"",""start"":0,""end"":2},{""role"":""INFORMATION-ARG"",""start"":3,""end"":6},{""role"":""PLACE-ARG"",""start"":7,""end"":9},{""role"":""PLACE-ARG"",""start"":10,""end"":12},{""role"":""INFORMATION-ARG"",""start"":12,""end"":15}],""entities"":[{""type"":""EVE"",""start"":0,""end"":2},{""type"":""ARG"",""start"":3,""end"":6},{""type"":""LOC"",""start"":7,""end"":9},{""type"":""LOC"",""start"":10,""end"":12},{""type"":""ARG"",""start"":12,""end"":15}]}"
c_65430e1bdc13,"{""n_tokens"":45,""arguments"":[{""role"":""PLACE-ARG"",""start"":4,""end"":5},{""role"":""PLACE-ARG"",""start"":6,""end"":7},{""role"":""TIME-ARG"",""start"":8,""end"":12},{""role"":""FALSE-EVENT"",""start"":13,""end"":14},{""role"":""PLACE-ARG"",""start"":21,""end"":22},{""role"":""PLACE-ARG"",""start"":23,""end"":24},{""role"":""EARTHQUAKE-EVENT"",""start"":29,""end"":31},{""role"":""PLACE-ARG"",""start"":36,""end"":37},{""role"":""PLACE-ARG"",""start"":38,""end"":39},{""role"":""TIME-ARG"",""start"":40,""end"":41},{""role"":""TIME-ARG"",""start"":43,""end"":44}],""entities"":[{""type"":""PLOC"",""start"":4,""end"":5},{""type"":""PLOC"",""start"":6,""end"":7},{""type"":""ARG"",""start"":8,""end"":9},{""type"":""ARG"",""start"":9,""end"":12},{""type"":""EVE"",""start"":13,""end"":14},{""type"":""LOC"",""start"":21,""end"":22},{""type"":""LOC"",""start"":23,""end"":24},{""type"":""EVE"",""start"":29,""end"":31},{""type"":""LOC"",""start"":36,""end"":37},{""type"":""LOC"",""start"":38,""end"":39},{""type"":""ARG"",""start"":40,""end"":41},{""type"":""ARG"",""start"":43,""end"":44}]}"
c_7bf10e315347,"{""n_tokens"":30,""arguments"":[{""role"":""FALSE-EVENT"",""start"":12,""end"":14},{""role"":""PLACE-ARG"",""start"":15,""end"":18},{""role"":""TIME-ARG"",""start"":18,""end"":20},{""role"":""OFFICER-ARG"",""start"":22,""end"":23},{""role"":""PLACE-ARG"",""start"":23,""end"":25},{""role"":""TIME-ARG"",""start"":28,""end"":29}],""entities"":[{""type"":""EVE"",""start"":12,""end"":14},{""type"":""LOC"",""start"":15,""end"":18},{""type"":""ARG"",""start"":18,""end"":20},{""type"":""ORG"",""start"":22,""end"":23},{""type"":""PLOC"",""start"":23,""end"":25},{""type"":""ARG"",""start"":28,""end"":29}]}"
c_bb5f9cb222ca,"{""n_tokens"":9,""arguments"":[{""role"":""EARTHQUAKE-EVENT"",""start"":0,""end"":2},{""role"":""PLACE-ARG"",""start"":3,""end"":4},{""role"":""REASON-ARG"",""start"":5,""end"":9}],""entities"":[{""type"":""EVE"",""start"":0,""end"":2},{""type"":""LOC"",""start"":3,""end"":4},{""type"":""ARG"",""start"":5,""end"":9}]}"
c_f3be8cd3d199,"{""n_tokens"":41,""arguments"":[{""role"":""FALSE-EVENT"",""start"":9,""end"":11},{""role"":""FALSE-EVENT"",""start"":23,""end"":25}],""entities"":[{""type"":""EVE"",""start"":9,""end"":11},{""type"":""EVE"",""start"":23,""end"":25}]}"
c_a34b5a5ea296,"{""n_tokens"":23,""arguments"":[{""role"":""FALSE-EVENT"",""start"":1,""end"":3},{""role"":""FALSE-EVENT"",""start"":6,""end"":7},{""role"":""AFFECTEDOBJECTS-ARG"",""start"":11,""end"":12},{""role"":""TIME-ARG"",""start"":15,""end"":16}],""entities"":[{""type"":""EVE"",""start"":1,""end"":3},{""type"":""EVE"",""start"":6,""end"":7},{""type"":""ARG"",""start"":11,""end"":12},{""type"":""ARG"",""start"":15,""end"":16}]}"
c_b2c7ffd421b8,"{""n_tokens"":27,""arguments"":[{""role"":""OFFICER-ARG"",""start"":0,""end"":2},{""role"":""TIME-ARG"",""start"":7,""end"":9},{""role"":""PLACE-ARG"",""start"":11,""end"":12},{""role"":""FALSE-EVENT"",""start"":14,""end"":16},{""role"":""PLACE-ARG"",""start"":21,""end"":22},{""role"":""PLACE-ARG"",""start"":23,""end"":24}],""entities"":[{""type"":""ORG"",""start"":0,""end"":2},{""type"":""ARG"",""start"":7,""end"":9},{""type"":""LOC"",""start"":11,""end"":12},{""type"":""EVE"",""start"":14,""end"":16},{""type"":""LOC"",""start"":21,""end"":22},{""type"":""LOC"",""start"":23,""end"":24}]}"
c_10f55650f7c9,"{""n_tokens"":26,""arguments"":[{""role"":""TIME-ARG"",""start"":1,""end"":3},{""role"":""FALSE-EVENT"",""start"":11,""end"":13},{""role"":""PLACE-ARG"",""start"":14,""end"":16},{""role"":""TIME-ARG"",""start"":24,""end"":26}],""entities"":[{""type"":""ARG"",""start"":1,""end"":3},{""type"":""EVE"",""start"":11,""end"":13},{""type"":""LOC"",""start"":14,""end"":16}]}"
c_7492962c3279,"{""n_tokens"":28,""arguments"":[{""role"":""FALSE-EVENT"",""start"":2,""end"":4},{""role"":""PLACE-ARG"",""start"":5,""end"":7}],""entities"":[{""type"":""EVE"",""start"":2,""end"":4},{""type"":""LOC"",""start"":5,""end"":6},{""type"":""LOC"",""start"":6,""end"":7}]}"
c_2ed25918bf4f,"{""n_tokens"":18,""arguments"":[{""role"":""FALSE-EVENT"",""start"":0,""end"":2},{""role"":""PLACE-ARG"",""start"":14,""end"":15}],""entities"":[{""type"":""EVE"",""start"":0,""end"":2},{""type"":""PLOC"",""start"":14,""end"":15}]}"
c_02d5e9523c4d,"{""n_tokens"":34,""arguments"":[{""role"":""FALSE-EVENT"",""start"":19,""end"":21},{""role"":""PLACE-ARG"",""start"":30,""end"":31}],""entities"":[{""type"":""EVE"",""start"":19,""end"":21},{""type"":""PLOC"",""start"":30,""end"":31}]}"
c_78787c5bd1d2,"{""n_tokens"":15,""arguments"":[{""role"":""EARTHQUAKE-EVENT"",""start"":0,""end"":1},{""role"":""INFORMATION-ARG"",""start"":1,""end"":4},{""role"":""PLACE-ARG"",""start"":6,""end"":8},{""role"":""EARTHQUAKE-EVENT"",""start"":8,""end"":10},{""role"":""INFORMATION-ARG"",""start"":10,""end"":13}],""entities"":[{""type"":""EVE"",""start"":0,""end"":1},{""type"":""ARG"",""start"":1,""end"":4},{""type"":""LOC"",""start"":6,""end"":8},{""type"":""EVE"",""start"":8,""end"":10},{""type"":""ARG"",""start"":10,""end"":13}]}"
c_2ed20f521536,"{""n_tokens"":13,""arguments"":[{""role"":""TIME-ARG"",""start"":3,""end"":4},{""role"":""EARTHQUAKE-EVENT"",""start"":4,""end"":6},{""role"":""INFORMATION-ARG"",""start"":6,""end"":9},{""role"":""PLACE-ARG"",""start"":11,""end"":13}],""entities"":[{""type"":""ARG"",""start"":3,""end"":4},{""type"":""EVE"",""start"":4,""end"":6},{""type"":""ARG"",""start"":6,""end"":9},{""type"":""LOC"",""start"":11,""end"":13}]}"
c_af1f26457f5e,"{""n_tokens"":10,""arguments"":[{""role"":""PLACE-ARG"",""start"":0,""end"":2},{""role"":""EARTHQUAKE-EVENT"",""start"":3,""end"":5}],""entities"":[{""type"":""LOC"",""start"":0,""end"":2},{""type"":""EVE"",""start"":3,""end"":5}]}"
c_7265e25ba9d1,"{""n_tokens"":22,""arguments"":[{""role"":""PLACE-ARG"",""start"":0,""end"":1},{""role"":""TIME-ARG"",""start"":2,""end"":3},{""role"":""FALSE-EVENT"",""start"":10,""end"":12},{""role"":""TIME-ARG"",""start"":16,""end"":19},{""role"":""PLACE-ARG"",""start"":21,""end"":22}],""entities"":[{""type"":""PLOC"",""start"":0,""end"":1},{""type"":""ARG"",""start"":2,""end"":3},{""type"":""EVE"",""start"":10,""end"":12},{""type"":""ARG"",""start"":16,""end"":19},{""type"":""LOC"",""start"":21,""end"":22}]}"
c_842216d3465f,"{""n_tokens"":26,""arguments"":[{""role"":""FALSE-EVENT"",""start"":4,""end"":6},{""role"":""PLACE-ARG"",""start"":9,""end"":10}],""entities"":[{""type"":""EVE"",""start"":4,""end"":6},{""type"":""LOC"",""start"":9,""end"":10}]}"
c_a6fd9536afd5,"{""n_tokens"":14,""arguments"":[{""role"":""FALSE-EVENT"",""start"":4,""end"":6}],""entities"":[{""type"":""EVE"",""start"":4,""end"":6}]}"
c_0b7917dda710,"{""n_tokens"":10,""arguments"":[{""role"":""FALSE-EVENT"",""start"":3,""end"":5},{""role"":""PLACE-ARG"",""start"":6,""end"":7}],""entities"":[{""type"":""EVE"",""start"":3,""end"":5},{""type"":""LOC"",""start"":6,""end"":7}]}"
c_4a3a2055a91e,"{""n_tokens"":10,""arguments"":[{""role"":""FALSE-EVENT"",""start"":3,""end"":5},{""role"":""PLACE-ARG"",""start"":6,""end"":7}],""entities"":[{""type"":""EVE"",""start"":3,""end"":5},{""type"":""LOC"",""start"":6,""end"":7}]}"
c_d81f97ae541e,"{""n_tokens"":10,""arguments"":[{""role"":""FALSE-EVENT"",""start"":3,""end"":5},{""role"":""PLACE-ARG"",""start"":6,""end"":7}],""entities"":[{""type"":""EVE"",""start"":3,""end"":5},{""type"":""LOC"",""start"":6,""end"":7}]}"
c_736d6bad55c6,"{""n_tokens"":18,""arguments"":[{""role"":""FALSE-EVENT"",""start"":6,""end"":7},{""role"":""FALSE-EVENT"",""start"":11,""end"":13},{""role"":""PLACE-ARG"",""start"":17,""end"":18}],""entities"":[{""type"":""EVE"",""start"":11,""end"":13},{""type"":""LOC"",""start"":17,""end"":18}]}"
c_f59f9015fd72,"{""n_tokens"":33,""arguments"":[{""role"":""PLACE-ARG"",""start"":0,""end"":1},{""role"":""PLACE-ARG"",""start"":4,""end"":5},{""role"":""FALSE-EVENT"",""start"":6,""end"":8},{""role"":""PLACE-ARG"",""start"":9,""end"":11},{""role"":""TIME-ARG"",""start"":24,""end"":27},{""role"":""INFORMATION-ARG"",""start"":28,""end"":31}],""entities"":[{""type"":""PLOC"",""start"":0,""end"":1},{""type"":""PLOC"",""start"":4,""end"":5},{""type"":""EVE"",""start"":6,""end"":8},{""type"":""LOC"",""start"":9,""end"":11},{""type"":""ARG"",""start"":24,""end"":27},{""type"":""ARG"",""start"":28,""end"":31}]}"
c_58e3ff364674,"{""n_tokens"":43,""arguments"":[{""role"":""FALSE-EVENT"",""start"":6,""end"":8},{""role"":""OFFICER-ARG"",""start"":9,""end"":10},{""role"":""PLACE-ARG"",""start"":34,""end"":35},{""role"":""OFFICER-ARG"",""start"":36,""end"":37}],""entities"":[{""type"":""EVE"",""start"":6,""end"":8},{""type"":""ORG"",""start"":9,""end"":10},{""type"":""PLOC"",""start"":34,""end"":35},{""type"":""ORG"",""start"":36,""end"":37}]}"
c_b37470c77148,"{""n_tokens"":17,""arguments"":[{""role"":""EARTHQUAKE-EVENT"",""start"":1,""end"":3},{""role"":""PLACE-ARG"",""start"":5,""end"":7}],""entities"":[{""type"":""EVE"",""start"":0,""end"":1},{""type"":""EVE"",""start"":1,""end"":3},{""type"":""LOC"",""start"":5,""end"":7}]}"
c_69b8f9764176,"{""n_tokens"":51,""arguments"":[{""role"":""FALSE-EVENT"",""start"":5,""end"":6},{""role"":""FALSE-EVENT"",""start"":22,""end"":24},{""role"":""PLACE-ARG"",""start"":35,""end"":36},{""role"":""PLACE-ARG"",""start"":44,""end"":45}],""entities"":[{""type"":""EVE"",""start"":5,""end"":6},{""type"":""EVE"",""start"":22,""end"":24},{""type"":""LOC"",""start"":35,""end"":36},{""type"":""PLOC"",""start"":44,""end"":45}]}"
c_9bfe606d6b7a,"{""n_tokens"":32,""arguments"":[{""role"":""OFFICER-ARG"",""start"":1,""end"":5},{""role"":""OFFICER-ARG"",""start"":6,""end"":7},{""role"":""PLACE-ARG"",""start"":8,""end"":9},{""role"":""EARTHQUAKE-EVENT"",""start"":12,""end"":14},{""role"":""INFORMATION-ARG"",""start"":15,""end"":19},{""role"":""TIME-ARG"",""start"":25,""end"":26},{""role"":""TIME-ARG"",""start"":27,""end"":28},{""role"":""OFFICER-ARG"",""start"":29,""end"":32}],""entities"":[{""type"":""ORG"",""start"":1,""end"":5},{""type"":""ORG"",""start"":6,""end"":7},{""type"":""PLOC"",""start"":8,""end"":9},{""type"":""EVE"",""start"":12,""end"":14},{""type"":""ARG"",""start"":15,""end"":19},{""type"":""ARG"",""start"":25,""end"":26},{""type"":""ARG"",""start"":27,""end"":28},{""type"":""ORG"",""start"":29,""end"":32}]}"
c_61bc5942d640,"{""n_tokens"":29,""arguments"":[{""role"":""FALSE-EVENT"",""start"":13,""end"":15},{""role"":""PLACE-ARG"",""start"":16,""end"":17},{""role"":""TIME-ARG"",""start"":21,""end"":22},{""role"":""OFFICER-ARG"",""start"":26,""end"":28},{""role"":""PLACE-ARG"",""start"":28,""end"":29}],""entities"":[{""type"":""EVE"",""start"":13,""end"":15},{""type"":""LOC"",""start"":16,""end"":17},{""type"":""ARG"",""start"":21,""end"":22},{""type"":""ORG"",""start"":26,""end"":28},{""type"":""PLOC"",""start"":28,""end"":29}]}"
c_fa1c5ed831f1,"{""n_tokens"":51,""arguments"":[{""role"":""TIME-ARG"",""start"":4,""end"":8},{""role"":""EARTHQUAKE-EVENT"",""start"":13,""end"":15},{""role"":""INFORMATION-ARG"",""start"":15,""end"":18},{""role"":""INFORMATION-ARG"",""start"":26,""end"":29},{""role"":""PLACE-ARG"",""start"":40,""end"":41},{""role"":""TIME-ARG"",""start"":45,""end"":51}],""entities"":[{""type"":""ARG"",""start"":4,""end"":5},{""type"":""ARG"",""start"":5,""end"":8},{""type"":""EVE"",""start"":13,""end"":15},{""type"":""ARG"",""start"":15,""end"":18},{""type"":""ARG"",""start"":26,""end"":29},{""type"":""LOC"",""start"":40,""end"":41},{""type"":""ARG"",""start"":45,""end"":46},{""type"":""ARG"",""start"":46,""end"":49},{""type"":""ARG"",""start"":49,""end"":51}]}"
c_e039a3873fc1,"{""n_tokens"":25,""arguments"":[{""role"":""OFFICER-ARG"",""start"":0,""end"":2},{""role"":""FALSE-EVENT"",""start"":14,""end"":16},{""role"":""PLACE-ARG"",""start"":18,""end"":19},{""role"":""PLACE-ARG"",""start"":20,""end"":21},{""role"":""PLACE-ARG"",""start"":22,""end"":25}],""entities"":[{""type"":""ORG"",""start"":0,""end"":2},{""type"":""EVE"",""start"":14,""end"":16},{""type"":""LOC"",""start"":18,""end"":19},{""type"":""LOC"",""start"":20,""end"":21},{""type"":""LOC"",""start"":22,""end"":23},{""type"":""LOC"",""start"":23,""end"":25}]}"
c_22350e81d08b,"{""n_tokens"":39,""arguments"":[{""role"":""EARTHQUAKE-EVENT"",""start"":0,""end"":2},{""role"":""INFORMATION-ARG"",""start"":2,""end"":7},{""role"":""PLACE-ARG"",""start"":9,""end"":10},{""role"":""PLACE-ARG"",""start"":18,""end"":20},{""role"":""INFORMATION-ARG"",""start"":20,""end"":23},{""role"":""OFFICER-ARG"",""start"":25,""end"":30},{""role"":""OFFICER-ARG"",""start"":31,""end"":32},{""role"":""TIME-ARG"",""start"":35,""end"":36},{""role"":""TIME-ARG"",""start"":37,""end"":38}],""entities"":[{""type"":""EVE"",""start"":0,""end"":2},{""type"":""ARG"",""start"":2,""end"":7},{""type"":""LOC"",""start"":9,""end"":10},{""type"":""LOC"",""start"":18,""end"":20},{""type"":""ARG"",""start"":20,""end"":23},{""type"":""ORG"",""start"":25,""end"":30},{""type"":""ORG"",""start"":31,""end"":32},{""type"":""ARG"",""start"":35,""end"":36},{""type"":""ARG"",""start"":37,""end"":38}]}"
c_6e831e5083be,"{""n_tokens"":25,""arguments"":[{""role"":""FALSE-EVENT"",""start"":0,""end"":2},{""role"":""TIME-ARG"",""start"":2,""end"":5}],""entities"":[{""type"":""EVE"",""start"":0,""end"":2},{""type"":""ARG"",""start"":2,""end"":5}]}"
c_a97de86fd584,"{""n_tokens"":31,""arguments"":[{""role"":""EARTHQUAKE-EVENT"",""start"":0,""end"":2},{""role"":""INFORMATION-ARG"",""start"":2,""end"":8},{""role"":""PLACE-ARG"",""start"":10,""end"":11},{""role"":""INFORMATION-ARG"",""start"":11,""end"":16},{""role"":""PLACE-ARG"",""start"":25,""end"":26},{""role"":""INFORMATION-ARG"",""start"":26,""end"":30}],""entities"":[{""type"":""EVE"",""start"":0,""end"":2},{""type"":""ARG"",""start"":2,""end"":8},{""type"":""LOC"",""start"":10,""end"":11},{""type"":""ARG"",""start"":11,""end"":16},{""type"":""LOC"",""start"":25,""end"":26},{""type"":""ARG"",""start"":26,""end"":30}]}"
c_3eabac4b8128,"{""n_tokens"":31,""arguments"":[{""role"":""OFFICER-ARG"",""start"":0,""end"":6},{""role"":""FALSE-EVENT"",""start"":21,""end"":23},{""role"":""PLACE-ARG"",""start"":24,""end"":27},{""role"":""PLACE-ARG"",""start"":28,""end"":31}],""entities"":[{""type"":""ORG"",""start"":0,""end"":6},{""type"":""EVE"",""start"":21,""end"":23},{""type"":""LOC"",""start"":24,""end"":25},{""type"":""LOC"",""start"":25,""end"":26},{""type"":""LOC"",""start"":26,""end"":27},{""type"":""LOC"",""start"":28,""end"":29},{""type"":""LOC"",""start"":29,""end"":31}]}"
c_36a3bf13b299,"{""n_tokens"":31,""arguments"":[{""role"":""OFFICER-ARG"",""start"":0,""end"":1},{""role"":""PLACE-ARG"",""start"":1,""end"":3},{""role"":""FALSE-EVENT"",""start"":24,""end"":26},{""role"":""PLACE-ARG"",""start"":27,""end"":28}],""entities"":[{""type"":""ORG"",""start"":0,""end"":1},{""type"":""PLOC"",""start"":1,""end"":3},{""type"":""EVE"",""start"":24,""end"":26},{""type"":""LOC"",""start"":27,""end"":28}]}"
c_dc16d53fa36e,"{""n_tokens"":32,""arguments"":[{""role"":""FALSE-EVENT"",""start"":2,""end"":4},{""role"":""PLACE-ARG"",""start"":5,""end"":7},{""role"":""INFORMATION-ARG"",""start"":7,""end"":9},{""role"":""FALSE-EVENT"",""start"":24,""end"":25}],""entities"":[{""type"":""EVE"",""start"":2,""end"":4},{""type"":""LOC"",""start"":5,""end"":6},{""type"":""LOC"",""start"":6,""end"":7},{""type"":""ARG"",""start"":7,""end"":9},{""type"":""EVE"",""start"":24,""end"":25}]}"
c_90300a3efd59,"{""n_tokens"":43,""arguments"":[{""role"":""EARTHQUAKE-EVENT"",""start"":0,""end"":1},{""role"":""INFORMATION-ARG"",""start"":1,""end"":4},{""role"":""EARTHQUAKE-EVENT"",""start"":4,""end"":5},{""role"":""PLACE-ARG"",""start"":5,""end"":8},{""role"":""EARTHQUAKE-EVENT"",""start"":9,""end"":11},{""role"":""INFORMATION-ARG"",""start"":12,""end"":15},{""role"":""PLACE-ARG"",""start"":17,""end"":22},{""role"":""PLACE-ARG"",""start"":23,""end"":24},{""role"":""OFFICER-ARG"",""start"":39,""end"":40}],""entities"":[{""type"":""EVE"",""start"":0,""end"":1},{""type"":""ARG"",""start"":1,""end"":4},{""type"":""EVE"",""start"":4,""end"":5},{""type"":""LOC"",""start"":5,""end"":7},{""type"":""LOC"",""start"":7,""end"":8},{""type"":""EVE"",""start"":9,""end"":11},{""type"":""ARG"",""start"":12,""end"":15},{""type"":""LOC"",""start"":17,""end"":19},{""type"":""LOC"",""start"":19,""end"":22},{""type"":""LOC"",""start"":23,""end"":24},{""type"":""LOC"",""start"":34,""end"":36},{""type"":""ORG"",""start"":39,""end"":40}]}"
c_b96b2c428d5c,"{""n_tokens"":48,""arguments"":[{""role"":""EARTHQUAKE-EVENT"",""start"":0,""end"":1},{""role"":""PLACE-ARG"",""start"":3,""end"":5},{""role"":""INFORMATION-ARG"",""start"":7,""end"":10},{""role"":""PLACE-ARG"",""start"":10,""end"":11},{""role"":""EARTHQUAKE-EVENT"",""start"":14,""end"":16},{""role"":""PLACE-ARG"",""start"":20,""end"":22},{""role"":""EARTHQUAKE-EVENT"",""start"":24,""end"":25},{""role"":""INFORMATION-ARG"",""start"":27,""end"":30},{""role"":""OFFICER-ARG"",""start"":34,""end"":35},{""role"":""TIME-ARG"",""start"":35,""end"":36},{""role"":""TIME-ARG"",""start"":37,""end"":38},{""role"":""EARTHQUAKE-EVENT"",""start"":39,""end"":40},{""role"":""TIME-ARG"",""start"":43,""end"":46}],""entities"":[{""type"":""EVE"",""start"":0,""end"":1},{""type"":""LOC"",""start"":3,""end"":5},{""type"":""ARG"",""start"":7,""end"":10},{""type"":""PLOC"",""start"":10,""end"":11},{""type"":""EVE"",""start"":14,""end"":16},{""type"":""LOC"",""start"":20,""end"":22},{""type"":""EVE"",""start"":24,""end"":25},{""type"":""ARG"",""start"":27,""end"":30},{""type"":""ORG"",""start"":34,""end"":35},{""type"":""ARG"",""start"":35,""end"":36},{""type"":""ARG"",""start"":37,""end"":38},{""type"":""EVE"",""start"":39,""end"":40},{""type"":""ARG"",""start"":43,""end"":46}]}"
c_1481a44d6572,"{""n_tokens"":9,""arguments"":[{""role"":""REASON-ARG"",""start"":0,""end"":2},{""role"":""EARTHQUAKE-EVENT"",""start"":4,""end"":6},{""role"":""PLACE-ARG"",""start"":8,""end"":9}],""entities"":[{""type"":""ARG"",""start"":0,""end"":2},{""type"":""EVE"",""start"":4,""end"":6},{""type"":""LOC"",""start"":8,""end"":9}]}"
c_f17b6376d7c8,"{""n_tokens"":8,""arguments"":[{""role"":""PLACE-ARG"",""start"":2,""end"":3},{""role"":""EARTHQUAKE-EVENT"",""start"":3,""end"":5},{""role"":""PLACE-ARG"",""start"":7,""end"":8}],""entities"":[{""type"":""PLOC"",""start"":2,""end"":3},{""type"":""EVE"",""start"":3,""end"":5},{""type"":""LOC"",""start"":7,""end"":8}]}"
c_8d82391c1438,"{""n_tokens"":12,""arguments"":[{""role"":""EARTHQUAKE-EVENT"",""start"":0,""end"":2},{""role"":""PLACE-ARG"",""start"":4,""end"":6},{""role"":""PLACE-ARG"",""start"":7,""end"":11}],""entities"":[{""type"":""EVE"",""start"":0,""end"":2},{""type"":""LOC"",""start"":4,""end"":6},{""type"":""LOC"",""start"":7,""end"":11}]}"
c_fb4619519ff1,"{""n_tokens"":11,""arguments"":[{""role"":""PLACE-ARG"",""start"":5,""end"":6},{""role"":""EARTHQUAKE-EVENT"",""start"":6,""end"":8},{""role"":""PLACE-ARG"",""start"":10,""end"":11}],""entities"":[{""type"":""PLOC"",""start"":5,""end"":6},{""type"":""EVE"",""start"":6,""end"":8},{""type"":""LOC"",""start"":10,""end"":11}]}"
c_80cc49607144,"{""n_tokens"":28,""arguments"":[{""role"":""FALSE-EVENT"",""start"":4,""end"":6},{""role"":""PLACE-ARG"",""start"":15,""end"":16}],""entities"":[{""type"":""EVE"",""start"":4,""end"":6},{""type"":""LOC"",""start"":11,""end"":12},{""type"":""LOC"",""start"":12,""end"":13},{""type"":""LOC"",""start"":13,""end"":14},{""type"":""LOC"",""start"":15,""end"":16}]}"
c_f8098b159f6a,"{""n_tokens"":41,""arguments"":[{""role"":""TIME-ARG"",""start"":2,""end"":4},{""role"":""PLACE-ARG"",""start"":7,""end"":8},{""role"":""OFFICER-ARG"",""start"":25,""end"":28},{""role"":""FALSE-EVENT"",""start"":30,""end"":32}],""entities"":[{""type"":""ARG"",""start"":2,""end"":4},{""type"":""LOC"",""start"":7,""end"":8},{""type"":""ORG"",""start"":25,""end"":28},{""type"":""EVE"",""start"":30,""end"":32}]}"
c_b834f6658251,"{""n_tokens"":14,""arguments"":[{""role"":""FIRE-EVENT"",""start"":0,""end"":1},{""role"":""STREET-ARG"",""start"":2,""end"":5},{""role"":""PLACE-ARG"",""start"":5,""end"":6},{""role"":""AFFECTEDOBJECTS-ARG"",""start"":7,""end"":9}],""entities"":[{""type"":""EVE"",""start"":0,""end"":1},{""type"":""ARG"",""start"":2,""end"":5},{""type"":""LOC"",""start"":5,""end"":6},{""type"":""ARG"",""start"":7,""end"":9}]}"
c_7844c95d46df,"{""n_tokens"":50,""arguments"":[{""role"":""OFFICER-ARG"",""start"":0,""end"":1},{""role"":""FALSE-EVENT"",""start"":3,""end"":4},{""role"":""AFFECTEDOBJECTS-ARG"",""start"":4,""end"":5},{""role"":""STREET-ARG"",""start"":7,""end"":10},{""role"":""PLACE-ARG"",""start"":10,""end"":15},{""role"":""TIME-ARG"",""start"":18,""end"":19},{""role"":""TIME-ARG"",""start"":23,""end"":24}],""entities"":[{""type"":""ORG"",""start"":0,""end"":1},{""type"":""EVE"",""start"":3,""end"":4},{""type"":""ARG"",""start"":4,""end"":5},{""type"":""LOC"",""start"":6,""end"":7},{""type"":""ARG"",""start"":7,""end"":10},{""type"":""LOC"",""start"":10,""end"":11},{""type"":""PLOC"",""start"":11,""end"":14},{""type"":""PLOC"",""start"":14,""end"":15},{""type"":""ARG"",""start"":18,""end"":19},{""type"":""ARG"",""start"":19,""end"":22},{""type"":""ARG"",""start"":23,""end"":24}]}"
c_3c29c52117b6,"{""n_tokens"":43,""arguments"":[{""role"":""TIME-ARG"",""start"":0,""end"":1},{""role"":""TIME-ARG"",""start"":2,""end"":3},{""role"":""FIRE-EVENT"",""start"":4,""end"":5},{""role"":""AFFECTEDOBJECTS-ARG"",""start"":5,""end"":7},{""role"":""TIME-ARG"",""start"":9,""end"":12},{""role"":""PLACE-ARG"",""start"":13,""end"":15},{""role"":""PLACE-ARG"",""start"":16,""end"":17},{""role"":""PLACE-ARG"",""start"":18,""end"":20},{""role"":""OFFICER-ARG"",""start"":21,""end"":25},{""role"":""PLACE-ARG"",""start"":25,""end"":26},{""role"":""OFFICER-ARG"",""start"":29,""end"":30},{""role"":""PLACE-ARG"",""start"":30,""end"":31},{""role"":""FIRE-EVENT"",""start"":37,""end"":38},{""role"":""TIME-ARG"",""start"":40,""end"":43}],""entities"":[{""type"":""ARG"",""start"":0,""end"":1},{""type"":""ARG"",""start"":2,""end"":3},{""type"":""EVE"",""start"":4,""end"":5},{""type"":""ARG"",""start"":5,""end"":7},{""type"":""ARG"",""start"":9,""end"":12},{""type"":""LOC"",""start"":13,""end"":15},{""type"":""PLOC"",""start"":16,""end"":17},{""type"":""PLOC"",""start"":18,""end"":19},{""type"":""PLOC"",""start"":19,""end"":20},{""type"":""ORG"",""start"":21,""end"":25},{""type"":""PLOC"",""start"":25,""end"":26},{""type"":""ORG"",""start"":29,""end"":30},{""type"":""PLOC"",""start"":30,""end"":31},{""type"":""ARG"",""start"":32,""end"":36},{""type"":""EVE"",""start"":37,""end"":38}]}"
c_f78786c7dc98,"{""n_tokens"":40,""arguments"":[{""role"":""AFFECTEDOBJECTS-ARG"",""start"":1,""end"":4},{""role"":""PLACE-ARG"",""start"":5,""end"":6},{""role"":""FIRE-EVENT"",""start"":6,""end"":7},{""role"":""TIME-ARG"",""start"":8,""end"":9},{""role"":""TIME-ARG"",""start"":10,""end"":16},{""role"":""FIRE-EVENT"",""start"":24,""end"":25},{""role"":""AFFECTEDOBJECTS-ARG"",""start"":27,""end"":28},{""role"":""STREET-ARG"",""start"":29,""end"":32},{""role"":""PLACE-ARG"",""start"":32,""end"":33},{""role"":""OFFICER-ARG"",""start"":34,""end"":35}],""entities"":[{""type"":""ARG"",""start"":1,""end"":4},{""type"":""LOC"",""start"":5,""end"":6},{""type"":""EVE"",""start"":6,""end"":7},{""type"":""ARG"",""start"":8,""end"":9},{""type"":""ARG"",""start"":10,""end"":13},{""type"":""ARG"",""start"":13,""end"":16},{""type"":""EVE"",""start"":24,""end"":25},{""type"":""ARG"",""start"":27,""end"":28},{""type"":""ARG"",""start"":29,""end"":32},{""type"":""LOC"",""start"":32,""end"":33},{""type"":""ORG"",""start"":34,""end"":35}]}"
c_e94281f7c2aa,"{""n_tokens"":6,""arguments"":[{""role"":""FIRE-EVENT"",""start"":0,""end"":1},{""role"":""PLACE-ARG"",""start"":2,""end"":3},{""role"":""AFFECTEDOBJECTS-ARG"",""start"":4,""end"":6}],""entities"":[{""type"":""EVE"",""start"":0,""end"":1},{""type"":""LOC"",""start"":2,""end"":3},{""type"":""ARG"",""start"":4,""end"":6}]}"
c_4bb494702522,"{""n_tokens"":20,""arguments"":[{""role"":""OFFICER-ARG"",""start"":0,""end"":3},{""role"":""AFFECTEDOBJECTS-ARG"",""start"":11,""end"":14},{""role"":""PLACE-ARG"",""start"":15,""end"":16},{""role"":""PLACE-ARG"",""start"":17,""end"":19}],""entities"":[{""type"":""ORG"",""start"":0,""end"":3},{""type"":""ARG"",""start"":11,""end"":14},{""type"":""LOC"",""start"":15,""end"":16},{""type"":""PLOC"",""start"":17,""end"":19}]}"
c_0c7161851d22,"{""n_tokens"":10,""arguments"":[{""role"":""FIRE-EVENT"",""start"":0,""end"":1},{""role"":""AFFECTEDOBJECTS-ARG"",""start"":3,""end"":8},{""role"":""PLACE-ARG"",""start"":9,""end"":10}],""entities"":[{""type"":""EVE"",""start"":0,""end"":1},{""type"":""ARG"",""start"":3,""end"":8},{""type"":""LOC"",""start"":9,""end"":10}]}"
c_8a6b709c9def,"{""n_tokens"":16,""arguments"":[{""role"":""OFFICER-ARG"",""start"":2,""end"":3},{""role"":""FALSE-EVENT"",""start"":8,""end"":9},{""role"":""AFFECTEDOBJECTS-ARG"",""start"":10,""end"":12},{""role"":""OFFICER-ARG"",""start"":12,""end"":14},{""role"":""PLACE-ARG"",""start"":14,""end"":15}],""entities"":[{""type"":""ORG"",""start"":2,""end"":3},{""type"":""EVE"",""start"":8,""end"":9},{""type"":""ARG"",""start"":10,""end"":12},{""type"":""ORG"",""start"":12,""end"":14},{""type"":""PLOC"",""start"":14,""end"":15}]}"
c_8a944a51d4b4,"{""n_tokens"":12,""arguments"":[{""role"":""FIRE-EVENT"",""start"":0,""end"":1},{""role"":""AFFECTEDOBJECTS-ARG"",""start"":3,""end"":4},{""role"":""PLACE-ARG"",""start"":5,""end"":8},{""role"":""PLACE-ARG"",""start"":9,""end"":11}],""entities"":[{""type"":""EVE"",""start"":0,""end"":1},{""type"":""ARG"",""start"":3,""end"":4},{""type"":""LOC"",""start"":5,""end"":8},{""type"":""LOC"",""start"":9,""end"":11}]}"
c_c1af654f55fd,"{""n_tokens"":8,""arguments"":[{""role"":""FALSE-EVENT"",""start"":4,""end"":5},{""role"":""PLACE-ARG"",""start"":6,""end"":8}],""entities"":[{""type"":""EVE"",""start"":4,""end"":5},{""type"":""LOC"",""start"":6,""end"":8}]}"
c_42c4edbb9de8,"{""n_tokens"":11,""arguments"":[{""role"":""FALSE-EVENT"",""start"":1,""end"":2},{""role"":""AFFECTEDOBJECTS-ARG"",""start"":2,""end"":3},{""role"":""PLACE-ARG"",""start"":4,""end"":5},{""role"":""OFFICER-ARG"",""start"":10,""end"":11}],""entities"":[{""type"":""EVE"",""start"":1,""end"":2},{""type"":""ARG"",""start"":2,""end"":3},{""type"":""LOC"",""start"":4,""end"":5},{""type"":""ORG"",""start"":10,""end"":11}]}"
c_412e6ca8c117,"{""n_tokens"":43,""arguments"":[{""role"":""FIRE-EVENT"",""start"":0,""end"":1},{""role"":""PLACE-ARG"",""start"":2,""end"":3},{""role"":""FIRE-EVENT"",""start"":5,""end"":6},{""role"":""AFFECTEDOBJECTS-ARG"",""start"":6,""end"":9},{""role"":""PLACE-ARG"",""start"":10,""end"":11},{""role"":""TIME-ARG"",""start"":12,""end"":13},{""role"":""TIME-ARG"",""start"":14,""end"":15},{""role"":""TIME-ARG"",""start"":17,""end"":21},{""role"":""OFFICER-ARG"",""start"":29,""end"":30},{""role"":""PLACE-ARG"",""start"":30,""end"":31},{""role"":""FIRE-EVENT"",""start"":39,""end"":40}],""entities"":[{""type"":""EVE"",""start"":0,""end"":1},{""type"":""LOC"",""start"":2,""end"":3},{""type"":""EVE"",""start"":5,""end"":6},{""type"":""ARG"",""start"":6,""end"":9},{""type"":""LOC"",""start"":10,""end"":11},{""type"":""ARG"",""start"":12,""end"":13},{""type"":""ARG"",""start"":14,""end"":15},{""type"":""ARG"",""start"":17,""end"":21},{""type"":""ORG"",""start"":29,""end"":30},{""type"":""PLOC"",""start"":30,""end"":31},{""type"":""EVE"",""start"":39,""end"":40}]}"
c_e2f708b48457,"{""n_tokens"":44,""arguments"":[{""role"":""AFFECTEDOBJECTS-ARG"",""start"":0,""end"":2},{""role"":""AFFECTEDOBJECTS-ARG"",""start"":3,""end"":5},{""role"":""AFFECTEDOBJECTS-ARG"",""start"":6,""end"":8},{""role"":""FIRE-EVENT"",""start"":8,""end"":9},{""role"":""FIRE-EVENT"",""start"":10,""end"":11},{""role"":""STREET-ARG"",""start"":23,""end"":27},{""role"":""PLACE-ARG"",""start"":27,""end"":33}],""entities"":[{""type"":""ARG"",""start"":0,""end"":2},{""type"":""ARG"",""start"":3,""end"":5},{""type"":""ARG"",""start"":6,""end"":8},{""type"":""EVE"",""start"":8,""end"":9},{""type"":""EVE"",""start"":10,""end"":11},{""type"":""ARG"",""start"":15,""end"":16},{""type"":""ARG"",""start"":16,""end"":19},{""type"":""ARG"",""start"":19,""end"":22},{""type"":""ARG"",""start"":23,""end"":27},{""type"":""LOC"",""start"":27,""end"":29},{""type"":""PLOC"",""start"":29,""end"":31},{""type"":""PLOC"",""start"":31,""end"":33}]}"
c_6eff39049640,"{""n_tokens"":45,""arguments"":[{""role"":""TIME-ARG"",""start"":0,""end"":1},{""role"":""FIRE-EVENT"",""start"":4,""end"":5},{""role"":""AFFECTEDOBJECTS-ARG"",""start"":5,""end"":6},{""role"":""STREET-ARG"",""start"":7,""end"":18},{""role"":""PLACE-ARG"",""start"":19,""end"":23},{""role"":""PLACE-ARG"",""start"":24,""end"":28},{""role"":""PLACE-ARG"",""start"":29,""end"":31},{""role"":""OFFICER-ARG"",""start"":35,""end"":38},{""role"":""OFFICER-ARG"",""start"":40,""end"":44}],""entities"":[{""type"":""ARG"",""start"":0,""end"":1},{""type"":""EVE"",""start"":4,""end"":5},{""type"":""ARG"",""start"":5,""end"":6},{""type"":""ARG"",""start"":7,""end"":12},{""type"":""ARG"",""start"":12,""end"":15},{""type"":""ARG"",""start"":15,""end"":18},{""type"":""LOC"",""start"":19,""end"":23},{""type"":""PLOC"",""start"":24,""end"":28},{""type"":""PLOC"",""start"":29,""end"":31},{""type"":""ORG"",""start"":35,""end"":38},{""type"":""ORG"",""start"":40,""end"":44}]}"
c_ff07282291a0,"{""n_tokens"":38,""arguments"":[{""role"":""FIRE-EVENT"",""start"":0,""end"":1},{""role"":""AFFECTEDOBJECTS-ARG"",""start"":1,""end"":2},{""role"":""STREET-ARG"",""start"":3,""end"":8},{""role"":""PLACE-ARG"",""start"":9,""end"":11},{""role"":""PLACE-ARG"",""start"":12,""end"":15},{""role"":""PLACE-ARG"",""start"":16,""end"":18},{""role"":""TIME-ARG"",""start"":19,""end"":20},{""role"":""TIME-ARG"",""start"":21,""end"":22},{""role"":""TIME-ARG"",""start"":25,""end"":28}],""entities"":[{""type"":""EVE"",""start"":0,""end"":1},{""type"":""ARG"",""start"":1,""end"":2},{""type"":""ARG"",""start"":3,""end"":6},{""type"":""ARG"",""start"":6,""end"":8},{""type"":""LOC"",""start"":9,""end"":11},{""type"":""PLOC"",""start"":12,""end"":15},{""type"":""PLOC"",""start"":16,""end"":18},{""type"":""ARG"",""start"":19,""end"":20},{""type"":""ARG"",""start"":21,""end"":22},{""type"":""ARG"",""start"":25,""end"":28}]}"
c_e26631ba51d7,"{""n_tokens"":40,""arguments"":[{""role"":""FALSE-EVENT"",""start"":34,""end"":35},{""role"":""AFFECTEDOBJECTS-ARG"",""start"":35,""end"":36},{""role"":""PLACE-ARG"",""start"":37,""end"":39}],""entities"":[{""type"":""EVE"",""start"":34,""end"":35},{""type"":""ARG"",""start"":35,""end"":36},{""type"":""LOC"",""start"":37,""end"":38},{""type"":""PLOC"",""start"":38,""end"":39}]}"
c_77533c2468ad,"{""n_tokens"":51,""arguments"":[{""role"":""OFFICER-ARG"",""start"":0,""end"":3},{""role"":""PLACE-ARG"",""start"":3,""end"":4},{""role"":""FIRE-EVENT"",""start"":8,""end"":9},{""role"":""AFFECTEDOBJECTS-ARG"",""start"":9,""end"":10},{""role"":""STREET-ARG"",""start"":11,""end"":15},{""role"":""PLACE-ARG"",""start"":16,""end"":17},{""role"":""PLACE-ARG"",""start"":18,""end"":19},{""role"":""PLACE-ARG"",""start"":20,""end"":23},{""role"":""PLACE-ARG"",""start"":24,""end"":25},{""role"":""TIME-ARG"",""start"":26,""end"":27},{""role"":""TIME-ARG"",""start"":28,""end"":29},{""role"":""TIME-ARG"",""start"":32,""end"":35},{""role"":""TIME-ARG"",""start"":36,""end"":39},{""role"":""OFFICER-ARG"",""start"":43,""end"":44},{""role"":""OFFICER-ARG"",""start"":46,""end"":50}],""entities"":[{""type"":""ORG"",""start"":0,""end"":3},{""type"":""PLOC"",""start"":3,""end"":4},{""type"":""EVE"",""start"":8,""end"":9},{""type"":""ARG"",""start"":9,""end"":10},{""type"":""ARG"",""start"":11,""end"":15},{""type"":""LOC"",""start"":16,""end"":17},{""type"":""LOC"",""start"":18,""end"":19},{""type"":""PLOC"",""start"":20,""end"":23},{""type"":""PLOC"",""start"":24,""end"":25},{""type"":""ARG"",""start"":26,""end"":27},{""type"":""ARG"",""start"":28,""end"":29},{""type"":""ARG"",""start"":32,""end"":35},{""type"":""ARG"",""start"":36,""end"":39},{""type"":""ORG"",""start"":43,""end"":44},{""type"":""ORG"",""start"":46,""end"":50}]}"
c_be756095a6cd,"{""n_tokens"":43,""arguments"":[{""role"":""FALSE-EVENT"",""start"":15,""end"":16},{""role"":""PLACE-ARG"",""start"":17,""end"":20},{""role"":""DEATHVICTIM-ARG"",""start"":35,""end"":38},{""role"":""DEATHVICTIM-ARG"",""start"":39,""end"":42}],""entities"":[{""type"":""EVE"",""start"":15,""end"":16},{""type"":""LOC"",""start"":17,""end"":20},{""type"":""ARG"",""start"":35,""end"":38},{""type"":""ARG"",""start"":39,""end"":42}]}"
c_0067c1334a01,"{""n_tokens"":56,""arguments"":[{""role"":""OFFICER-ARG"",""start"":0,""end"":1},{""role"":""PLACE-ARG"",""start"":1,""end"":3},{""role"":""FALSE-EVENT"",""start"":37,""end"":38},{""role"":""TIME-ARG"",""start"":39,""end"":46},{""role"":""STREET-ARG"",""start"":49,""end"":55}],""entities"":[{""type"":""ORG"",""start"":0,""end"":1},{""type"":""PLOC"",""start"":1,""end"":3},{""type"":""EVE"",""start"":37,""end"":38},{""type"":""ARG"",""start"":39,""end"":40},{""type"":""ARG"",""start"":40,""end"":43},{""type"":""ARG"",""start"":43,""end"":46},{""type"":""ARG"",""start"":49,""end"":52}]}"
c_361d22046cb2,"{""n_tokens"":8,""arguments"":[{""role"":""FIRE-EVENT"",""start"":0,""end"":1},{""role"":""PLACE-ARG"",""start"":2,""end"":3},{""role"":""AFFECTEDOBJECTS-ARG"",""start"":4,""end"":6}],""entities"":[{""type"":""EVE"",""start"":0,""end"":1},{""type"":""LOC"",""start"":2,""end"":3},{""type"":""ARG"",""start"":4,""end"":6}]}"
c_8c09892de14c,"{""n_tokens"":14,""arguments"":[{""role"":""FIRE-EVENT"",""start"":1,""end"":2},{""role"":""AFFECTEDOBJECTS-ARG"",""start"":3,""end"":6},{""role"":""PLACE-ARG"",""start"":6,""end"":8},{""role"":""FIRE-EVENT"",""start"":10,""end"":11}],""entities"":[{""type"":""EVE"",""start"":1,""end"":2},{""type"":""ARG"",""start"":3,""end"":6},{""type"":""LOC"",""start"":6,""end"":8}]}"
c_2dc1b56aac1b,"{""n_tokens"":12,""arguments"":[{""role"":""FALSE-EVENT"",""start"":9,""end"":10},{""role"":""PLACE-ARG"",""start"":11,""end"":12}],""entities"":[{""type"":""EVE"",""start"":9,""end"":10},{""type"":""LOC"",""start"":11,""end"":12}]}"
c_8f6103729819,"{""n_tokens"":28,""arguments"":[{""role"":""FALSE-EVENT"",""start"":4,""end"":5},{""role"":""AFFECTEDOBJECTS-ARG"",""start"":5,""end"":6},{""role"":""PLACE-ARG"",""start"":7,""end"":8}],""entities"":[{""type"":""EVE"",""start"":4,""end"":5},{""type"":""ARG"",""start"":5,""end"":6},{""type"":""LOC"",""start"":7,""end"":8}]}"
c_84254d7ba7dd,"{""n_tokens"":34,""arguments"":[{""role"":""FIRE-EVENT"",""start"":0,""end"":1},{""role"":""AFFECTEDOBJECTS-ARG"",""start"":1,""end"":5},{""role"":""STREET-ARG"",""start"":6,""end"":11},{""role"":""PLACE-ARG"",""start"":12,""end"":15},{""role"":""TIME-ARG"",""start"":16,""end"":18},{""role"":""TIME-ARG"",""start"":19,""end"":20},{""role"":""TIME-ARG"",""start"":22,""end"":24},{""role"":""PLACE-ARG"",""start"":31,""end"":32}],""entities"":[{""type"":""EVE"",""start"":0,""end"":1},{""type"":""ARG"",""start"":1,""end"":5},{""type"":""ARG"",""start"":6,""end"":9},{""type"":""ARG"",""start"":9,""end"":11},{""type"":""PLOC"",""start"":14,""end"":15},{""type"":""ARG"",""start"":16,""end"":18},{""type"":""ARG"",""start"":19,""end"":20},{""type"":""ARG"",""start"":22,""end"":24},{""type"":""PLOC"",""start"":31,""end"":32}]}"
c_447f6731ce16,"{""n_tokens"":11,""arguments"":[{""role"":""FIRE-EVENT"",""start"":0,""end"":1},{""role"":""AFFECTEDOBJECTS-ARG"",""start"":1,""end"":3},{""role"":""PLACE-ARG"",""start"":4,""end"":5}],""entities"":[{""type"":""EVE"",""start"":0,""end"":1},{""type"":""ARG"",""start"":1,""end"":3},{""type"":""LOC"",""start"":4,""end"":5}]}"
c_d6cab14c03d4,"{""n_tokens"":11,""arguments"":[{""role"":""OFFICER-ARG"",""start"":0,""end"":2},{""role"":""PLACE-ARG"",""start"":2,""end"":4},{""role"":""FALSE-EVENT"",""start"":7,""end"":8},{""role"":""PLACE-ARG"",""start"":9,""end"":11}],""entities"":[{""type"":""ORG"",""start"":0,""end"":2},{""type"":""PLOC"",""start"":2,""end"":4},{""type"":""EVE"",""start"":7,""end"":8},{""type"":""LOC"",""start"":9,""end"":11}]}"
c_a30215e3b2c4,"{""n_tokens"":18,""arguments"":[{""role"":""FIRE-EVENT"",""start"":1,""end"":2},{""role"":""AFFECTEDOBJECTS-ARG"",""start"":3,""end"":6},{""role"":""PLACE-ARG"",""start"":6,""end"":8}],""entities"":[{""type"":""EVE"",""start"":1,""end"":2},{""type"":""ARG"",""start"":3,""end"":6},{""type"":""LOC"",""start"":6,""end"":8}]}"
c_c43267cb2a33,"{""n_tokens"":6,""arguments"":[{""role"":""FIRE-EVENT"",""start"":1,""end"":2},{""role"":""PLACE-ARG"",""start"":3,""end"":6}],""entities"":[{""type"":""EVE"",""start"":1,""end"":2},{""type"":""LOC"",""start"":3,""end"":5},{""type"":""PLOC"",""start"":5,""end"":6}]}"
c_48fa14ef1093,"{""n_tokens"":10,""arguments"":[{""role"":""OFFICER-ARG"",""start"":1,""end"":2},{""role"":""PLACE-ARG"",""start"":2,""end"":3},{""role"":""FALSE-EVENT"",""start"":5,""end"":6},{""role"":""AFFECTEDOBJECTS-ARG"",""start"":6,""end"":7}],""entities"":[{""type"":""ORG"",""start"":1,""end"":2},{""type"":""PLOC"",""start"":2,""end"":3},{""type"":""EVE"",""start"":5,""end"":6},{""type"":""ARG"",""start"":6,""end"":7}]}"
c_cdbd013e6abb,"{""n_tokens"":38,""arguments"":[{""role"":""FIRE-EVENT"",""start"":6,""end"":7},{""role"":""PLACE-ARG"",""start"":8,""end"":10},{""role"":""STREET-ARG"",""start"":10,""end"":12},{""role"":""PLACE-ARG"",""start"":13,""end"":15},{""role"":""PLACE-ARG"",""start"":16,""end"":17},{""role"":""PLACE-ARG"",""start"":18,""end"":19},{""role"":""PLACE-ARG"",""start"":20,""end"":22},{""role"":""TIME-ARG"",""start"":23,""end"":24},{""role"":""TIME-ARG"",""start"":26,""end"":29},{""role"":""REASON-ARG"",""start"":34,""end"":37}],""entities"":[{""type"":""EVE"",""start"":6,""end"":7},{""type"":""LOC"",""start"":8,""end"":10},{""type"":""ARG"",""start"":10,""end"":12},{""type"":""PLOC"",""start"":13,""end"":15},{""type"":""PLOC"",""start"":16,""end"":17},{""type"":""PLOC"",""start"":18,""end"":19},{""type"":""PLOC"",""start"":20,""end"":22},{""type"":""ARG"",""start"":23,""end"":24},{""type"":""ARG"",""start"":26,""end"":29},{""type"":""ARG"",""start"":34,""end"":37}]}"
c_7481aab6ae51,"{""n_tokens"":44,""arguments"":[{""role"":""FIRE-EVENT"",""start"":2,""end"":3},{""role"":""TIME-ARG"",""start"":3,""end"":7},{""role"":""AFFECTEDOBJECTS-ARG"",""start"":9,""end"":12},{""role"":""PLACE-ARG"",""start"":13,""end"":14},{""role"":""STREET-ARG"",""start"":14,""end"":17},{""role"":""PLACE-ARG"",""start"":18,""end"":19},{""role"":""STREET-ARG"",""start"":19,""end"":22},{""role"":""PLACE-ARG"",""start"":23,""end"":24},{""role"":""PLACE-ARG"",""start"":25,""end"":26},{""role"":""PLACE-ARG"",""start"":27,""end"":28},{""role"":""FIRE-EVENT"",""start"":29,""end"":30},{""role"":""AFFECTEDOBJECTS-ARG"",""start"":37,""end"":38},{""role"":""OFFICER-ARG"",""start"":41,""end"":42},{""role"":""PLACE-ARG"",""start"":42,""end"":43}],""entities"":[{""type"":""EVE"",""start"":2,""end"":3},{""type"":""ARG"",""start"":3,""end"":7},{""type"":""ARG"",""start"":9,""end"":12},{""type"":""LOC"",""start"":13,""end"":14},{""type"":""ARG"",""start"":14,""end"":17},{""type"":""LOC"",""start"":18,""end"":19},{""type"":""ARG"",""start"":19,""end"":22},{""type"":""PLOC"",""start"":23,""end"":24},{""type"":""PLOC"",""start"":25,""end"":26},{""type"":""PLOC"",""start"":27,""end"":28},{""type"":""EVE"",""start"":29,""end"":30},{""type"":""ARG"",""start"":32,""end"":38},{""type"":""ORG"",""start"":41,""end"":42},{""type"":""PLOC"",""start"":42,""end"":43}]}"
c_bbe6c9b818b2,"{""n_tokens"":42,""arguments"":[{""role"":""PLACE-ARG"",""start"":6,""end"":8},{""role"":""FALSE-EVENT"",""start"":17,""end"":18},{""role"":""AFFECTEDOBJECTS-ARG"",""start"":18,""end"":19},{""role"":""PLACE-ARG"",""start"":27,""end"":29}],""entities"":[{""type"":""PLOC"",""start"":6,""end"":8},{""type"":""EVE"",""start"":17,""end"":18},{""type"":""ARG"",""start"":18,""end"":19},{""type"":""PLOC"",""start"":27,""end"":29}]}"
c_a32afd3a104c,"{""n_tokens"":34,""arguments"":[{""role"":""OFFICER-ARG"",""start"":0,""end"":1},{""role"":""PLACE-ARG"",""start"":1,""end"":3},{""role"":""FIRE-EVENT"",""start"":5,""end"":6},{""role"":""STREET-ARG"",""start"":7,""end"":14},{""role"":""PLACE-ARG"",""start"":15,""end"":19},{""role"":""DEATHVICTIM-ARG"",""start"":20,""end"":23},{""role"":""PLACE-ARG"",""start"":27,""end"":28},{""role"":""TIME-ARG"",""start"":29,""end"":30}],""entities"":[{""type"":""ORG"",""start"":0,""end"":1},{""type"":""PLOC"",""start"":1,""end"":3},{""type"":""EVE"",""start"":5,""end"":6},{""type"":""ARG"",""start"":7,""end"":11},{""type"":""ARG"",""start"":11,""end"":14},{""type"":""PLOC"",""start"":15,""end"":17},{""type"":""PLOC"",""start"":17,""end"":19},{""type"":""ARG"",""start"":20,""end"":23},{""type"":""PLOC"",""start"":27,""end"":28},{""type"":""ARG"",""start"":29,""end"":30}]}"
c_f14661ae7fa4,"{""n_tokens"":8,""arguments"":[{""role"":""FIRE-EVENT"",""start"":3,""end"":4},{""role"":""PLACE-ARG"",""start"":6,""end"":8}],""entities"":[{""type"":""EVE"",""start"":3,""end"":4},{""type"":""LOC"",""start"":6,""end"":7},{""type"":""PLOC"",""start"":7,""end"":8}]}"
c_9894c8e09e0f,"{""n_tokens"":6,""arguments"":[{""role"":""FIRE-EVENT"",""start"":0,""end"":1},{""role"":""AFFECTEDOBJECTS-ARG"",""start"":1,""end"":2},{""role"":""PLACE-ARG"",""start"":3,""end"":6}],""entities"":[{""type"":""EVE"",""start"":0,""end"":1},{""type"":""ARG"",""start"":1,""end"":2},{""type"":""LOC"",""start"":3,""end"":6}]}"
c_c1a34d123496,"{""n_tokens"":37,""arguments"":[{""role"":""FIRE-EVENT"",""start"":0,""end"":1},{""role"":""AFFECTEDOBJECTS-ARG"",""start"":1,""end"":5},{""role"":""TIME-ARG"",""start"":5,""end"":8},{""role"":""STREET-ARG"",""start"":9,""end"":12},{""role"":""PLACE-ARG"",""start"":16,""end"":19},{""role"":""PLACE-ARG"",""start"":20,""end"":23},{""role"":""PLACE-ARG"",""start"":24,""end"":26}],""entities"":[{""type"":""EVE"",""start"":0,""end"":1},{""type"":""ARG"",""start"":1,""end"":5},{""type"":""ARG"",""start"":5,""end"":8},{""type"":""ARG"",""start"":9,""end"":12},{""type"":""LOC"",""start"":16,""end"":19},{""type"":""PLOC"",""start"":20,""end"":23},{""type"":""PLOC"",""start"":24,""end"":26}]}"
c_1d014664654e,"{""n_tokens"":14,""arguments"":[{""role"":""FIRE-EVENT"",""start"":0,""end"":1},{""role"":""PLACE-ARG"",""start"":4,""end"":6},{""role"":""PLACE-ARG"",""start"":7,""end"":9},{""role"":""PLACE-ARG"",""start"":10,""end"":13}],""entities"":[{""type"":""EVE"",""start"":0,""end"":1},{""type"":""LOC"",""start"":4,""end"":6},{""type"":""PLOC"",""start"":7,""end"":9},{""type"":""PLOC"",""start"":10,""end"":13}]}"
c_11480d0930fc,"{""n_tokens"":26,""arguments"":[{""role"":""AFFECTEDOBJECTS-ARG"",""start"":4,""end"":6},{""role"":""PLACE-ARG"",""start"":7,""end"":8},{""role"":""FIRE-EVENT"",""start"":9,""end"":10}],""entities"":[{""type"":""ARG"",""start"":4,""end"":6},{""type"":""LOC"",""start"":7,""end"":8},{""type"":""EVE"",""start"":9,""end"":10}]}"
c_f90fff415227,"{""n_tokens"":10,""arguments"":[{""role"":""OFFICER-ARG"",""start"":0,""end"":1},{""role"":""FALSE-EVENT"",""start"":3,""end"":4},{""role"":""AFFECTEDOBJECTS-ARG"",""start"":4,""end"":6},{""role"":""PLACE-ARG"",""start"":6,""end"":7}],""entities"":[{""type"":""ORG"",""start"":0,""end"":1},{""type"":""EVE"",""start"":3,""end"":4},{""type"":""ARG"",""start"":4,""end"":6},{""type"":""PLOC"",""start"":6,""end"":7}]}"
c_bea099e9886d,"{""n_tokens"":50,""arguments"":[{""role"":""FALSE-EVENT"",""start"":10,""end"":11}],""entities"":[{""type"":""EVE"",""start"":10,""end"":11}]}"
c_43473f5db99d,"{""n_tokens"":11,""arguments"":[{""role"":""OFFICER-ARG"",""start"":0,""end"":1},{""role"":""PLACE-ARG"",""start"":1,""end"":3},{""role"":""FALSE-EVENT"",""start"":7,""end"":8},{""role"":""PLACE-ARG"",""start"":9,""end"":10}],""entities"":[{""type"":""ORG"",""start"":0,""end"":1},{""type"":""PLOC"",""start"":1,""end"":3},{""type"":""EVE"",""start"":7,""end"":8},{""type"":""LOC"",""start"":9,""end"":10}]}"
c_9a2ff868cac0,"{""n_tokens"":13,""arguments"":[{""role"":""FIRE-EVENT"",""start"":0,""end"":1},{""role"":""PLACE-ARG"",""start"":2,""end"":5}],""entities"":[{""type"":""EVE"",""start"":0,""end"":1},{""type"":""LOC"",""start"":2,""end"":4},{""type"":""PLOC"",""start"":4,""end"":5}]}"
c_372187f58cc2,"{""n_tokens"":19,""arguments"":[{""role"":""FIRE-EVENT"",""start"":0,""end"":1},{""role"":""AFFECTEDOBJECTS-ARG"",""start"":1,""end"":6},{""role"":""PLACE-ARG"",""start"":7,""end"":10},{""role"":""STREET-ARG"",""start"":10,""end"":11},{""role"":""PLACE-ARG"",""start"":11,""end"":13},{""role"":""TIME-ARG"",""start"":14,""end"":18}],""entities"":[{""type"":""EVE"",""start"":0,""end"":1},{""type"":""ARG"",""start"":1,""end"":6},{""type"":""LOC"",""start"":7,""end"":10},{""type"":""ARG"",""start"":10,""end"":11},{""type"":""PLOC"",""start"":11,""end"":12},{""type"":""PLOC"",""start"":12,""end"":13},{""type"":""ARG"",""start"":14,""end"":15},{""type"":""ARG"",""start"":15,""end"":18}]}"
c_8953b83a3f5e,"{""n_tokens"":12,""arguments"":[{""role"":""FALSE-EVENT"",""start"":7,""end"":8},{""role"":""PLACE-ARG"",""start"":9,""end"":11}],""entities"":[{""type"":""EVE"",""start"":7,""end"":8},{""type"":""LOC"",""start"":9,""end"":11}]}"
c_213e9b9f5b22,"{""n_tokens"":28,""arguments"":[{""role"":""FALSE-EVENT"",""start"":7,""end"":8},{""role"":""TIME-ARG"",""start"":11,""end"":16},{""role"":""OFFICER-ARG"",""start"":18,""end"":19},{""role"":""PLACE-ARG"",""start"":19,""end"":21},{""role"":""PLACE-ARG"",""start"":26,""end"":27}],""entities"":[{""type"":""EVE"",""start"":7,""end"":8},{""type"":""ARG"",""start"":11,""end"":12},{""type"":""ARG"",""start"":13,""end"":16},{""type"":""ORG"",""start"":18,""end"":19},{""type"":""PLOC"",""start"":19,""end"":21},{""type"":""PLOC"",""start"":26,""end"":27}]}"
c_2b7301be07fe,"{""n_tokens"":14,""arguments"":[{""role"":""FALSE-EVENT"",""start"":4,""end"":5},{""role"":""AFFECTEDOBJECTS-ARG"",""start"":10,""end"":12},{""role"":""PLACE-ARG"",""start"":13,""end"":14}],""entities"":[{""type"":""EVE"",""start"":4,""end"":5},{""type"":""ARG"",""start"":10,""end"":11},{""type"":""LOC"",""start"":13,""end"":14}]}"
c_7aa97373b07d,"{""n_tokens"":56,""arguments"":[{""role"":""FALSE-EVENT"",""start"":15,""end"":16}],""entities"":[{""type"":""EVE"",""start"":15,""end"":16}]}"
c_204df5be1d31,"{""n_tokens"":7,""arguments"":[{""role"":""FALSE-EVENT"",""start"":2,""end"":3}],""entities"":[{""type"":""EVE"",""start"":2,""end"":3}]}"
c_cb98e19d3f16,"{""n_tokens"":18,""arguments"":[{""role"":""FIRE-EVENT"",""start"":0,""end"":1},{""role"":""PLACE-ARG"",""start"":2,""end"":7},{""role"":""TIME-ARG"",""start"":9,""end"":12},{""role"":""TIME-ARG"",""start"":14,""end"":15},{""role"":""TIME-ARG"",""start"":16,""end"":17}],""entities"":[{""type"":""EVE"",""start"":0,""end"":1},{""type"":""LOC"",""start"":2,""end"":5},{""type"":""PLOC"",""start"":5,""end"":7},{""type"":""ARG"",""start"":9,""end"":12},{""type"":""ARG"",""start"":14,""end"":15},{""type"":""ARG"",""start"":16,""end"":17}]}"
c_19c4226b0ed0,"{""n_tokens"":53,""arguments"":[{""role"":""AFFECTEDOBJECTS-ARG"",""start"":19,""end"":20},{""role"":""FALSE-EVENT"",""start"":43,""end"":44},{""role"":""PLACE-ARG"",""start"":45,""end"":46}],""entities"":[{""type"":""ARG"",""start"":19,""end"":20},{""type"":""EVE"",""start"":43,""end"":44},{""type"":""LOC"",""start"":45,""end"":46}]}"
c_17f17eff6bb1,"{""n_tokens"":14,""arguments"":[{""role"":""FIRE-EVENT"",""start"":2,""end"":3},{""role"":""PLACE-ARG"",""start"":5,""end"":9},{""role"":""AFFECTEDOBJECTS-ARG"",""start"":10,""end"":12}],""entities"":[{""type"":""EVE"",""start"":2,""end"":3},{""type"":""LOC"",""start"":5,""end"":7},{""type"":""PLOC"",""start"":7,""end"":8},{""type"":""PLOC"",""start"":8,""end"":9},{""type"":""ARG"",""start"":10,""end"":12}]}"
c_22ceeac986cb,"{""n_tokens"":18,""arguments"":[{""role"":""DEATHVICTIM-ARG"",""start"":0,""end"":1},{""role"":""PLACE-ARG"",""start"":2,""end"":3},{""role"":""FIRE-EVENT"",""start"":5,""end"":6},{""role"":""AFFECTEDOBJECTS-ARG"",""start"":7,""end"":8}],""entities"":[{""type"":""ARG"",""start"":0,""end"":1},{""type"":""LOC"",""start"":2,""end"":3},{""type"":""EVE"",""start"":5,""end"":6},{""type"":""ARG"",""start"":7,""end"":8}]}"
c_08c72223de91,"{""n_tokens"":12,""arguments"":[{""role"":""FIRE-EVENT"",""start"":0,""end"":1},{""role"":""PLACE-ARG"",""start"":2,""end"":5},{""role"":""AFFECTEDOBJECTS-ARG"",""start"":8,""end"":10},{""role"":""AFFECTEDOBJECTS-ARG"",""start"":11,""end"":12}],""entities"":[{""type"":""EVE"",""start"":0,""end"":1},{""type"":""LOC"",""start"":2,""end"":5},{""type"":""ARG"",""start"":8,""end"":10},{""type"":""ARG"",""start"":11,""end"":12}]}"
c_cd16065abda8,"{""n_tokens"":19,""arguments"":[{""role"":""FALSE-EVENT"",""start"":11,""end"":12},{""role"":""AFFECTEDOBJECTS-ARG"",""start"":13,""end"":14},{""role"":""PLACE-ARG"",""start"":16,""end"":17},{""role"":""AFFECTEDOBJECTS-ARG"",""start"":18,""end"":19}],""entities"":[{""type"":""EVE"",""start"":11,""end"":12},{""type"":""ARG"",""start"":13,""end"":14},{""type"":""ARG"",""start"":18,""end"":19}]}"
c_4232e271707f,"{""n_tokens"":9,""arguments"":[{""role"":""TIME-ARG"",""start"":0,""end"":2},{""role"":""FIRE-EVENT"",""start"":2,""end"":3},{""role"":""PLACE-ARG"",""start"":4,""end"":9}],""entities"":[{""type"":""ARG"",""start"":0,""end"":2},{""type"":""EVE"",""start"":2,""end"":3},{""type"":""LOC"",""start"":4,""end"":6},{""type"":""PLOC"",""start"":6,""end"":7},{""type"":""PLOC"",""start"":7,""end"":9}]}"
c_ef02625a212a,"{""n_tokens"":13,""arguments"":[{""role"":""FIRE-EVENT"",""start"":1,""end"":2},{""role"":""STREET-ARG"",""start"":3,""end"":6},{""role"":""PLACE-ARG"",""start"":6,""end"":7},{""role"":""INFORMATION-ARG"",""start"":8,""end"":13}],""entities"":[{""type"":""EVE"",""start"":1,""end"":2},{""type"":""ARG"",""start"":3,""end"":6},{""type"":""LOC"",""start"":6,""end"":7},{""type"":""ARG"",""start"":8,""end"":13}]}"
c_dc8b59ab4d79,"{""n_tokens"":14,""arguments"":[{""role"":""OFFICER-ARG"",""start"":0,""end"":2},{""role"":""PLACE-ARG"",""start"":2,""end"":4},{""role"":""FALSE-EVENT"",""start"":8,""end"":9},{""role"":""PLACE-ARG"",""start"":10,""end"":14}],""entities"":[{""type"":""ORG"",""start"":0,""end"":2},{""type"":""PLOC"",""start"":2,""end"":4},{""type"":""EVE"",""start"":8,""end"":9},{""type"":""LOC"",""start"":10,""end"":14}]}"
c_979c735f4133,"{""n_tokens"":52,""arguments"":[{""role"":""FALSE-EVENT"",""start"":9,""end"":10},{""role"":""AFFECTEDOBJECTS-ARG"",""start"":10,""end"":11},{""role"":""PLACE-ARG"",""start"":12,""end"":13}],""entities"":[{""type"":""EVE"",""start"":9,""end"":10},{""type"":""ARG"",""start"":10,""end"":11},{""type"":""LOC"",""start"":12,""end"":13}]}"
c_690f1907e446,"{""n_tokens"":37,""arguments"":[{""role"":""FIRE-EVENT"",""start"":3,""end"":4},{""role"":""AFFECTEDOBJECTS-ARG"",""start"":5,""end"":8},{""role"":""AFFECTEDOBJECTS-ARG"",""start"":9,""end"":12},{""role"":""PLACE-ARG"",""start"":12,""end"":13},{""role"":""TIME-ARG"",""start"":14,""end"":18},{""role"":""TIME-ARG"",""start"":19,""end"":24}],""entities"":[{""type"":""EVE"",""start"":3,""end"":4},{""type"":""ARG"",""start"":5,""end"":8},{""type"":""ARG"",""start"":9,""end"":12},{""type"":""PLOC"",""start"":12,""end"":13},{""type"":""ARG"",""start"":14,""end"":18},{""type"":""ARG"",""start"":19,""end"":24}]}"
c_acb7891e82a7,"{""n_tokens"":14,""arguments"":[{""role"":""FIRE-EVENT"",""start"":0,""end"":1},{""role"":""PLACE-ARG"",""start"":6,""end"":9}],""entities"":[{""type"":""EVE"",""start"":0,""end"":1},{""type"":""LOC"",""start"":6,""end"":8},{""type"":""PLOC"",""start"":8,""end"":9},{""type"":""EVE"",""start"":13,""end"":14}]}"
c_53f8b48df254,"{""n_tokens"":50,""arguments"":[{""role"":""FALSE-EVENT"",""start"":2,""end"":3},{""role"":""AFFECTEDOBJECTS-ARG"",""start"":3,""end"":4}],""entities"":[{""type"":""EVE"",""start"":2,""end"":3},{""type"":""ARG"",""start"":3,""end"":4}]}"
c_3701f16599db,"{""n_tokens"":35,""arguments"":[{""role"":""FALSE-EVENT"",""start"":17,""end"":19}],""entities"":[{""type"":""EVE"",""start"":17,""end"":19}]}"
c_43b17c43611b,"{""n_tokens"":22,""arguments"":[{""role"":""PLACE-ARG"",""start"":4,""end"":5},{""role"":""FALSE-EVENT"",""start"":18,""end"":19},{""role"":""AFFECTEDOBJECTS-ARG"",""start"":19,""end"":20},{""role"":""PLACE-ARG"",""start"":21,""end"":22}],""entities"":[{""type"":""PLOC"",""start"":4,""end"":5},{""type"":""EVE"",""start"":18,""end"":19},{""type"":""ARG"",""start"":19,""end"":20},{""type"":""LOC"",""start"":21,""end"":22}]}"
c_c771dbe4bac5,"{""n_tokens"":40,""arguments"":[{""role"":""FALSE-EVENT"",""start"":20,""end"":21}],""entities"":[{""type"":""EVE"",""start"":20,""end"":21}]}"
c_b9d0dbf654c2,"{""n_tokens"":8,""arguments"":[{""role"":""FIRE-EVENT"",""start"":0,""end"":1},{""role"":""AFFECTEDOBJECTS-ARG"",""start"":1,""end"":5},{""role"":""PLACE-ARG"",""start"":6,""end"":8}],""entities"":[{""type"":""EVE"",""start"":0,""end"":1},{""type"":""ARG"",""start"":1,""end"":5},{""type"":""LOC"",""start"":6,""end"":8}]}"
c_90d7a5d996d1,"{""n_tokens"":28,""arguments"":[{""role"":""OFFICER-ARG"",""start"":1,""end"":6},{""role"":""FIRE-EVENT"",""start"":9,""end"":10},{""role"":""STREET-ARG"",""start"":11,""end"":14},{""role"":""STREET-ARG"",""start"":15,""end"":21},{""role"":""PLACE-ARG"",""start"":22,""end"":24},{""role"":""PLACE-ARG"",""start"":25,""end"":27}],""entities"":[{""type"":""EVE"",""start"":9,""end"":10},{""type"":""ARG"",""start"":11,""end"":14},{""type"":""ARG"",""start"":15,""end"":18},{""type"":""ARG"",""start"":18,""end"":21},{""type"":""PLOC"",""start"":22,""end"":24},{""type"":""PLOC"",""start"":25,""end"":27}]}"
c_e129d5ff7c9d,"{""n_tokens"":13,""arguments"":[{""role"":""OFFICER-ARG"",""start"":0,""end"":1},{""role"":""PLACE-ARG"",""start"":1,""end"":3},{""role"":""FALSE-EVENT"",""start"":8,""end"":9},{""role"":""PLACE-ARG"",""start"":10,""end"":13}],""entities"":[{""type"":""ORG"",""start"":0,""end"":1},{""type"":""PLOC"",""start"":1,""end"":3},{""type"":""EVE"",""start"":8,""end"":9},{""type"":""LOC"",""start"":10,""end"":13}]}"
c_1a1bd3b147bc,"{""n_tokens"":19,""arguments"":[{""role"":""FIRE-EVENT"",""start"":0,""end"":1},{""role"":""PLACE-ARG"",""start"":2,""end"":4},{""role"":""REASON-ARG"",""start"":6,""end"":8},{""role"":""AFFECTEDOBJECTS-ARG"",""start"":12,""end"":16},{""role"":""PLACE-ARG"",""start"":18,""end"":19}],""entities"":[{""type"":""EVE"",""start"":0,""end"":1},{""type"":""LOC"",""start"":2,""end"":4},{""type"":""ARG"",""start"":6,""end"":8},{""type"":""ARG"",""start"":12,""end"":16},{""type"":""PLOC"",""start"":18,""end"":19}]}"
c_fd11a6445a7d,"{""n_tokens"":8,""arguments"":[{""role"":""FIRE-EVENT"",""start"":0,""end"":1},{""role"":""PLACE-ARG"",""start"":2,""end"":3},{""role"":""AFFECTEDOBJECTS-ARG"",""start"":4,""end"":6},{""role"":""AFFECTEDOBJECTS-ARG"",""start"":7,""end"":8}],""entities"":[{""type"":""EVE"",""start"":0,""end"":1},{""type"":""LOC"",""start"":2,""end"":3},{""type"":""ARG"",""start"":4,""end"":6},{""type"":""ARG"",""start"":7,""end"":8}]}"
c_75d450d504d2,"{""n_tokens"":126,""arguments"":[{""role"":""FALSE-EVENT"",""start"":37,""end"":38},{""role"":""TIME-ARG"",""start"":68,""end"":69},{""role"":""FALSE-EVENT"",""start"":82,""end"":83},{""role"":""FALSE-EVENT"",""start"":93,""end"":94},{""role"":""FALSE-EVENT"",""start"":98,""end"":99}],""entities"":[{""type"":""EVE"",""start"":37,""end"":38},{""type"":""ARG"",""start"":68,""end"":69},{""type"":""EVE"",""start"":82,""end"":83},{""type"":""EVE"",""start"":93,""end"":94},{""type"":""EVE"",""start"":98,""end"":99},{""type"":""ARG"",""start"":118,""end"":119}]}"
c_52c9f6c4ebec,"{""n_tokens"":37,""arguments"":[{""role"":""TIME-ARG"",""start"":1,""end"":2},{""role"":""FIRE-EVENT"",""start"":4,""end"":5},{""role"":""AFFECTEDOBJECTS-ARG"",""start"":5,""end"":7},{""role"":""PLACE-ARG"",""start"":11,""end"":14},{""role"":""PLACE-ARG"",""start"":15,""end"":16},{""role"":""PLACE-ARG"",""start"":17,""end"":19},{""role"":""FIRE-EVENT"",""start"":20,""end"":21},{""role"":""REASON-ARG"",""start"":23,""end"":25},{""role"":""OFFICER-ARG"",""start"":31,""end"":33}],""entities"":[{""type"":""ARG"",""start"":1,""end"":2},{""type"":""EVE"",""start"":4,""end"":5},{""type"":""ARG"",""start"":5,""end"":7},{""type"":""LOC"",""start"":11,""end"":14},{""type"":""PLOC"",""start"":15,""end"":16},{""type"":""PLOC"",""start"":17,""end"":19},{""type"":""EVE"",""start"":20,""end"":21},{""type"":""ARG"",""start"":23,""end"":25},{""type"":""ORG"",""start"":31,""end"":33}]}"
c_48203efc2600,"{""n_tokens"":10,""arguments"":[{""role"":""AFFECTEDOBJECTS-ARG"",""start"":0,""end"":2},{""role"":""FIRE-EVENT"",""start"":7,""end"":8},{""role"":""PLACE-ARG"",""start"":9,""end"":10}],""entities"":[{""type"":""ARG"",""start"":0,""end"":2},{""type"":""EVE"",""start"":7,""end"":8},{""type"":""LOC"",""start"":9,""end"":10}]}"
c_60d9ea157a04,"{""n_tokens"":12,""arguments"":[{""role"":""FIRE-EVENT"",""start"":0,""end"":1},{""role"":""AFFECTEDOBJECTS-ARG"",""start"":2,""end"":6},{""role"":""PLACE-ARG"",""start"":7,""end"":8},{""role"":""PLACE-ARG"",""start"":11,""end"":12}],""entities"":[{""type"":""EVE"",""start"":0,""end"":1},{""type"":""ARG"",""start"":2,""end"":6},{""type"":""LOC"",""start"":7,""end"":8},{""type"":""PLOC"",""start"":11,""end"":12}]}"
c_ec1f5932e23c,"{""n_tokens"":35,""arguments"":[{""role"":""AFFECTEDOBJECTS-ARG"",""start"":0,""end"":3},{""role"":""PLACE-ARG"",""start"":9,""end"":11},{""role"":""PLACE-ARG"",""start"":12,""end"":14},{""role"":""FIRE-EVENT"",""start"":15,""end"":16},{""role"":""FIRE-EVENT"",""start"":21,""end"":22},{""role"":""REASON-ARG"",""start"":25,""end"":30}],""entities"":[{""type"":""ARG"",""start"":0,""end"":3},{""type"":""LOC"",""start"":4,""end"":5},{""type"":""LOC"",""start"":9,""end"":11},{""type"":""PLOC"",""start"":12,""end"":14},{""type"":""EVE"",""start"":15,""end"":16},{""type"":""EVE"",""start"":21,""end"":22},{""type"":""ARG"",""start"":25,""end"":30}]}"
c_c4d7772e3019,"{""n_tokens"":35,""arguments"":[{""role"":""TIME-ARG"",""start"":1,""end"":2},{""role"":""TIME-ARG"",""start"":3,""end"":6},{""role"":""FIRE-EVENT"",""start"":7,""end"":8},{""role"":""STREET-ARG"",""start"":10,""end"":14},{""role"":""STREET-ARG"",""start"":15,""end"":19},{""role"":""PLACE-ARG"",""start"":20,""end"":23},{""role"":""PLACE-ARG"",""start"":24,""end"":28},{""role"":""PLACE-ARG"",""start"":29,""end"":31},{""role"":""PLACE-ARG"",""start"":32,""end"":34}],""entities"":[{""type"":""ARG"",""start"":1,""end"":2},{""type"":""ARG"",""start"":3,""end"":6},{""type"":""EVE"",""start"":7,""end"":8},{""type"":""ARG"",""start"":10,""end"":14},{""type"":""ARG"",""start"":15,""end"":19},{""type"":""LOC"",""start"":20,""end"":23},{""type"":""PLOC"",""start"":24,""end"":28},{""type"":""PLOC"",""start"":29,""end"":31},{""type"":""PLOC"",""start"":32,""end"":34}]}"
c_7871bb49c357,"{""n_tokens"":7,""arguments"":[{""role"":""FALSE-EVENT"",""start"":2,""end"":3},{""role"":""AFFECTEDOBJECTS-ARG"",""start"":3,""end"":4},{""role"":""PLACE-ARG"",""start"":5,""end"":6}],""entities"":[{""type"":""EVE"",""start"":2,""end"":3},{""type"":""ARG"",""start"":3,""end"":4},{""type"":""LOC"",""start"":5,""end"":6}]}"
c_3cf75dfb187a,"{""n_tokens"":25,""arguments"":[{""role"":""FIRE-EVENT"",""start"":0,""end"":1},{""role"":""AFFECTEDOBJECTS-ARG"",""start"":2,""end"":5},{""role"":""STREET-ARG"",""start"":8,""end"":13},{""role"":""PLACE-ARG"",""start"":14,""end"":15},{""role"":""PLACE-ARG"",""start"":16,""end"":18},{""role"":""TIME-ARG"",""start"":19,""end"":20},{""role"":""TIME-ARG"",""start"":21,""end"":22}],""entities"":[{""type"":""EVE"",""start"":0,""end"":1},{""type"":""ARG"",""start"":2,""end"":5},{""type"":""ARG"",""start"":8,""end"":13},{""type"":""LOC"",""start"":14,""end"":15},{""type"":""PLOC"",""start"":16,""end"":18},{""type"":""ARG"",""start"":19,""end"":20},{""type"":""ARG"",""start"":21,""end"":22}]}"
c_f051ea837c67,"{""n_tokens"":53,""arguments"":[{""role"":""FIRE-EVENT"",""start"":2,""end"":3},{""role"":""AFFECTEDOBJECTS-ARG"",""start"":3,""end"":4},{""role"":""PLACE-ARG"",""start"":5,""end"":7},{""role"":""PLACE-ARG"",""start"":8,""end"":10},{""role"":""PLACE-ARG"",""start"":11,""end"":12},{""role"":""AFFECTEDOBJECTS-ARG"",""start"":15,""end"":19},{""role"":""FIRE-EVENT"",""start"":29,""end"":30},{""role"":""AFFECTEDOBJECTS-ARG"",""start"":32,""end"":34},{""role"":""AFFECTEDOBJECTS-ARG"",""start"":44,""end"":45},{""role"":""FIRE-EVENT"",""start"":47,""end"":48}],""entities"":[{""type"":""EVE"",""start"":2,""end"":3},{""type"":""ARG"",""start"":3,""end"":4},{""type"":""LOC"",""start"":5,""end"":7},{""type"":""PLOC"",""start"":8,""end"":10},{""type"":""PLOC"",""start"":11,""end"":12},{""type"":""EVE"",""start"":29,""end"":30},{""type"":""ARG"",""start"":32,""end"":34},{""type"":""EVE"",""start"":47,""end"":48}]}"
c_58423a277428,"{""n_tokens"":30,""arguments"":[{""role"":""TIME-ARG"",""start"":0,""end"":1},{""role"":""FIRE-EVENT"",""start"":3,""end"":4},{""role"":""STREET-ARG"",""start"":5,""end"":12},{""role"":""PLACE-ARG"",""start"":12,""end"":20},{""role"":""FIRE-EVENT"",""start"":21,""end"":22},{""role"":""AFFECTEDOBJECTS-ARG"",""start"":22,""end"":24},{""role"":""OFFICER-ARG"",""start"":28,""end"":29}],""entities"":[{""type"":""ARG"",""start"":0,""end"":1},{""type"":""EVE"",""start"":3,""end"":4},{""type"":""ARG"",""start"":5,""end"":7},{""type"":""ARG"",""start"":7,""end"":12},{""type"":""LOC"",""start"":12,""end"":16},{""type"":""PLOC"",""start"":16,""end"":18},{""type"":""PLOC"",""start"":18,""end"":20},{""type"":""EVE"",""start"":21,""end"":22},{""type"":""ARG"",""start"":22,""end"":24},{""type"":""ORG"",""start"":28,""end"":29}]}"
c_36731db3ae1e,"{""n_tokens"":41,""arguments"":[{""role"":""TIME-ARG"",""start"":0,""end"":4},{""role"":""FIRE-EVENT"",""start"":4,""end"":5},{""role"":""AFFECTEDOBJECTS-ARG"",""start"":5,""end"":7},{""role"":""STREET-ARG"",""start"":8,""end"":15},{""role"":""PLACE-ARG"",""start"":15,""end"":20},{""role"":""PLACE-ARG"",""start"":21,""end"":24},{""role"":""PLACE-ARG"",""start"":25,""end"":27},{""role"":""OFFICER-ARG"",""start"":30,""end"":34},{""role"":""OFFICER-ARG"",""start"":38,""end"":39}],""entities"":[{""type"":""ARG"",""start"":0,""end"":1},{""type"":""ARG"",""start"":1,""end"":4},{""type"":""EVE"",""start"":4,""end"":5},{""type"":""ARG"",""start"":5,""end"":7},{""type"":""ARG"",""start"":8,""end"":14},{""type"":""ARG"",""start"":14,""end"":15},{""type"":""LOC"",""start"":15,""end"":20},{""type"":""PLOC"",""start"":21,""end"":24},{""type"":""PLOC"",""start"":25,""end"":27},{""type"":""ORG"",""start"":30,""end"":34},{""type"":""ORG"",""start"":38,""end"":39}]}"
c_eb023060e7bd,"{""n_tokens"":18,""arguments"":[{""role"":""FALSE-EVENT"",""start"":2,""end"":3}],""entities"":[{""type"":""EVE"",""start"":2,""end"":3}]}"
c_545a92cf5245,"{""n_tokens"":41,""arguments"":[{""role"":""FIRE-EVENT"",""start"":2,""end"":3},{""role"":""PLACE-ARG"",""start"":4,""end"":6},{""role"":""PLACE-ARG"",""start"":12,""end"":14},{""role"":""PLACE-ARG"",""start"":15,""end"":16}],""entities"":[{""type"":""EVE"",""start"":2,""end"":3},{""type"":""LOC"",""start"":4,""end"":6},{""type"":""LOC"",""start"":12,""end"":14},{""type"":""LOC"",""start"":15,""end"":16}]}"
c_b59ccbc88caf,"{""n_tokens"":10,""arguments"":[{""role"":""DEATHVICTIM-ARG"",""start"":0,""end"":2},{""role"":""FIRE-EVENT"",""start"":4,""end"":5},{""role"":""AFFECTEDOBJECTS-ARG"",""start"":6,""end"":8},{""role"":""PLACE-ARG"",""start"":8,""end"":10}],""entities"":[{""type"":""ARG"",""start"":0,""end"":2},{""type"":""EVE"",""start"":4,""end"":5},{""type"":""ARG"",""start"":6,""end"":8},{""type"":""LOC"",""start"":8,""end"":10}]}"
c_d0548eaa8508,"{""n_tokens"":48,""arguments"":[{""role"":""WOUNDVICTIM-ARG"",""start"":0,""end"":2},{""role"":""FIRE-EVENT"",""start"":2,""end"":3},{""role"":""AFFECTEDOBJECTS-ARG"",""start"":3,""end"":5},{""role"":""PLACE-ARG"",""start"":5,""end"":7},{""role"":""FIRE-EVENT"",""start"":9,""end"":10},{""role"":""AFFECTEDOBJECTS-ARG"",""start"":10,""end"":12},{""role"":""TIME-ARG"",""start"":15,""end"":16},{""role"":""TIME-ARG"",""start"":17,""end"":18},{""role"":""AFFECTEDOBJECTS-ARG"",""start"":22,""end"":24},{""role"":""STREET-ARG"",""start"":25,""end"":27},{""role"":""PLACE-ARG"",""start"":27,""end"":30},{""role"":""PLACE-ARG"",""start"":31,""end"":33}],""entities"":[{""type"":""ARG"",""start"":0,""end"":2},{""type"":""EVE"",""start"":2,""end"":3},{""type"":""ARG"",""start"":3,""end"":5},{""type"":""PLOC"",""start"":5,""end"":7},{""type"":""EVE"",""start"":9,""end"":10},{""type"":""ARG"",""start"":10,""end"":12},{""type"":""ARG"",""start"":15,""end"":16},{""type"":""ARG"",""start"":17,""end"":18},{""type"":""ARG"",""start"":19,""end"":20},{""type"":""ARG"",""start"":22,""end"":24},{""type"":""ARG"",""start"":25,""end"":27},{""type"":""LOC"",""start"":27,""end"":30},{""type"":""PLOC"",""start"":31,""end"":33},{""type"":""ARG"",""start"":43,""end"":46}]}"
c_4a3739846cb0,"{""n_tokens"":25,""arguments"":[{""role"":""FALSE-EVENT"",""start"":5,""end"":6},{""role"":""PLACE-ARG"",""start"":8,""end"":11},{""role"":""PLACE-ARG"",""start"":12,""end"":14},{""role"":""PLACE-ARG"",""start"":15,""end"":17},{""role"":""TIME-ARG"",""start"":18,""end"":19}],""entities"":[{""type"":""EVE"",""start"":5,""end"":6},{""type"":""LOC"",""start"":8,""end"":11},{""type"":""PLOC"",""start"":12,""end"":14},{""type"":""PLOC"",""start"":15,""end"":17},{""type"":""ARG"",""start"":18,""end"":19}]}"
c_f0477e019f07,"{""n_tokens"":32,""arguments"":[{""role"":""OFFICER-ARG"",""start"":1,""end"":2},{""role"":""PLACE-ARG"",""start"":2,""end"":4},{""role"":""OFFICER-ARG"",""start"":5,""end"":6},{""role"":""PLACE-ARG"",""start"":6,""end"":7},{""role"":""FALSE-EVENT"",""start"":12,""end"":13},{""role"":""PLACE-ARG"",""start"":17,""end"":19},{""role"":""PLACE-ARG"",""start"":20,""end"":24}],""entities"":[{""type"":""ORG"",""start"":1,""end"":2},{""type"":""PLOC"",""start"":2,""end"":4},{""type"":""ORG"",""start"":5,""end"":6},{""type"":""PLOC"",""start"":6,""end"":7},{""type"":""EVE"",""start"":12,""end"":13},{""type"":""ARG"",""start"":14,""end"":16},{""type"":""LOC"",""start"":17,""end"":19},{""type"":""LOC"",""start"":20,""end"":24}]}"
c_082b1cbf8b00,"{""n_tokens"":19,""arguments"":[{""role"":""FIRE-EVENT"",""start"":3,""end"":4},{""role"":""PLACE-ARG"",""start"":5,""end"":14}],""entities"":[{""type"":""EVE"",""start"":3,""end"":4},{""type"":""LOC"",""start"":5,""end"":7},{""type"":""LOC"",""start"":7,""end"":9},{""type"":""PLOC"",""start"":9,""end"":11},{""type"":""PLOC"",""start"":11,""end"":14}]}"
c_1eeb760814b4,"{""n_tokens"":24,""arguments"":[{""role"":""FIRE-EVENT"",""start"":0,""end"":1},{""role"":""AFFECTEDOBJECTS-ARG"",""start"":1,""end"":2},{""role"":""PLACE-ARG"",""start"":3,""end"":8},{""role"":""AFFECTEDOBJECTS-ARG"",""start"":8,""end"":11},{""role"":""FIRE-EVENT"",""start"":12,""end"":15}],""entities"":[{""type"":""EVE"",""start"":0,""end"":1},{""type"":""ARG"",""start"":1,""end"":2},{""type"":""LOC"",""start"":3,""end"":4},{""type"":""LOC"",""start"":4,""end"":6},{""type"":""LOC"",""start"":6,""end"":8},{""type"":""ARG"",""start"":8,""end"":11},{""type"":""EVE"",""start"":12,""end"":15}]}"
c_164960f9fb6e,"{""n_tokens"":16,""arguments"":[{""role"":""PLACE-ARG"",""start"":3,""end"":4},{""role"":""FIRE-EVENT"",""start"":6,""end"":7},{""role"":""PLACE-ARG"",""start"":9,""end"":10},{""role"":""AFFECTEDOBJECTS-ARG"",""start"":11,""end"":14},{""role"":""FIRE-EVENT"",""start"":14,""end"":16}],""entities"":[{""type"":""PLOC"",""start"":3,""end"":4},{""type"":""EVE"",""start"":6,""end"":7},{""type"":""LOC"",""start"":9,""end"":10},{""type"":""ARG"",""start"":11,""end"":14},{""type"":""EVE"",""start"":14,""end"":16}]}"
c_186ee79a4b28,"{""n_tokens"":21,""arguments"":[{""role"":""OFFICER-ARG"",""start"":3,""end"":4},{""role"":""PLACE-ARG"",""start"":6,""end"":7},{""role"":""FALSE-EVENT"",""start"":10,""end"":11},{""role"":""PLACE-ARG"",""start"":15,""end"":16},{""role"":""PLACE-ARG"",""start"":17,""end"":18},{""role"":""TIME-ARG"",""start"":19,""end"":20}],""entities"":[{""type"":""ORG"",""start"":3,""end"":4},{""type"":""PLOC"",""start"":6,""end"":7},{""type"":""EVE"",""start"":10,""end"":11},{""type"":""LOC"",""start"":12,""end"":14},{""type"":""LOC"",""start"":15,""end"":16},{""type"":""PLOC"",""start"":17,""end"":18},{""type"":""ARG"",""start"":19,""end"":20}]}"
c_da56a1363ba5,"{""n_tokens"":29,""arguments"":[{""role"":""AFFECTEDOBJECTS-ARG"",""start"":1,""end"":4},{""role"":""FIRE-EVENT"",""start"":5,""end"":6},{""role"":""PLACE-ARG"",""start"":10,""end"":12},{""role"":""FIRE-EVENT"",""start"":12,""end"":13},{""role"":""PLACE-ARG"",""start"":16,""end"":19},{""role"":""PLACE-ARG"",""start"":20,""end"":22},{""role"":""TIME-ARG"",""start"":23,""end"":26}],""entities"":[{""type"":""ARG"",""start"":1,""end"":4},{""type"":""EVE"",""start"":5,""end"":6},{""type"":""PLOC"",""start"":10,""end"":12},{""type"":""EVE"",""start"":12,""end"":13},{""type"":""LOC"",""start"":16,""end"":19},{""type"":""PLOC"",""start"":20,""end"":22},{""type"":""ARG"",""start"":23,""end"":24},{""type"":""ARG"",""start"":24,""end"":26}]}"
c_679f00b1590f,"{""n_tokens"":15,""arguments"":[{""role"":""FIRE-EVENT"",""start"":0,""end"":1},{""role"":""AFFECTEDOBJECTS-ARG"",""start"":2,""end"":4},{""role"":""PLACE-ARG"",""start"":5,""end"":6},{""role"":""PLACE-ARG"",""start"":9,""end"":10},{""role"":""PLACE-ARG"",""start"":12,""end"":13}],""entities"":[{""type"":""EVE"",""start"":0,""end"":1},{""type"":""ARG"",""start"":2,""end"":4},{""type"":""LOC"",""start"":5,""end"":6},{""type"":""PLOC"",""start"":9,""end"":10},{""type"":""PLOC"",""start"":12,""end"":13}]}"
c_00f3b31816ca,"{""n_tokens"":10,""arguments"":[{""role"":""FIRE-EVENT"",""start"":0,""end"":1},{""role"":""PLACE-ARG"",""start"":2,""end"":5},{""role"":""AFFECTEDOBJECTS-ARG"",""start"":6,""end"":7},{""role"":""AFFECTEDOBJECTS-ARG"",""start"":8,""end"":10}],""entities"":[{""type"":""EVE"",""start"":0,""end"":1},{""type"":""LOC"",""start"":2,""end"":4},{""type"":""PLOC"",""start"":4,""end"":5},{""type"":""ARG"",""start"":6,""end"":7},{""type"":""ARG"",""start"":8,""end"":9}]}"
c_c202bca4e975,"{""n_tokens"":13,""arguments"":[{""role"":""OFFICER-ARG"",""start"":1,""end"":2},{""role"":""PLACE-ARG"",""start"":2,""end"":4},{""role"":""WOUNDVICTIM-ARG"",""start"":7,""end"":9},{""role"":""FALSE-EVENT"",""start"":9,""end"":10},{""role"":""PLACE-ARG"",""start"":11,""end"":13}],""entities"":[{""type"":""ORG"",""start"":1,""end"":2},{""type"":""PLOC"",""start"":2,""end"":4},{""type"":""ARG"",""start"":7,""end"":9},{""type"":""EVE"",""start"":9,""end"":10},{""type"":""LOC"",""start"":11,""end"":13}]}"
c_13785e45e3b5,"{""n_tokens"":18,""arguments"":[{""role"":""FALSE-EVENT"",""start"":5,""end"":6},{""role"":""PLACE-ARG"",""start"":8,""end"":9}],""entities"":[{""type"":""EVE"",""start"":5,""end"":6},{""type"":""LOC"",""start"":8,""end"":9}]}"
c_7bb1fe0d0897,"{""n_tokens"":22,""arguments"":[{""role"":""FIRE-EVENT"",""start"":2,""end"":3},{""role"":""STREET-ARG"",""start"":4,""end"":7},{""role"":""INFORMATION-ARG"",""start"":7,""end"":11},{""role"":""PLACE-ARG"",""start"":11,""end"":12}],""entities"":[{""type"":""EVE"",""start"":2,""end"":3},{""type"":""ARG"",""start"":4,""end"":7},{""type"":""ARG"",""start"":7,""end"":11},{""type"":""PLOC"",""start"":11,""end"":12}]}"
c_e7a4132fb62b,"{""n_tokens"":13,""arguments"":[{""role"":""FALSE-EVENT"",""start"":5,""end"":6},{""role"":""PLACE-ARG"",""start"":8,""end"":10}],""entities"":[{""type"":""EVE"",""start"":5,""end"":6},{""type"":""LOC"",""start"":8,""end"":9},{""type"":""PLOC"",""start"":9,""end"":10}]}"
c_724e8c8e96f2,"{""n_tokens"":18,""arguments"":[{""role"":""TIME-ARG"",""start"":0,""end"":2},{""role"":""FALSE-EVENT"",""start"":6,""end"":7},{""role"":""FALSE-EVENT"",""start"":11,""end"":12},{""role"":""PLACE-ARG"",""start"":15,""end"":16}],""entities"":[{""type"":""ARG"",""start"":0,""end"":2},{""type"":""EVE"",""start"":6,""end"":7},{""type"":""EVE"",""start"":11,""end"":12},{""type"":""LOC"",""start"":15,""end"":16}]}"
c_09b001fe415b,"{""n_tokens"":29,""arguments"":[{""role"":""OFFICER-ARG"",""start"":4,""end"":5},{""role"":""FIRE-EVENT"",""start"":7,""end"":8},{""role"":""AFFECTEDOBJECTS-ARG"",""start"":8,""end"":11},{""role"":""STREET-ARG"",""start"":12,""end"":17},{""role"":""PLACE-ARG"",""start"":17,""end"":19},{""role"":""TIME-ARG"",""start"":26,""end"":27}],""entities"":[{""type"":""ORG"",""start"":4,""end"":5},{""type"":""EVE"",""start"":7,""end"":8},{""type"":""ARG"",""start"":8,""end"":11},{""type"":""ARG"",""start"":12,""end"":17},{""type"":""PLOC"",""start"":17,""end"":19},{""type"":""ARG"",""start"":26,""end"":27}]}"
c_09c3217a5787,"{""n_tokens"":24,""arguments"":[{""role"":""FIRE-EVENT"",""start"":7,""end"":8},{""role"":""AFFECTEDOBJECTS-ARG"",""start"":8,""end"":11},{""role"":""STREET-ARG"",""start"":12,""end"":17},{""role"":""PLACE-ARG"",""start"":17,""end"":19},{""role"":""TIME-ARG"",""start"":21,""end"":22}],""entities"":[{""type"":""EVE"",""start"":7,""end"":8},{""type"":""ARG"",""start"":8,""end"":11},{""type"":""ARG"",""start"":12,""end"":17},{""type"":""PLOC"",""start"":17,""end"":19},{""type"":""ARG"",""start"":21,""end"":22}]}"
c_330e2b4c548a,"{""n_tokens"":17,""arguments"":[{""role"":""FIRE-EVENT"",""start"":1,""end"":2},{""role"":""PLACE-ARG"",""start"":4,""end"":6},{""role"":""PLACE-ARG"",""start"":7,""end"":9},{""role"":""PLACE-ARG"",""start"":10,""end"":12},{""role"":""TIME-ARG"",""start"":12,""end"":17}],""entities"":[{""type"":""EVE"",""start"":1,""end"":2},{""type"":""LOC"",""start"":4,""end"":6},{""type"":""PLOC"",""start"":7,""end"":9},{""type"":""PLOC"",""start"":10,""end"":12},{""type"":""ARG"",""start"":12,""end"":17}]}"
c_4399e0e42727,"{""n_tokens"":44,""arguments"":[{""role"":""AFFECTEDOBJECTS-ARG"",""start"":8,""end"":9},{""role"":""FALSE-EVENT"",""start"":12,""end"":13}],""entities"":[{""type"":""ARG"",""start"":8,""end"":9},{""type"":""EVE"",""start"":12,""end"":13}]}"
c_8227e918adb0,"{""n_tokens"":48,""arguments"":[{""role"":""TIME-ARG"",""start"":0,""end"":1},{""role"":""FIRE-EVENT"",""start"":1,""end"":2},{""role"":""TIME-ARG"",""start"":4,""end"":6},{""role"":""AFFECTEDOBJECTS-ARG"",""start"":7,""end"":9},{""role"":""STREET-ARG"",""start"":10,""end"":15},{""role"":""STREET-ARG"",""start"":16,""end"":21},{""role"":""PLACE-ARG"",""start"":22,""end"":27},{""role"":""PLACE-ARG"",""start"":28,""end"":32},{""role"":""PLACE-ARG"",""start"":33,""end"":35},{""role"":""OFFICER-ARG"",""start"":41,""end"":44}],""entities"":[{""type"":""ARG"",""start"":0,""end"":1},{""type"":""EVE"",""start"":1,""end"":2},{""type"":""ARG"",""start"":4,""end"":6},{""type"":""ARG"",""start"":7,""end"":9},{""type"":""ARG"",""start"":10,""end"":15},{""type"":""ARG"",""start"":16,""end"":21},{""type"":""LOC"",""start"":22,""end"":27},{""type"":""PLOC"",""start"":28,""end"":32},{""type"":""PLOC"",""start"":33,""end"":35},{""type"":""ORG"",""start"":41,""end"":44}]}"
c_ae718e15848d,"{""n_tokens"":19,""arguments"":[{""role"":""FIRE-EVENT"",""start"":0,""end"":1},{""role"":""AFFECTEDOBJECTS-ARG"",""start"":2,""end"":3},{""role"":""PLACE-ARG"",""start"":4,""end"":8},{""role"":""OFFICER-ARG"",""start"":10,""end"":15}],""entities"":[{""type"":""EVE"",""start"":0,""end"":1},{""type"":""ARG"",""start"":2,""end"":3},{""type"":""LOC"",""start"":4,""end"":7},{""type"":""PLOC"",""start"":7,""end"":8},{""type"":""ORG"",""start"":10,""end"":15}]}"
c_bbf747dd4fc4,"{""n_tokens"":35,""arguments"":[{""role"":""FIRE-EVENT"",""start"":0,""end"":1},{""role"":""AFFECTEDOBJECTS-ARG"",""start"":1,""end"":3},{""role"":""PLACE-ARG"",""start"":4,""end"":7},{""role"":""TIME-ARG"",""start"":10,""end"":11},{""role"":""DEATHVICTIM-ARG"",""start"":12,""end"":16},{""role"":""OFFICER-ARG"",""start"":26,""end"":27},{""role"":""PLACE-ARG"",""start"":30,""end"":32}],""entities"":[{""type"":""EVE"",""start"":0,""end"":1},{""type"":""ARG"",""start"":1,""end"":3},{""type"":""LOC"",""start"":4,""end"":6},{""type"":""PLOC"",""start"":6,""end"":7},{""type"":""ARG"",""start"":10,""end"":11},{""type"":""ARG"",""start"":12,""end"":16},{""type"":""ORG"",""start"":26,""end"":27},{""type"":""PLOC"",""start"":30,""end"":32}]}"
c_647f9f7b20f2,"{""n_tokens"":50,""arguments"":[{""role"":""FALSE-EVENT"",""start"":4,""end"":5}],""entities"":[{""type"":""EVE"",""start"":4,""end"":5},{""type"":""ORG"",""start"":9,""end"":10}]}"
c_85d3c3f8d562,"{""n_tokens"":24,""arguments"":[{""role"":""PLACE-ARG"",""start"":0,""end"":2},{""role"":""PLACE-ARG"",""start"":5,""end"":6},{""role"":""FALSE-EVENT"",""start"":6,""end"":7}],""entities"":[{""type"":""LOC"",""start"":5,""end"":6},{""type"":""EVE"",""start"":6,""end"":7},{""type"":""PLOC"",""start"":13,""end"":14}]}"
c_5c5bc0b341d0,"{""n_tokens"":53,""arguments"":[{""role"":""OFFICER-ARG"",""start"":0,""end"":2},{""role"":""FALSE-EVENT"",""start"":18,""end"":19},{""role"":""PLACE-ARG"",""start"":20,""end"":23},{""role"":""PLACE-ARG"",""start"":24,""end"":26},{""role"":""PLACE-ARG"",""start"":27,""end"":29},{""role"":""TIME-ARG"",""start"":33,""end"":34},{""role"":""TIME-ARG"",""start"":35,""end"":38}],""entities"":[{""type"":""ORG"",""start"":0,""end"":2},{""type"":""PLOC"",""start"":11,""end"":13},{""type"":""EVE"",""start"":18,""end"":19},{""type"":""LOC"",""start"":20,""end"":23},{""type"":""PLOC"",""start"":24,""end"":26},{""type"":""PLOC"",""start"":27,""end"":29},{""type"":""ARG"",""start"":33,""end"":34},{""type"":""ARG"",""start"":35,""end"":38},{""type"":""PLOC"",""start"":43,""end"":45}]}"
c_7128fd829fc9,"{""n_tokens"":42,""arguments"":[{""role"":""OFFICER-ARG"",""start"":0,""end"":1},{""role"":""FALSE-EVENT"",""start"":6,""end"":7},{""role"":""PLACE-ARG"",""start"":8,""end"":9},{""role"":""AFFECTEDOBJECTS-ARG"",""start"":13,""end"":14},{""role"":""FALSE-EVENT"",""start"":15,""end"":16},{""role"":""OFFICER-ARG"",""start"":22,""end"":23},{""role"":""FALSE-EVENT"",""start"":34,""end"":35}],""entities"":[{""type"":""ORG"",""start"":0,""end"":1},{""type"":""EVE"",""start"":6,""end"":7},{""type"":""LOC"",""start"":8,""end"":9},{""type"":""ARG"",""start"":13,""end"":14},{""type"":""EVE"",""start"":15,""end"":16},{""type"":""ORG"",""start"":22,""end"":23},{""type"":""EVE"",""start"":34,""end"":35}]}"
c_4e14e661b3d8,"{""n_tokens"":16,""arguments"":[{""role"":""FALSE-EVENT"",""start"":1,""end"":2},{""role"":""AFFECTEDOBJECTS-ARG"",""start"":7,""end"":8}],""entities"":[{""type"":""EVE"",""start"":1,""end"":2},{""type"":""ARG"",""start"":7,""end"":8}]}"
c_bf9ba02c2aa9,"{""n_tokens"":11,""arguments"":[{""role"":""FIRE-EVENT"",""start"":3,""end"":4},{""role"":""PLACE-ARG"",""start"":5,""end"":8},{""role"":""PLACE-ARG"",""start"":10,""end"":11}],""entities"":[{""type"":""EVE"",""start"":3,""end"":4},{""type"":""LOC"",""start"":5,""end"":8},{""type"":""PLOC"",""start"":10,""end"":11}]}"
c_b5e6a3128974,"{""n_tokens"":9,""arguments"":[{""role"":""FIRE-EVENT"",""start"":0,""end"":1},{""role"":""AFFECTEDOBJECTS-ARG"",""start"":1,""end"":3},{""role"":""PLACE-ARG"",""start"":4,""end"":5}],""entities"":[{""type"":""EVE"",""start"":0,""end"":1},{""type"":""ARG"",""start"":1,""end"":3},{""type"":""LOC"",""start"":4,""end"":5}]}"
c_9d54d4e88a16,"{""n_tokens"":41,""arguments"":[{""role"":""FIRE-EVENT"",""start"":10,""end"":11},{""role"":""PLACE-ARG"",""start"":15,""end"":17},{""role"":""TIME-ARG"",""start"":19,""end"":22},{""role"":""TIME-ARG"",""start"":23,""end"":26}],""entities"":[{""type"":""EVE"",""start"":10,""end"":11},{""type"":""LOC"",""start"":15,""end"":16},{""type"":""PLOC"",""start"":16,""end"":17},{""type"":""ARG"",""start"":19,""end"":22},{""type"":""ARG"",""start"":23,""end"":26}]}"
c_4f2f964b6761,"{""n_tokens"":24,""arguments"":[{""role"":""TIME-ARG"",""start"":2,""end"":6},{""role"":""FIRE-EVENT"",""start"":8,""end"":9},{""role"":""STREET-ARG"",""start"":10,""end"":13},{""role"":""PLACE-ARG"",""start"":13,""end"":16}],""entities"":[{""type"":""ARG"",""start"":2,""end"":3},{""type"":""ARG"",""start"":3,""end"":6},{""type"":""EVE"",""start"":8,""end"":9},{""type"":""ARG"",""start"":10,""end"":13},{""type"":""LOC"",""start"":13,""end"":14},{""type"":""PLOC"",""start"":14,""end"":16}]}"
c_1e493003f90f,"{""n_tokens"":37,""arguments"":[{""role"":""TIME-ARG"",""start"":2,""end"":5},{""role"":""FIRE-EVENT"",""start"":10,""end"":11},{""role"":""PLACE-ARG"",""start"":13,""end"":17}],""entities"":[{""type"":""ARG"",""start"":2,""end"":3},{""type"":""ARG"",""start"":3,""end"":5},{""type"":""EVE"",""start"":10,""end"":11},{""type"":""LOC"",""start"":13,""end"":15},{""type"":""LOC"",""start"":15,""end"":17}]}"
c_cb7543fa1d2c,"{""n_tokens"":42,""arguments"":[{""role"":""TIME-ARG"",""start"":1,""end"":2},{""role"":""FIRE-EVENT"",""start"":3,""end"":4},{""role"":""AFFECTEDOBJECTS-ARG"",""start"":4,""end"":6},{""role"":""TIME-ARG"",""start"":10,""end"":11},{""role"":""PLACE-ARG"",""start"":13,""end"":15},{""role"":""PLACE-ARG"",""start"":16,""end"":17},{""role"":""PLACE-ARG"",""start"":18,""end"":20},{""role"":""DEATHVICTIM-ARG"",""start"":21,""end"":24},{""role"":""OFFICER-ARG"",""start"":32,""end"":33}],""entities"":[{""type"":""ARG"",""start"":1,""end"":2},{""type"":""EVE"",""start"":3,""end"":4},{""type"":""ARG"",""start"":4,""end"":6},{""type"":""ARG"",""start"":10,""end"":11},{""type"":""LOC"",""start"":13,""end"":15},{""type"":""PLOC"",""start"":16,""end"":17},{""type"":""PLOC"",""start"":18,""end"":20},{""type"":""ARG"",""start"":21,""end"":24},{""type"":""ORG"",""start"":32,""end"":33}]}"
c_5a11a6f0420f,"{""n_tokens"":39,""arguments"":[{""role"":""PLACE-ARG"",""start"":2,""end"":3},{""role"":""OFFICER-ARG"",""start"":13,""end"":14},{""role"":""FALSE-EVENT"",""start"":18,""end"":19},{""role"":""FALSE-EVENT"",""start"":20,""end"":21},{""role"":""PLACE-ARG"",""start"":22,""end"":23}],""entities"":[{""type"":""PLOC"",""start"":2,""end"":3},{""type"":""ORG"",""start"":13,""end"":14},{""type"":""EVE"",""start"":18,""end"":19},{""type"":""EVE"",""start"":20,""end"":21},{""type"":""LOC"",""start"":22,""end"":23}]}"
c_5fcbb1c8cf40,"{""n_tokens"":42,""arguments"":[{""role"":""FIRE-EVENT"",""start"":1,""end"":2},{""role"":""AFFECTEDOBJECTS-ARG"",""start"":3,""end"":5},{""role"":""TIME-ARG"",""start"":5,""end"":8},{""role"":""STREET-ARG"",""start"":9,""end"":13},{""role"":""PLACE-ARG"",""start"":13,""end"":22},{""role"":""TIME-ARG"",""start"":39,""end"":40}],""entities"":[{""type"":""EVE"",""start"":1,""end"":2},{""type"":""ARG"",""start"":3,""end"":5},{""type"":""ARG"",""start"":5,""end"":8},{""type"":""ARG"",""start"":9,""end"":11},{""type"":""ARG"",""start"":11,""end"":13},{""type"":""LOC"",""start"":13,""end"":16},{""type"":""PLOC"",""start"":16,""end"":20},{""type"":""PLOC"",""start"":20,""end"":22},{""type"":""ARG"",""start"":30,""end"":33},{""type"":""ARG"",""start"":39,""end"":40}]}"
c_46c25cf5c265,"{""n_tokens"":54,""arguments"":[{""role"":""AFFECTEDOBJECTS-ARG"",""start"":24,""end"":25},{""role"":""FALSE-EVENT"",""start"":26,""end"":27}],""entities"":[{""type"":""ARG"",""start"":24,""end"":25},{""type"":""EVE"",""start"":26,""end"":27}]}"
c_8081d5b78e68,"{""n_tokens"":40,""arguments"":[{""role"":""AFFECTEDOBJECTS-ARG"",""start"":0,""end"":2},{""role"":""PLACE-ARG"",""start"":3,""end"":5},{""role"":""OFFICER-ARG"",""start"":7,""end"":8},{""role"":""OFFICER-ARG"",""start"":11,""end"":12},{""role"":""AFFECTEDOBJECTS-ARG"",""start"":13,""end"":15},{""role"":""PLACE-ARG"",""start"":22,""end"":23},{""role"":""PLACE-ARG"",""start"":24,""end"":26},{""role"":""FIRE-EVENT"",""start"":34,""end"":35},{""role"":""AFFECTEDOBJECTS-ARG"",""start"":36,""end"":38}],""entities"":[{""type"":""ARG"",""start"":0,""end"":2},{""type"":""LOC"",""start"":3,""end"":4},{""type"":""PLOC"",""start"":4,""end"":5},{""type"":""EVE"",""start"":5,""end"":6},{""type"":""ORG"",""start"":7,""end"":8},{""type"":""ORG"",""start"":11,""end"":12},{""type"":""ARG"",""start"":13,""end"":15},{""type"":""LOC"",""start"":22,""end"":23},{""type"":""PLOC"",""start"":24,""end"":26},{""type"":""EVE"",""start"":34,""end"":35},{""type"":""ARG"",""start"":36,""end"":38}]}"
c_24aa74e85a64,"{""n_tokens"":8,""arguments"":[{""role"":""FALSE-EVENT"",""start"":4,""end"":5},{""role"":""PLACE-ARG"",""start"":6,""end"":8}],""entities"":[{""type"":""EVE"",""start"":4,""end"":5},{""type"":""LOC"",""start"":6,""end"":8}]}"
c_5e3b0bebf57b,"{""n_tokens"":31,""arguments"":[{""role"":""OFFICER-ARG"",""start"":0,""end"":1},{""role"":""PLACE-ARG"",""start"":1,""end"":3},{""role"":""OFFICER-ARG"",""start"":4,""end"":5},{""role"":""PLACE-ARG"",""start"":5,""end"":7},{""role"":""FALSE-EVENT"",""start"":11,""end"":12},{""role"":""PLACE-ARG"",""start"":15,""end"":18},{""role"":""STREET-ARG"",""start"":18,""end"":21},{""role"":""PLACE-ARG"",""start"":21,""end"":25},{""role"":""TIME-ARG"",""start"":26,""end"":27}],""entities"":[{""type"":""ORG"",""start"":0,""end"":1},{""type"":""PLOC"",""start"":1,""end"":3},{""type"":""ORG"",""start"":4,""end"":5},{""type"":""PLOC"",""start"":5,""end"":7},{""type"":""EVE"",""start"":11,""end"":12},{""type"":""ARG"",""start"":18,""end"":21},{""type"":""LOC"",""start"":21,""end"":25},{""type"":""ARG"",""start"":26,""end"":27}]}"
c_d7b8c0043cac,"{""n_tokens"":15,""arguments"":[{""role"":""OFFICER-ARG"",""start"":0,""end"":3},{""role"":""PLACE-ARG"",""start"":3,""end"":4},{""role"":""FALSE-EVENT"",""start"":11,""end"":12},{""role"":""PLACE-ARG"",""start"":13,""end"":15}],""entities"":[{""type"":""ORG"",""start"":0,""end"":3},{""type"":""PLOC"",""start"":3,""end"":4},{""type"":""EVE"",""start"":11,""end"":12},{""type"":""LOC"",""start"":13,""end"":15}]}"
c_dbde5930d37d,"{""n_tokens"":20,""arguments"":[{""role"":""AFFECTEDOBJECTS-ARG"",""start"":0,""end"":3},{""role"":""FIRE-EVENT"",""start"":5,""end"":6},{""role"":""AFFECTEDOBJECTS-ARG"",""start"":7,""end"":10},{""role"":""AFFECTEDOBJECTS-ARG"",""start"":11,""end"":13},{""role"":""STREET-ARG"",""start"":14,""end"":17},{""role"":""PLACE-ARG"",""start"":18,""end"":19}],""entities"":[{""type"":""ARG"",""start"":0,""end"":3},{""type"":""EVE"",""start"":5,""end"":6},{""type"":""ARG"",""start"":7,""end"":10},{""type"":""ARG"",""start"":11,""end"":13},{""type"":""ARG"",""start"":14,""end"":17},{""type"":""PLOC"",""start"":18,""end"":19}]}"
c_834cf6675480,"{""n_tokens"":45,""arguments"":[{""role"":""AFFECTEDOBJECTS-ARG"",""start"":4,""end"":5},{""role"":""FALSE-EVENT"",""start"":6,""end"":7},{""role"":""AFFECTEDOBJECTS-ARG"",""start"":10,""end"":12},{""role"":""FALSE-EVENT"",""start"":12,""end"":13}],""entities"":[{""type"":""ARG"",""start"":4,""end"":5},{""type"":""EVE"",""start"":6,""end"":7},{""type"":""ARG"",""start"":10,""end"":12},{""type"":""EVE"",""start"":12,""end"":13}]}"
c_dbf92bbd836a,"{""n_tokens"":21,""arguments"":[{""role"":""FIRE-EVENT"",""start"":3,""end"":4},{""role"":""STREET-ARG"",""start"":8,""end"":12},{""role"":""PLACE-ARG"",""start"":13,""end"":15},{""role"":""PLACE-ARG"",""start"":16,""end"":21}],""entities"":[{""type"":""EVE"",""start"":3,""end"":4},{""type"":""ARG"",""start"":8,""end"":12},{""type"":""LOC"",""start"":13,""end"":15},{""type"":""PLOC"",""start"":19,""end"":21}]}"
c_ef5bed47ac55,"{""n_tokens"":42,""arguments"":[{""role"":""AFFECTEDOBJECTS-ARG"",""start"":16,""end"":17},{""role"":""FALSE-EVENT"",""start"":18,""end"":19}],""entities"":[{""type"":""ARG"",""start"":16,""end"":17},{""type"":""EVE"",""start"":18,""end"":19}]}"
c_79780ae7a5a6,"{""n_tokens"":24,""arguments"":[{""role"":""TIME-ARG"",""start"":1,""end"":2},{""role"":""TIME-ARG"",""start"":3,""end"":6},{""role"":""FIRE-EVENT"",""start"":7,""end"":8},{""role"":""STREET-ARG"",""start"":10,""end"":13},{""role"":""STREET-ARG"",""start"":14,""end"":18},{""role"":""PLACE-ARG"",""start"":19,""end"":20},{""role"":""PLACE-ARG"",""start"":21,""end"":23}],""entities"":[{""type"":""ARG"",""start"":1,""end"":2},{""type"":""ARG"",""start"":3,""end"":6},{""type"":""EVE"",""start"":7,""end"":8},{""type"":""ARG"",""start"":10,""end"":13},{""type"":""ARG"",""start"":14,""end"":18},{""type"":""PLOC"",""start"":19,""end"":20},{""type"":""PLOC"",""start"":21,""end"":23}]}"
c_ba20f884c2a4,"{""n_tokens"":15,""arguments"":[{""role"":""FIRE-EVENT"",""start"":0,""end"":1},{""role"":""STREET-ARG"",""start"":2,""end"":5},{""role"":""PLACE-ARG"",""start"":6,""end"":7},{""role"":""TIME-ARG"",""start"":8,""end"":13},{""role"":""PLACE-ARG"",""start"":14,""end"":15}],""entities"":[{""type"":""EVE"",""start"":0,""end"":1},{""type"":""ARG"",""start"":2,""end"":5},{""type"":""ARG"",""start"":8,""end"":12},{""type"":""ARG"",""start"":12,""end"":13},{""type"":""PLOC"",""start"":14,""end"":15}]}"
c_8687e2989455,"{""n_tokens"":8,""arguments"":[{""role"":""FIRE-EVENT"",""start"":2,""end"":3},{""role"":""PLACE-ARG"",""start"":4,""end"":8}],""entities"":[{""type"":""EVE"",""start"":2,""end"":3},{""type"":""LOC"",""start"":4,""end"":6},{""type"":""PLOC"",""start"":6,""end"":8}]}"
c_05dfa8cb5117,"{""n_tokens"":34,""arguments"":[{""role"":""FIRE-EVENT"",""start"":1,""end"":2},{""role"":""AFFECTEDOBJECTS-ARG"",""start"":3,""end"":5},{""role"":""TIME-ARG"",""start"":5,""end"":8},{""role"":""STREET-ARG"",""start"":9,""end"":17},{""role"":""PLACE-ARG"",""start"":17,""end"":21},{""role"":""TIME-ARG"",""start"":31,""end"":32}],""entities"":[{""type"":""EVE"",""start"":1,""end"":2},{""type"":""ARG"",""start"":3,""end"":5},{""type"":""ARG"",""start"":5,""end"":8},{""type"":""ARG"",""start"":9,""end"":12},{""type"":""ARG"",""start"":12,""end"":14},{""type"":""ARG"",""start"":14,""end"":17},{""type"":""LOC"",""start"":17,""end"":19},{""type"":""PLOC"",""start"":19,""end"":21},{""type"":""ARG"",""start"":31,""end"":32}]}"
c_e4ac52e0e85b,"{""n_tokens"":35,""arguments"":[{""role"":""FALSE-EVENT"",""start"":7,""end"":8},{""role"":""PLACE-ARG"",""start"":9,""end"":10},{""role"":""TIME-ARG"",""start"":11,""end"":18},{""role"":""PLACE-ARG"",""start"":21,""end"":23},{""role"":""STREET-ARG"",""start"":23,""end"":27},{""role"":""PLACE-ARG"",""start"":27,""end"":35}],""entities"":[{""type"":""EVE"",""start"":7,""end"":8},{""type"":""LOC"",""start"":9,""end"":10},{""type"":""LOC"",""start"":21,""end"":23},{""type"":""ARG"",""start"":23,""end"":25},{""type"":""ARG"",""start"":25,""end"":27},{""type"":""PLOC"",""start"":27,""end"":29},{""type"":""PLOC"",""start"":29,""end"":32},{""type"":""PLOC"",""start"":32,""end"":35}]}"
c_ea7821c1ccd1,"{""n_tokens"":42,""arguments"":[{""role"":""FALSE-EVENT"",""start"":17,""end"":18}],""entities"":[{""type"":""EVE"",""start"":17,""end"":18}]}"
c_0474755bbe15,"{""n_tokens"":14,""arguments"":[{""role"":""AFFECTEDOBJECTS-ARG"",""start"":4,""end"":6},{""role"":""FALSE-EVENT"",""start"":6,""end"":7}],""entities"":[{""type"":""ARG"",""start"":4,""end"":6},{""type"":""EVE"",""start"":6,""end"":7}]}"
c_d87a79b20ada,"{""n_tokens"":36,""arguments"":[{""role"":""PLACE-ARG"",""start"":19,""end"":20},{""role"":""PLACE-ARG"",""start"":21,""end"":23},{""role"":""PLACE-ARG"",""start"":28,""end"":29},{""role"":""FALSE-EVENT"",""start"":31,""end"":32},{""role"":""AFFECTEDOBJECTS-ARG"",""start"":32,""end"":33},{""role"":""PLACE-ARG"",""start"":34,""end"":35}],""entities"":[{""type"":""PLOC"",""start"":19,""end"":20},{""type"":""LOC"",""start"":21,""end"":23},{""type"":""PLOC"",""start"":28,""end"":29},{""type"":""EVE"",""start"":31,""end"":32},{""type"":""ARG"",""start"":32,""end"":33},{""type"":""LOC"",""start"":34,""end"":35}]}"
c_a792b71f8531,"{""n_tokens"":35,""arguments"":[{""role"":""FIRE-EVENT"",""start"":8,""end"":9},{""role"":""AFFECTEDOBJECTS-ARG"",""start"":9,""end"":11},{""role"":""STREET-ARG"",""start"":12,""end"":16},{""role"":""FIRE-EVENT"",""start"":21,""end"":22},{""role"":""AFFECTEDOBJECTS-ARG"",""start"":23,""end"":25},{""role"":""TIME-ARG"",""start"":31,""end"":34}],""entities"":[{""type"":""ARG"",""start"":0,""end"":2},{""type"":""ARG"",""start"":3,""end"":6},{""type"":""EVE"",""start"":8,""end"":9},{""type"":""ARG"",""start"":9,""end"":11},{""type"":""ARG"",""start"":12,""end"":16},{""type"":""EVE"",""start"":21,""end"":22},{""type"":""ARG"",""start"":23,""end"":25},{""type"":""ARG"",""start"":31,""end"":34}]}"
c_f04584d98d6d,"{""n_tokens"":44,""arguments"":[{""role"":""OFFICER-ARG"",""start"":18,""end"":20},{""role"":""FALSE-EVENT"",""start"":33,""end"":34},{""role"":""PLACE-ARG"",""start"":34,""end"":35}],""entities"":[{""type"":""ORG"",""start"":18,""end"":20},{""type"":""EVE"",""start"":33,""end"":34},{""type"":""LOC"",""start"":34,""end"":35}]}"
c_b765469fe68c,"{""n_tokens"":41,""arguments"":[{""role"":""FIRE-EVENT"",""start"":4,""end"":5},{""role"":""TIME-ARG"",""start"":9,""end"":12},{""role"":""PLACE-ARG"",""start"":14,""end"":16},{""role"":""STREET-ARG"",""start"":17,""end"":21},{""role"":""PLACE-ARG"",""start"":21,""end"":22},{""role"":""PLACE-ARG"",""start"":23,""end"":24},{""role"":""FIRE-EVENT"",""start"":26,""end"":27},{""role"":""AFFECTEDOBJECTS-ARG"",""start"":27,""end"":28},{""role"":""PLACE-ARG"",""start"":38,""end"":40}],""entities"":[{""type"":""EVE"",""start"":4,""end"":5},{""type"":""ARG"",""start"":9,""end"":12},{""type"":""LOC"",""start"":14,""end"":16},{""type"":""ARG"",""start"":17,""end"":19},{""type"":""ARG"",""start"":19,""end"":21},{""type"":""PLOC"",""start"":23,""end"":24},{""type"":""EVE"",""start"":26,""end"":27},{""type"":""ARG"",""start"":27,""end"":28},{""type"":""PLOC"",""start"":38,""end"":40}]}"
c_aeda614e29e4,"{""n_tokens"":39,""arguments"":[{""role"":""FIRE-EVENT"",""start"":0,""end"":1},{""role"":""REASON-ARG"",""start"":2,""end"":4},{""role"":""TIME-ARG"",""start"":5,""end"":8},{""role"":""STREET-ARG"",""start"":9,""end"":16},{""role"":""PLACE-ARG"",""start"":17,""end"":19},{""role"":""PLACE-ARG"",""start"":20,""end"":22},{""role"":""PLACE-ARG"",""start"":23,""end"":25},{""role"":""PLACE-ARG"",""start"":31,""end"":32},{""role"":""OFFICER-ARG"",""start"":34,""end"":35}],""entities"":[{""type"":""EVE"",""start"":0,""end"":1},{""type"":""ARG"",""start"":2,""end"":4},{""type"":""ARG"",""start"":5,""end"":8},{""type"":""ARG"",""start"":9,""end"":11},{""type"":""ARG"",""start"":11,""end"":13},{""type"":""ARG"",""start"":13,""end"":16},{""type"":""LOC"",""start"":17,""end"":19},{""type"":""PLOC"",""start"":20,""end"":22},{""type"":""PLOC"",""start"":23,""end"":25},{""type"":""PLOC"",""start"":31,""end"":32},{""type"":""ORG"",""start"":34,""end"":35}]}"
c_37435d50898b,"{""n_tokens"":26,""arguments"":[{""role"":""OFFICER-ARG"",""start"":0,""end"":2},{""role"":""PLACE-ARG"",""start"":2,""end"":4},{""role"":""FALSE-EVENT"",""start"":13,""end"":14},{""role"":""PLACE-ARG"",""start"":15,""end"":17},{""role"":""PLACE-ARG"",""start"":18,""end"":20},{""role"":""TIME-ARG"",""start"":21,""end"":22},{""role"":""TIME-ARG"",""start"":23,""end"":24}],""entities"":[{""type"":""ORG"",""start"":0,""end"":2},{""type"":""PLOC"",""start"":2,""end"":4},{""type"":""EVE"",""start"":13,""end"":14},{""type"":""LOC"",""start"":15,""end"":17},{""type"":""PLOC"",""start"":18,""end"":20},{""type"":""ARG"",""start"":21,""end"":22},{""type"":""ARG"",""start"":23,""end"":24}]}"
c_1ed19159464a,"{""n_tokens"":32,""arguments"":[{""role"":""FALSE-EVENT"",""start"":2,""end"":3},{""role"":""PLACE-ARG"",""start"":15,""end"":18}],""entities"":[{""type"":""EVE"",""start"":2,""end"":3}]}"
c_7877a1fe0f25,"{""n_tokens"":12,""arguments"":[{""role"":""FALSE-EVENT"",""start"":6,""end"":7},{""role"":""PLACE-ARG"",""start"":8,""end"":12}],""entities"":[{""type"":""EVE"",""start"":6,""end"":7},{""type"":""LOC"",""start"":8,""end"":11},{""type"":""PLOC"",""start"":11,""end"":12}]}"
c_325bb4ed527d,"{""n_tokens"":8,""arguments"":[{""role"":""OFFICER-ARG"",""start"":0,""end"":1},{""role"":""FALSE-EVENT"",""start"":5,""end"":6},{""role"":""PLACE-ARG"",""start"":7,""end"":8}],""entities"":[{""type"":""ORG"",""start"":0,""end"":1},{""type"":""EVE"",""start"":5,""end"":6},{""type"":""LOC"",""start"":7,""end"":8}]}"
c_8aed2edfb348,"{""n_tokens"":23,""arguments"":[{""role"":""FIRE-EVENT"",""start"":0,""end"":1},{""role"":""AFFECTEDOBJECTS-ARG"",""start"":3,""end"":6},{""role"":""PLACE-ARG"",""start"":7,""end"":9},{""role"":""PLACE-ARG"",""start"":10,""end"":12},{""role"":""TIME-ARG"",""start"":13,""end"":14},{""role"":""TIME-ARG"",""start"":15,""end"":16}],""entities"":[{""type"":""EVE"",""start"":0,""end"":1},{""type"":""ARG"",""start"":3,""end"":6},{""type"":""LOC"",""start"":7,""end"":9},{""type"":""PLOC"",""start"":10,""end"":12},{""type"":""ARG"",""start"":13,""end"":14},{""type"":""ARG"",""start"":15,""end"":16}]}"
c_9d3386bddbaa,"{""n_tokens"":39,""arguments"":[{""role"":""FIRE-EVENT"",""start"":0,""end"":1},{""role"":""AFFECTEDOBJECTS-ARG"",""start"":3,""end"":6},{""role"":""PLACE-ARG"",""start"":7,""end"":9},{""role"":""PLACE-ARG"",""start"":10,""end"":12},{""role"":""TIME-ARG"",""start"":13,""end"":14},{""role"":""TIME-ARG"",""start"":15,""end"":16},{""role"":""FIRE-EVENT"",""start"":19,""end"":20},{""role"":""OFFICER-ARG"",""start"":25,""end"":30},{""role"":""OFFICER-ARG"",""start"":31,""end"":32},{""role"":""PLACE-ARG"",""start"":33,""end"":35}],""entities"":[{""type"":""EVE"",""start"":0,""end"":1},{""type"":""ARG"",""start"":3,""end"":6},{""type"":""LOC"",""start"":7,""end"":9},{""type"":""PLOC"",""start"":10,""end"":12},{""type"":""ARG"",""start"":13,""end"":14},{""type"":""ARG"",""start"":15,""end"":16},{""type"":""EVE"",""start"":19,""end"":20},{""type"":""ORG"",""start"":25,""end"":30},{""type"":""ORG"",""start"":31,""end"":32},{""type"":""PLOC"",""start"":33,""end"":35}]}"
c_e80fcef11dc8,"{""n_tokens"":8,""arguments"":[{""role"":""FIRE-EVENT"",""start"":0,""end"":1},{""role"":""PLACE-ARG"",""start"":2,""end"":3},{""role"":""AFFECTEDOBJECTS-ARG"",""start"":5,""end"":7}],""entities"":[{""type"":""EVE"",""start"":0,""end"":1},{""type"":""LOC"",""start"":2,""end"":3},{""type"":""ARG"",""start"":5,""end"":7}]}"
c_8a0b7e509af1,"{""n_tokens"":48,""arguments"":[{""role"":""FALSE-EVENT"",""start"":33,""end"":34},{""role"":""AFFECTEDOBJECTS-ARG"",""start"":34,""end"":35},{""role"":""PLACE-ARG"",""start"":38,""end"":39}],""entities"":[{""type"":""EVE"",""start"":33,""end"":34},{""type"":""ARG"",""start"":34,""end"":35},{""type"":""PLOC"",""start"":38,""end"":39}]}"
c_e23ca67c074b,"{""n_tokens"":11,""arguments"":[{""role"":""OFFICER-ARG"",""start"":0,""end"":1},{""role"":""PLACE-ARG"",""start"":1,""end"":2},{""role"":""FALSE-EVENT"",""start"":4,""end"":5},{""role"":""PLACE-ARG"",""start"":6,""end"":10}],""entities"":[{""type"":""ORG"",""start"":0,""end"":1},{""type"":""PLOC"",""start"":1,""end"":2},{""type"":""EVE"",""start"":4,""end"":5},{""type"":""LOC"",""start"":6,""end"":9},{""type"":""PLOC"",""start"":9,""end"":10}]}"
c_798f40adf741,"{""n_tokens"":23,""arguments"":[{""role"":""TIME-ARG"",""start"":0,""end"":1},{""role"":""TIME-ARG"",""start"":2,""end"":3},{""role"":""FIRE-EVENT"",""start"":4,""end"":5},{""role"":""TIME-ARG"",""start"":6,""end"":9},{""role"":""STREET-ARG"",""start"":10,""end"":14},{""role"":""PLACE-ARG"",""start"":14,""end"":16},{""role"":""FIRE-EVENT"",""start"":19,""end"":20},{""role"":""AFFECTEDOBJECTS-ARG"",""start"":20,""end"":22}],""entities"":[{""type"":""ARG"",""start"":0,""end"":1},{""type"":""ARG"",""start"":2,""end"":3},{""type"":""EVE"",""start"":4,""end"":5},{""type"":""ARG"",""start"":6,""end"":9},{""type"":""ARG"",""start"":10,""end"":12},{""type"":""ARG"",""start"":12,""end"":14},{""type"":""LOC"",""start"":14,""end"":15},{""type"":""PLOC"",""start"":15,""end"":16},{""type"":""EVE"",""start"":19,""end"":20},{""type"":""ARG"",""start"":20,""end"":22}]}"
c_9e9929b2e6fd,"{""n_tokens"":56,""arguments"":[{""role"":""FALSE-EVENT"",""start"":5,""end"":6}],""entities"":[{""type"":""EVE"",""start"":5,""end"":6}]}"
c_f8ff1e5a2bf3,"{""n_tokens"":26,""arguments"":[{""role"":""OFFICER-ARG"",""start"":0,""end"":1},{""role"":""PLACE-ARG"",""start"":1,""end"":2},{""role"":""FALSE-EVENT"",""start"":7,""end"":8},{""role"":""OFFICER-ARG"",""start"":10,""end"":11},{""role"":""PLACE-ARG"",""start"":20,""end"":22},{""role"":""TIME-ARG"",""start"":22,""end"":23},{""role"":""TIME-ARG"",""start"":24,""end"":25}],""entities"":[{""type"":""ORG"",""start"":0,""end"":1},{""type"":""PLOC"",""start"":1,""end"":2},{""type"":""EVE"",""start"":7,""end"":8},{""type"":""ORG"",""start"":10,""end"":11},{""type"":""PLOC"",""start"":20,""end"":22},{""type"":""ARG"",""start"":22,""end"":23},{""type"":""ARG"",""start"":24,""end"":25}]}"
c_f6fe0c5bb92c,"{""n_tokens"":17,""arguments"":[{""role"":""FIRE-EVENT"",""start"":4,""end"":5},{""role"":""AFFECTEDOBJECTS-ARG"",""start"":7,""end"":9}],""entities"":[{""type"":""EVE"",""start"":4,""end"":5},{""type"":""ARG"",""start"":7,""end"":9},{""type"":""PLOC"",""start"":9,""end"":11}]}"
c_208ced3d796c,"{""n_tokens"":42,""arguments"":[{""role"":""FIRE-EVENT"",""start"":0,""end"":1},{""role"":""REASON-ARG"",""start"":3,""end"":5},{""role"":""OFFICER-ARG"",""start"":13,""end"":14},{""role"":""PLACE-ARG"",""start"":14,""end"":15},{""role"":""OFFICER-ARG"",""start"":16,""end"":18},{""role"":""OFFICER-ARG"",""start"":22,""end"":23},{""role"":""PLACE-ARG"",""start"":23,""end"":24},{""role"":""OFFICER-ARG"",""start"":24,""end"":25},{""role"":""PLACE-ARG"",""start"":25,""end"":26},{""role"":""OFFICER-ARG"",""start"":29,""end"":30},{""role"":""PLACE-ARG"",""start"":30,""end"":31}],""entities"":[{""type"":""EVE"",""start"":0,""end"":1},{""type"":""ARG"",""start"":3,""end"":5},{""type"":""ORG"",""start"":13,""end"":14},{""type"":""PLOC"",""start"":14,""end"":15},{""type"":""ORG"",""start"":16,""end"":18},{""type"":""ORG"",""start"":22,""end"":23},{""type"":""PLOC"",""start"":23,""end"":24},{""type"":""ORG"",""start"":24,""end"":25},{""type"":""PLOC"",""start"":25,""end"":26},{""type"":""ORG"",""start"":29,""end"":30},{""type"":""PLOC"",""start"":30,""end"":31}]}"
c_dc56c59e4493,"{""n_tokens"":37,""arguments"":[{""role"":""OFFICER-ARG"",""start"":0,""end"":1},{""role"":""PLACE-ARG"",""start"":1,""end"":2},{""role"":""OFFICER-ARG"",""start"":8,""end"":10},{""role"":""OFFICER-ARG"",""start"":12,""end"":13},{""role"":""PLACE-ARG"",""start"":13,""end"":14},{""role"":""OFFICER-ARG"",""start"":14,""end"":15},{""role"":""PLACE-ARG"",""start"":15,""end"":16},{""role"":""OFFICER-ARG"",""start"":19,""end"":20},{""role"":""PLACE-ARG"",""start"":20,""end"":21},{""role"":""FIRE-EVENT"",""start"":34,""end"":35},{""role"":""AFFECTEDOBJECTS-ARG"",""start"":35,""end"":36}],""entities"":[{""type"":""ORG"",""start"":0,""end"":1},{""type"":""PLOC"",""start"":1,""end"":2},{""type"":""ORG"",""start"":8,""end"":10},{""type"":""ORG"",""start"":12,""end"":13},{""type"":""PLOC"",""start"":13,""end"":14},{""type"":""ORG"",""start"":14,""end"":15},{""type"":""PLOC"",""start"":15,""end"":16},{""type"":""ORG"",""start"":19,""end"":20},{""type"":""PLOC"",""start"":20,""end"":21},{""type"":""EVE"",""start"":34,""end"":35},{""type"":""ARG"",""start"":35,""end"":36}]}"
c_9687c60aadab,"{""n_tokens"":37,""arguments"":[{""role"":""TIME-ARG"",""start"":0,""end"":2},{""role"":""FALSE-EVENT"",""start"":6,""end"":7},{""role"":""AFFECTEDOBJECTS-ARG"",""start"":7,""end"":8},{""role"":""AFFECTEDOBJECTS-ARG"",""start"":9,""end"":10},{""role"":""PLACE-ARG"",""start"":11,""end"":12},{""role"":""PLACE-ARG"",""start"":19,""end"":21}],""entities"":[{""type"":""ARG"",""start"":1,""end"":2},{""type"":""EVE"",""start"":6,""end"":7},{""type"":""ARG"",""start"":7,""end"":8},{""type"":""ARG"",""start"":9,""end"":10},{""type"":""PLOC"",""start"":11,""end"":12},{""type"":""LOC"",""start"":19,""end"":21}]}"
c_9b216f55b9df,"{""n_tokens"":27,""arguments"":[{""role"":""FIRE-EVENT"",""start"":6,""end"":7},{""role"":""REASON-ARG"",""start"":12,""end"":14},{""role"":""FIRE-EVENT"",""start"":17,""end"":18},{""role"":""AFFECTEDOBJECTS-ARG"",""start"":21,""end"":22},{""role"":""REASON-ARG"",""start"":24,""end"":26}],""entities"":[{""type"":""EVE"",""start"":6,""end"":7},{""type"":""ARG"",""start"":12,""end"":14},{""type"":""EVE"",""start"":17,""end"":18},{""type"":""ARG"",""start"":21,""end"":22},{""type"":""ARG"",""start"":24,""end"":26}]}"
c_d6faf2049714,"{""n_tokens"":10,""arguments"":[{""role"":""FIRE-EVENT"",""start"":0,""end"":1},{""role"":""PLACE-ARG"",""start"":4,""end"":5},{""role"":""AFFECTEDOBJECTS-ARG"",""start"":6,""end"":9}],""entities"":[{""type"":""EVE"",""start"":0,""end"":1},{""type"":""LOC"",""start"":4,""end"":5},{""type"":""ARG"",""start"":6,""end"":9}]}"
c_e8cacf3a1c5a,"{""n_tokens"":42,""arguments"":[{""role"":""FIRE-EVENT"",""start"":1,""end"":2},{""role"":""AFFECTEDOBJECTS-ARG"",""start"":3,""end"":5},{""role"":""TIME-ARG"",""start"":5,""end"":8},{""role"":""STREET-ARG"",""start"":10,""end"":15},{""role"":""PLACE-ARG"",""start"":15,""end"":24},{""role"":""TIME-ARG"",""start"":39,""end"":40}],""entities"":[{""type"":""EVE"",""start"":1,""end"":2},{""type"":""ARG"",""start"":3,""end"":5},{""type"":""ARG"",""start"":5,""end"":8},{""type"":""ARG"",""start"":10,""end"":13},{""type"":""ARG"",""start"":13,""end"":15},{""type"":""LOC"",""start"":15,""end"":19},{""type"":""PLOC"",""start"":19,""end"":22},{""type"":""PLOC"",""start"":22,""end"":24},{""type"":""ARG"",""start"":39,""end"":40}]}"
c_5b89d9804623,"{""n_tokens"":7,""arguments"":[{""role"":""FIRE-EVENT"",""start"":3,""end"":4},{""role"":""AFFECTEDOBJECTS-ARG"",""start"":4,""end"":5},{""role"":""PLACE-ARG"",""start"":6,""end"":7}],""entities"":[{""type"":""EVE"",""start"":3,""end"":4},{""type"":""ARG"",""start"":4,""end"":5},{""type"":""LOC"",""start"":6,""end"":7}]}"
c_87ea68447cb6,"{""n_tokens"":39,""arguments"":[{""role"":""FALSE-EVENT"",""start"":22,""end"":23},{""role"":""PLACE-ARG"",""start"":33,""end"":35}],""entities"":[{""type"":""EVE"",""start"":22,""end"":23}]}"
c_b6f5ca2c6e9e,"{""n_tokens"":45,""arguments"":[{""role"":""PLACE-ARG"",""start"":12,""end"":13},{""role"":""FALSE-EVENT"",""start"":18,""end"":19}],""entities"":[{""type"":""PLOC"",""start"":12,""end"":13},{""type"":""EVE"",""start"":18,""end"":19}]}"
c_1c9af30fd71b,"{""n_tokens"":53,""arguments"":[{""role"":""FALSE-EVENT"",""start"":6,""end"":7},{""role"":""OFFICER-ARG"",""start"":24,""end"":25}],""entities"":[{""type"":""EVE"",""start"":6,""end"":7},{""type"":""ORG"",""start"":24,""end"":25}]}"
c_7dfb29b43d66,"{""n_tokens"":20,""arguments"":[{""role"":""FALSE-EVENT"",""start"":3,""end"":4},{""role"":""AFFECTEDOBJECTS-ARG"",""start"":4,""end"":5},{""role"":""FALSE-EVENT"",""start"":5,""end"":6},{""role"":""FALSE-EVENT"",""start"":8,""end"":9},{""role"":""AFFECTEDOBJECTS-ARG"",""start"":9,""end"":10},{""role"":""PLACE-ARG"",""start"":10,""end"":11}],""entities"":[{""type"":""EVE"",""start"":3,""end"":4},{""type"":""ARG"",""start"":4,""end"":5},{""type"":""EVE"",""start"":5,""end"":6},{""type"":""EVE"",""start"":8,""end"":9},{""type"":""ARG"",""start"":9,""end"":10},{""type"":""LOC"",""start"":10,""end"":11}]}"
c_1299aecd36e5,"{""n_tokens"":40,""arguments"":[{""role"":""TIME-ARG"",""start"":0,""end"":1},{""role"":""TIME-ARG"",""start"":2,""end"":3},{""role"":""FIRE-EVENT"",""start"":4,""end"":5},{""role"":""TIME-ARG"",""start"":7,""end"":10},{""role"":""STREET-ARG"",""start"":11,""end"":17},{""role"":""PLACE-ARG"",""start"":17,""end"":20},{""role"":""FIRE-EVENT"",""start"":23,""end"":24},{""role"":""AFFECTEDOBJECTS-ARG"",""start"":28,""end"":32},{""role"":""FIRE-EVENT"",""start"":33,""end"":34},{""role"":""TIME-ARG"",""start"":37,""end"":40}],""entities"":[{""type"":""ARG"",""start"":0,""end"":1},{""type"":""ARG"",""start"":2,""end"":3},{""type"":""EVE"",""start"":4,""end"":5},{""type"":""ARG"",""start"":7,""end"":10},{""type"":""ARG"",""start"":11,""end"":15},{""type"":""ARG"",""start"":15,""end"":17},{""type"":""LOC"",""start"":17,""end"":18},{""type"":""PLOC"",""start"":18,""end"":19},{""type"":""PLOC"",""start"":19,""end"":20},{""type"":""EVE"",""start"":23,""end"":24},{""type"":""ARG"",""start"":25,""end"":27},{""type"":""ARG"",""start"":28,""end"":32},{""type"":""EVE"",""start"":33,""end"":34},{""type"":""ARG"",""start"":37,""end"":40}]}"
c_e808adacb2f6,"{""n_tokens"":41,""arguments"":[{""role"":""FIRE-EVENT"",""start"":2,""end"":3},{""role"":""TIME-ARG"",""start"":5,""end"":8},{""role"":""AFFECTEDOBJECTS-ARG"",""start"":9,""end"":13},{""role"":""PLACE-ARG"",""start"":13,""end"":14},{""role"":""PLACE-ARG"",""start"":15,""end"":16},{""role"":""REASON-ARG"",""start"":17,""end"":21},{""role"":""TIME-ARG"",""start"":22,""end"":23},{""role"":""TIME-ARG"",""start"":24,""end"":25},{""role"":""OFFICER-ARG"",""start"":30,""end"":33},{""role"":""OFFICER-ARG"",""start"":34,""end"":35}],""entities"":[{""type"":""EVE"",""start"":2,""end"":3},{""type"":""ARG"",""start"":5,""end"":8},{""type"":""ARG"",""start"":9,""end"":13},{""type"":""PLOC"",""start"":13,""end"":14},{""type"":""LOC"",""start"":15,""end"":16},{""type"":""ARG"",""start"":17,""end"":21},{""type"":""ARG"",""start"":22,""end"":23},{""type"":""ARG"",""start"":24,""end"":25},{""type"":""ORG"",""start"":30,""end"":33},{""type"":""ORG"",""start"":34,""end"":35}]}"
c_371a6cb9c709,"{""n_tokens"":11,""arguments"":[{""role"":""FIRE-EVENT"",""start"":0,""end"":1},{""role"":""AFFECTEDOBJECTS-ARG"",""start"":1,""end"":2},{""role"":""PLACE-ARG"",""start"":3,""end"":4}],""entities"":[{""type"":""EVE"",""start"":0,""end"":1},{""type"":""ARG"",""start"":1,""end"":2},{""type"":""LOC"",""start"":3,""end"":4}]}"
c_d5c0ad5d9ea1,"{""n_tokens"":23,""arguments"":[{""role"":""OFFICER-ARG"",""start"":0,""end"":1},{""role"":""PLACE-ARG"",""start"":7,""end"":8},{""role"":""FALSE-EVENT"",""start"":10,""end"":11},{""role"":""AFFECTEDOBJECTS-ARG"",""start"":11,""end"":12},{""role"":""PLACE-ARG"",""start"":13,""end"":14},{""role"":""PLACE-ARG"",""start"":15,""end"":17}],""entities"":[{""type"":""ORG"",""start"":0,""end"":1},{""type"":""PLOC"",""start"":7,""end"":8},{""type"":""EVE"",""start"":10,""end"":11},{""type"":""ARG"",""start"":11,""end"":12},{""type"":""LOC"",""start"":13,""end"":14},{""type"":""LOC"",""start"":15,""end"":17}]}"
c_d270f83fb5f0,"{""n_tokens"":18,""arguments"":[{""role"":""FIRE-EVENT"",""start"":2,""end"":3},{""role"":""PLACE-ARG"",""start"":4,""end"":8},{""role"":""TIME-ARG"",""start"":9,""end"":13},{""role"":""TIME-ARG"",""start"":14,""end"":15},{""role"":""PLACE-ARG"",""start"":17,""end"":18}],""entities"":[{""type"":""EVE"",""start"":2,""end"":3},{""type"":""LOC"",""start"":4,""end"":6},{""type"":""PLOC"",""start"":6,""end"":8},{""type"":""ARG"",""start"":9,""end"":13},{""type"":""ARG"",""start"":14,""end"":15},{""type"":""PLOC"",""start"":17,""end"":18}]}"
c_ede0a2122b10,"{""n_tokens"":44,""arguments"":[{""role"":""PLACE-ARG"",""start"":24,""end"":26},{""role"":""FALSE-EVENT"",""start"":29,""end"":30},{""role"":""AFFECTEDOBJECTS-ARG"",""start"":30,""end"":31},{""role"":""PLACE-ARG"",""start"":31,""end"":32},{""role"":""PLACE-ARG"",""start"":33,""end"":34}],""entities"":[{""type"":""EVE"",""start"":29,""end"":30},{""type"":""ARG"",""start"":30,""end"":31},{""type"":""PLOC"",""start"":31,""end"":32},{""type"":""PLOC"",""start"":33,""end"":34}]}"
c_c1f57932b0c9,"{""n_tokens"":31,""arguments"":[{""role"":""FALSE-EVENT"",""start"":0,""end"":1},{""role"":""OFFICER-ARG"",""start"":4,""end"":5},{""role"":""PLACE-ARG"",""start"":5,""end"":6},{""role"":""PLACE-ARG"",""start"":16,""end"":17},{""role"":""PLACE-ARG"",""start"":21,""end"":22}],""entities"":[{""type"":""EVE"",""start"":0,""end"":1},{""type"":""ORG"",""start"":4,""end"":5},{""type"":""PLOC"",""start"":5,""end"":6},{""type"":""PLOC"",""start"":16,""end"":17},{""type"":""PLOC"",""start"":21,""end"":22}]}"
c_bb1b6728ed71,"{""n_tokens"":13,""arguments"":[{""role"":""OFFICER-ARG"",""start"":2,""end"":3},{""role"":""FALSE-EVENT"",""start"":4,""end"":5},{""role"":""AFFECTEDOBJECTS-ARG"",""start"":5,""end"":8},{""role"":""PLACE-ARG"",""start"":9,""end"":10}],""entities"":[{""type"":""ORG"",""start"":2,""end"":3},{""type"":""EVE"",""start"":4,""end"":5},{""type"":""ARG"",""start"":5,""end"":8},{""type"":""LOC"",""start"":9,""end"":10}]}"
c_8aca7eb6ca78,"{""n_tokens"":8,""arguments"":[{""role"":""FIRE-EVENT"",""start"":0,""end"":1},{""role"":""STREET-ARG"",""start"":2,""end"":7}],""entities"":[{""type"":""EVE"",""start"":0,""end"":1},{""type"":""ARG"",""start"":2,""end"":7}]}"
c_069cda8f2b08,"{""n_tokens"":19,""arguments"":[{""role"":""TIME-ARG"",""start"":0,""end"":1},{""role"":""FIRE-EVENT"",""start"":4,""end"":5},{""role"":""PLACE-ARG"",""start"":10,""end"":11},{""role"":""PLACE-ARG"",""start"":12,""end"":14},{""role"":""OFFICER-ARG"",""start"":15,""end"":17}],""entities"":[{""type"":""ARG"",""start"":0,""end"":1},{""type"":""EVE"",""start"":4,""end"":5},{""type"":""LOC"",""start"":10,""end"":11},{""type"":""PLOC"",""start"":12,""end"":14},{""type"":""ARG"",""start"":15,""end"":17}]}"
c_e103ecd77d64,"{""n_tokens"":14,""arguments"":[{""role"":""FIRE-EVENT"",""start"":1,""end"":2}],""entities"":[{""type"":""EVE"",""start"":1,""end"":2},{""type"":""ARG"",""start"":3,""end"":6},{""type"":""LOC"",""start"":6,""end"":7},{""type"":""LOC"",""start"":7,""end"":8},{""type"":""PLOC"",""start"":8,""end"":10}]}"
c_ef0bdf41533e,"{""n_tokens"":38,""arguments"":[{""role"":""FIRE-EVENT"",""start"":0,""end"":1},{""role"":""PLACE-ARG"",""start"":2,""end"":4},{""role"":""AFFECTEDOBJECTS-ARG"",""start"":5,""end"":8},{""role"":""WOUNDVICTIM-ARG"",""start"":9,""end"":12},{""role"":""PLACE-ARG"",""start"":17,""end"":19},{""role"":""PLACE-ARG"",""start"":20,""end"":21},{""role"":""PLACE-ARG"",""start"":22,""end"":24},{""role"":""AFFECTEDOBJECTS-ARG"",""start"":26,""end"":28},{""role"":""AFFECTEDOBJECTS-ARG"",""start"":29,""end"":31},{""role"":""FIRE-EVENT"",""start"":32,""end"":33},{""role"":""TIME-ARG"",""start"":34,""end"":35}],""entities"":[{""type"":""EVE"",""start"":0,""end"":1},{""type"":""LOC"",""start"":2,""end"":4},{""type"":""ARG"",""start"":5,""end"":8},{""type"":""ARG"",""start"":9,""end"":12},{""type"":""ARG"",""start"":14,""end"":16},{""type"":""LOC"",""start"":17,""end"":19},{""type"":""PLOC"",""start"":20,""end"":21},{""type"":""PLOC"",""start"":22,""end"":24},{""type"":""ARG"",""start"":26,""end"":28},{""type"":""ARG"",""start"":29,""end"":31},{""type"":""EVE"",""start"":32,""end"":33},{""type"":""ARG"",""start"":34,""end"":35}]}"
c_136d8d031114,"{""n_tokens"":21,""arguments"":[{""role"":""FIRE-EVENT"",""start"":0,""end"":1},{""role"":""AFFECTEDOBJECTS-ARG"",""start"":2,""end"":4},{""role"":""PLACE-ARG"",""start"":5,""end"":7},{""role"":""PLACE-ARG"",""start"":8,""end"":9},{""role"":""PLACE-ARG"",""start"":10,""end"":12},{""role"":""TIME-ARG"",""start"":13,""end"":14},{""role"":""TIME-ARG"",""start"":15,""end"":16}],""entities"":[{""type"":""EVE"",""start"":0,""end"":1},{""type"":""ARG"",""start"":2,""end"":4},{""type"":""LOC"",""start"":5,""end"":7},{""type"":""PLOC"",""start"":8,""end"":9},{""type"":""PLOC"",""start"":10,""end"":12},{""type"":""ARG"",""start"":13,""end"":14},{""type"":""ARG"",""start"":15,""end"":16}]}"
c_faa2c9178e79,"{""n_tokens"":40,""arguments"":[{""role"":""FALSE-EVENT"",""start"":12,""end"":13},{""role"":""PLACE-ARG"",""start"":17,""end"":18},{""role"":""OFFICER-ARG"",""start"":20,""end"":21}],""entities"":[{""type"":""EVE"",""start"":12,""end"":13},{""type"":""LOC"",""start"":17,""end"":18},{""type"":""ORG"",""start"":20,""end"":21}]}"
c_c7e51973958d,"{""n_tokens"":44,""arguments"":[{""role"":""PLACE-ARG"",""start"":5,""end"":6},{""role"":""PLACE-ARG"",""start"":11,""end"":12},{""role"":""TIME-ARG"",""start"":20,""end"":21},{""role"":""FALSE-EVENT"",""start"":24,""end"":25},{""role"":""AFFECTEDOBJECTS-ARG"",""start"":25,""end"":26},{""role"":""PLACE-ARG"",""start"":27,""end"":28},{""role"":""PLACE-ARG"",""start"":31,""end"":32}],""entities"":[{""type"":""PLOC"",""start"":5,""end"":6},{""type"":""PLOC"",""start"":11,""end"":12},{""type"":""ARG"",""start"":20,""end"":21},{""type"":""EVE"",""start"":24,""end"":25},{""type"":""ARG"",""start"":25,""end"":26},{""type"":""PLOC"",""start"":27,""end"":28},{""type"":""PLOC"",""start"":31,""end"":32}]}"
c_33ec18054af1,"{""n_tokens"":40,""arguments"":[{""role"":""FIRE-EVENT"",""start"":4,""end"":5},{""role"":""AFFECTEDOBJECTS-ARG"",""start"":5,""end"":7},{""role"":""PLACE-ARG"",""start"":8,""end"":9},{""role"":""REASON-ARG"",""start"":15,""end"":19}],""entities"":[{""type"":""EVE"",""start"":4,""end"":5},{""type"":""ARG"",""start"":5,""end"":7},{""type"":""LOC"",""start"":8,""end"":9},{""type"":""ARG"",""start"":15,""end"":19}]}"
c_58af65238138,"{""n_tokens"":42,""arguments"":[{""role"":""FIRE-EVENT"",""start"":0,""end"":1},{""role"":""PLACE-ARG"",""start"":11,""end"":12},{""role"":""OFFICER-ARG"",""start"":18,""end"":21},{""role"":""PLACE-ARG"",""start"":21,""end"":23},{""role"":""FIRE-EVENT"",""start"":27,""end"":28},{""role"":""PLACE-ARG"",""start"":30,""end"":31},{""role"":""AFFECTEDOBJECTS-ARG"",""start"":34,""end"":37}],""entities"":[{""type"":""EVE"",""start"":0,""end"":1},{""type"":""ARG"",""start"":5,""end"":10},{""type"":""LOC"",""start"":11,""end"":12},{""type"":""ORG"",""start"":18,""end"":21},{""type"":""PLOC"",""start"":21,""end"":23},{""type"":""EVE"",""start"":27,""end"":28},{""type"":""LOC"",""start"":30,""end"":31},{""type"":""ARG"",""start"":34,""end"":37}]}"
c_b92eb3d2bc62,"{""n_tokens"":51,""arguments"":[{""role"":""TIME-ARG"",""start"":6,""end"":9},{""role"":""AFFECTEDOBJECTS-ARG"",""start"":10,""end"":11},{""role"":""FALSE-EVENT"",""start"":11,""end"":12}],""entities"":[{""type"":""ARG"",""start"":6,""end"":7},{""type"":""ARG"",""start"":7,""end"":9},{""type"":""ARG"",""start"":10,""end"":11},{""type"":""EVE"",""start"":11,""end"":12}]}"
c_5de87c7578ba,"{""n_tokens"":10,""arguments"":[{""role"":""FIRE-EVENT"",""start"":0,""end"":1},{""role"":""AFFECTEDOBJECTS-ARG"",""start"":1,""end"":2},{""role"":""PLACE-ARG"",""start"":3,""end"":4},{""role"":""AFFECTEDOBJECTS-ARG"",""start"":5,""end"":6},{""role"":""AFFECTEDOBJECTS-ARG"",""start"":7,""end"":9}],""entities"":[{""type"":""EVE"",""start"":0,""end"":1},{""type"":""ARG"",""start"":1,""end"":2},{""type"":""LOC"",""start"":3,""end"":4},{""type"":""ARG"",""start"":5,""end"":6},{""type"":""ARG"",""start"":7,""end"":9}]}"
c_1073fa42b516,"{""n_tokens"":6,""arguments"":[{""role"":""FALSE-EVENT"",""start"":1,""end"":2},{""role"":""PLACE-ARG"",""start"":3,""end"":4}],""entities"":[{""type"":""EVE"",""start"":1,""end"":2},{""type"":""LOC"",""start"":3,""end"":4}]}"
c_88b5547e80a7,"{""n_tokens"":47,""arguments"":[{""role"":""FALSE-EVENT"",""start"":5,""end"":6},{""role"":""WOUNDVICTIM-ARG"",""start"":32,""end"":34},{""role"":""FALSE-EVENT"",""start"":36,""end"":37},{""role"":""AFFECTEDOBJECTS-ARG"",""start"":37,""end"":38},{""role"":""PLACE-ARG"",""start"":39,""end"":40},{""role"":""PLACE-ARG"",""start"":41,""end"":42},{""role"":""TIME-ARG"",""start"":43,""end"":45}],""entities"":[{""type"":""EVE"",""start"":5,""end"":6},{""type"":""ARG"",""start"":23,""end"":27},{""type"":""ARG"",""start"":28,""end"":31},{""type"":""ARG"",""start"":32,""end"":34},{""type"":""EVE"",""start"":36,""end"":37},{""type"":""ARG"",""start"":37,""end"":38},{""type"":""LOC"",""start"":39,""end"":40},{""type"":""PLOC"",""start"":41,""end"":42},{""type"":""ARG"",""start"":43,""end"":45}]}"
c_0c811a793b1b,"{""n_tokens"":41,""arguments"":[{""role"":""FALSE-EVENT"",""start"":12,""end"":13}],""entities"":[{""type"":""EVE"",""start"":12,""end"":13}]}"
c_0550a2c50363,"{""n_tokens"":7,""arguments"":[{""role"":""FIRE-EVENT"",""start"":0,""end"":1},{""role"":""AFFECTEDOBJECTS-ARG"",""start"":3,""end"":5},{""role"":""PLACE-ARG"",""start"":6,""end"":7}],""entities"":[{""type"":""EVE"",""start"":0,""end"":1},{""type"":""ARG"",""start"":3,""end"":5},{""type"":""LOC"",""start"":6,""end"":7}]}"
c_f6e07a542bcd,"{""n_tokens"":37,""arguments"":[{""role"":""FALSE-EVENT"",""start"":7,""end"":8},{""role"":""STREET-ARG"",""start"":9,""end"":13},{""role"":""PLACE-ARG"",""start"":14,""end"":18},{""role"":""PLACE-ARG"",""start"":19,""end"":20},{""role"":""OFFICER-ARG"",""start"":23,""end"":25}],""entities"":[{""type"":""PLOC"",""start"":4,""end"":5},{""type"":""EVE"",""start"":7,""end"":8},{""type"":""ARG"",""start"":9,""end"":13},{""type"":""PLOC"",""start"":14,""end"":18},{""type"":""PLOC"",""start"":19,""end"":20},{""type"":""ORG"",""start"":23,""end"":25}]}"
c_26c67c5785bc,"{""n_tokens"":11,""arguments"":[{""role"":""DEATHVICTIM-ARG"",""start"":1,""end"":3},{""role"":""FIRE-EVENT"",""start"":8,""end"":9},{""role"":""PLACE-ARG"",""start"":10,""end"":11}],""entities"":[{""type"":""ARG"",""start"":1,""end"":3},{""type"":""ARG"",""start"":4,""end"":6},{""type"":""EVE"",""start"":8,""end"":9},{""type"":""LOC"",""start"":10,""end"":11}]}"
c_52e3b94dc44b,"{""n_tokens"":31,""arguments"":[{""role"":""TIME-ARG"",""start"":0,""end"":1},{""role"":""FIRE-EVENT"",""start"":2,""end"":3},{""role"":""STREET-ARG"",""start"":4,""end"":9},{""role"":""PLACE-ARG"",""start"":10,""end"":14},{""role"":""PLACE-ARG"",""start"":15,""end"":19},{""role"":""PLACE-ARG"",""start"":20,""end"":22},{""role"":""OFFICER-ARG"",""start"":26,""end"":29}],""entities"":[{""type"":""ARG"",""start"":0,""end"":1},{""type"":""EVE"",""start"":2,""end"":3},{""type"":""ARG"",""start"":4,""end"":9},{""type"":""LOC"",""start"":10,""end"":14},{""type"":""PLOC"",""start"":15,""end"":19},{""type"":""PLOC"",""start"":20,""end"":22},{""type"":""ARG"",""start"":26,""end"":29}]}"
c_d420cf77f456,"{""n_tokens"":41,""arguments"":[{""role"":""PLACE-ARG"",""start"":10,""end"":12},{""role"":""OFFICER-ARG"",""start"":16,""end"":17},{""role"":""FALSE-EVENT"",""start"":19,""end"":20},{""role"":""TIME-ARG"",""start"":25,""end"":26},{""role"":""AFFECTEDOBJECTS-ARG"",""start"":33,""end"":35},{""role"":""AFFECTEDOBJECTS-ARG"",""start"":36,""end"":38},{""role"":""FIRE-EVENT"",""start"":39,""end"":40}],""entities"":[{""type"":""PLOC"",""start"":10,""end"":12},{""type"":""ORG"",""start"":16,""end"":17},{""type"":""EVE"",""start"":19,""end"":20},{""type"":""ORG"",""start"":23,""end"":24},{""type"":""ARG"",""start"":25,""end"":26},{""type"":""ARG"",""start"":33,""end"":35},{""type"":""ARG"",""start"":36,""end"":38},{""type"":""EVE"",""start"":39,""end"":40}]}"
c_0927c4367bb1,"{""n_tokens"":18,""arguments"":[{""role"":""FIRE-EVENT"",""start"":0,""end"":1},{""role"":""AFFECTEDOBJECTS-ARG"",""start"":2,""end"":6},{""role"":""PLACE-ARG"",""start"":7,""end"":8},{""role"":""PLACE-ARG"",""start"":9,""end"":11}],""entities"":[{""type"":""EVE"",""start"":0,""end"":1},{""type"":""ARG"",""start"":2,""end"":6},{""type"":""LOC"",""start"":7,""end"":8},{""type"":""PLOC"",""start"":9,""end"":11}]}"
c_696f2e4a0572,"{""n_tokens"":12,""arguments"":[{""role"":""OFFICER-ARG"",""start"":0,""end"":3},{""role"":""FIRE-EVENT"",""start"":5,""end"":6},{""role"":""AFFECTEDOBJECTS-ARG"",""start"":6,""end"":8},{""role"":""PLACE-ARG"",""start"":9,""end"":12}],""entities"":[{""type"":""ORG"",""start"":0,""end"":3},{""type"":""EVE"",""start"":5,""end"":6},{""type"":""ARG"",""start"":6,""end"":8},{""type"":""LOC"",""start"":9,""end"":10},{""type"":""PLOC"",""start"":10,""end"":12}]}"
c_457f9b9a1e13,"{""n_tokens"":35,""arguments"":[{""role"":""PLACE-ARG"",""start"":9,""end"":10},{""role"":""FALSE-EVENT"",""start"":25,""end"":26},{""role"":""PLACE-ARG"",""start"":27,""end"":28},{""role"":""OFFICER-ARG"",""start"":31,""end"":32}],""entities"":[{""type"":""PLOC"",""start"":9,""end"":10},{""type"":""EVE"",""start"":25,""end"":26},{""type"":""LOC"",""start"":27,""end"":28},{""type"":""ORG"",""start"":31,""end"":32}]}"
c_ae9a83a577ff,"{""n_tokens"":15,""arguments"":[{""role"":""FALSE-EVENT"",""start"":4,""end"":5},{""role"":""PLACE-ARG"",""start"":7,""end"":8},{""role"":""PLACE-ARG"",""start"":11,""end"":14}],""entities"":[{""type"":""EVE"",""start"":4,""end"":5},{""type"":""PLOC"",""start"":7,""end"":8},{""type"":""PLOC"",""start"":11,""end"":12},{""type"":""PLOC"",""start"":12,""end"":14}]}"
c_49290b582367,"{""n_tokens"":35,""arguments"":[{""role"":""FALSE-EVENT"",""start"":0,""end"":1},{""role"":""PLACE-ARG"",""start"":2,""end"":5},{""role"":""OFFICER-ARG"",""start"":17,""end"":18},{""role"":""OFFICER-ARG"",""start"":20,""end"":21},{""role"":""TIME-ARG"",""start"":29,""end"":31}],""entities"":[{""type"":""EVE"",""start"":0,""end"":1},{""type"":""LOC"",""start"":2,""end"":4},{""type"":""LOC"",""start"":4,""end"":5},{""type"":""ORG"",""start"":17,""end"":18},{""type"":""ORG"",""start"":20,""end"":21}]}"
c_abb54d55dad1,"{""n_tokens"":38,""arguments"":[{""role"":""FALSE-EVENT"",""start"":27,""end"":28},{""role"":""PLACE-ARG"",""start"":29,""end"":31},{""role"":""PLACE-ARG"",""start"":32,""end"":34}],""entities"":[{""type"":""EVE"",""start"":27,""end"":28},{""type"":""LOC"",""start"":29,""end"":31},{""type"":""LOC"",""start"":32,""end"":34}]}"
c_d3b34aec8785,"{""n_tokens"":11,""arguments"":[{""role"":""FALSE-EVENT"",""start"":2,""end"":3},{""role"":""AFFECTEDOBJECTS-ARG"",""start"":3,""end"":4},{""role"":""PLACE-ARG"",""start"":5,""end"":6},{""role"":""FALSE-EVENT"",""start"":6,""end"":7}],""entities"":[{""type"":""EVE"",""start"":2,""end"":3},{""type"":""ARG"",""start"":3,""end"":4},{""type"":""LOC"",""start"":5,""end"":6},{""type"":""EVE"",""start"":6,""end"":7}]}"
c_e41816968180,"{""n_tokens"":49,""arguments"":[{""role"":""FIRE-EVENT"",""start"":4,""end"":5},{""role"":""AFFECTEDOBJECTS-ARG"",""start"":8,""end"":12},{""role"":""STREET-ARG"",""start"":16,""end"":23},{""role"":""PLACE-ARG"",""start"":24,""end"":26},{""role"":""PLACE-ARG"",""start"":27,""end"":30},{""role"":""PLACE-ARG"",""start"":31,""end"":33},{""role"":""PLACE-ARG"",""start"":34,""end"":35},{""role"":""REASON-ARG"",""start"":40,""end"":42},{""role"":""FIRE-EVENT"",""start"":43,""end"":44}],""entities"":[{""type"":""EVE"",""start"":4,""end"":5},{""type"":""ARG"",""start"":8,""end"":11},{""type"":""ARG"",""start"":16,""end"":20},{""type"":""ARG"",""start"":20,""end"":23},{""type"":""PLOC"",""start"":24,""end"":26},{""type"":""PLOC"",""start"":27,""end"":30},{""type"":""PLOC"",""start"":31,""end"":33},{""type"":""PLOC"",""start"":34,""end"":35},{""type"":""ARG"",""start"":40,""end"":42},{""type"":""EVE"",""start"":43,""end"":44},{""type"":""ARG"",""start"":45,""end"":48}]}"
c_47ece52353f0,"{""n_tokens"":56,""arguments"":[{""role"":""AFFECTEDOBJECTS-ARG"",""start"":0,""end"":2},{""role"":""FALSE-EVENT"",""start"":2,""end"":3},{""role"":""OFFICER-ARG"",""start"":8,""end"":10},{""role"":""OFFICER-ARG"",""start"":27,""end"":28},{""role"":""OFFICER-ARG"",""start"":53,""end"":55}],""entities"":[{""type"":""ARG"",""start"":0,""end"":2},{""type"":""EVE"",""start"":2,""end"":3},{""type"":""ORG"",""start"":8,""end"":10},{""type"":""ORG"",""start"":27,""end"":28},{""type"":""ORG"",""start"":54,""end"":55}]}"
c_1807b72ba3de,"{""n_tokens"":24,""arguments"":[{""role"":""FALSE-EVENT"",""start"":1,""end"":2}],""entities"":[{""type"":""EVE"",""start"":1,""end"":2}]}"
c_327365dccac9,"{""n_tokens"":20,""arguments"":[{""role"":""FALSE-EVENT"",""start"":1,""end"":2},{""role"":""PLACE-ARG"",""start"":17,""end"":19}],""entities"":[{""type"":""EVE"",""start"":1,""end"":2},{""type"":""LOC"",""start"":17,""end"":19}]}"
c_71d0bba8327e,"{""n_tokens"":29,""arguments"":[{""role"":""FIRE-EVENT"",""start"":1,""end"":2},{""role"":""AFFECTEDOBJECTS-ARG"",""start"":3,""end"":4},{""role"":""TIME-ARG"",""start"":4,""end"":7},{""role"":""STREET-ARG"",""start"":8,""end"":12},{""role"":""PLACE-ARG"",""start"":15,""end"":17},{""role"":""OFFICER-ARG"",""start"":24,""end"":25},{""role"":""TIME-ARG"",""start"":26,""end"":27}],""entities"":[{""type"":""EVE"",""start"":1,""end"":2},{""type"":""ARG"",""start"":3,""end"":4},{""type"":""ARG"",""start"":4,""end"":7},{""type"":""ARG"",""start"":8,""end"":12},{""type"":""PLOC"",""start"":15,""end"":17},{""type"":""ORG"",""start"":24,""end"":25},{""type"":""ARG"",""start"":26,""end"":27}]}"
c_ce3f387f1978,"{""n_tokens"":11,""arguments"":[{""role"":""FIRE-EVENT"",""start"":0,""end"":1},{""role"":""AFFECTEDOBJECTS-ARG"",""start"":1,""end"":2},{""role"":""PLACE-ARG"",""start"":3,""end"":4},{""role"":""DEATHVICTIM-ARG"",""start"":5,""end"":9}],""entities"":[{""type"":""EVE"",""start"":0,""end"":1},{""type"":""ARG"",""start"":1,""end"":2},{""type"":""LOC"",""start"":3,""end"":4},{""type"":""ARG"",""start"":5,""end"":9}]}"
c_c29b6124f0b9,"{""n_tokens"":10,""arguments"":[{""role"":""DEATHVICTIM-ARG"",""start"":1,""end"":5},{""role"":""FIRE-EVENT"",""start"":6,""end"":7},{""role"":""AFFECTEDOBJECTS-ARG"",""start"":8,""end"":9},{""role"":""PLACE-ARG"",""start"":9,""end"":10}],""entities"":[{""type"":""ARG"",""start"":1,""end"":5},{""type"":""EVE"",""start"":6,""end"":7},{""type"":""ARG"",""start"":8,""end"":9},{""type"":""PLOC"",""start"":9,""end"":10}]}"
c_b664fc2be66b,"{""n_tokens"":47,""arguments"":[{""role"":""AFFECTEDOBJECTS-ARG"",""start"":0,""end"":2},{""role"":""PLACE-ARG"",""start"":3,""end"":5},{""role"":""FIRE-EVENT"",""start"":5,""end"":6},{""role"":""DEATHVICTIM-ARG"",""start"":7,""end"":9},{""role"":""DEATHVICTIM-ARG"",""start"":10,""end"":13},{""role"":""FIRE-EVENT"",""start"":15,""end"":16},{""role"":""PLACE-ARG"",""start"":23,""end"":26},{""role"":""PLACE-ARG"",""start"":29,""end"":30},{""role"":""DEATHVICTIM-ARG"",""start"":32,""end"":36},{""role"":""TIME-ARG"",""start"":37,""end"":38},{""role"":""TIME-ARG"",""start"":39,""end"":40}],""entities"":[{""type"":""ARG"",""start"":0,""end"":2},{""type"":""LOC"",""start"":3,""end"":4},{""type"":""PLOC"",""start"":4,""end"":5},{""type"":""EVE"",""start"":5,""end"":6},{""type"":""ARG"",""start"":7,""end"":9},{""type"":""ARG"",""start"":10,""end"":13},{""type"":""EVE"",""start"":15,""end"":16},{""type"":""PLOC"",""start"":23,""end"":26},{""type"":""PLOC"",""start"":27,""end"":28},{""type"":""PLOC"",""start"":29,""end"":30},{""type"":""ARG"",""start"":32,""end"":36},{""type"":""ARG"",""start"":37,""end"":38},{""type"":""ARG"",""start"":39,""end"":40}]}"
c_cf064341d46f,"{""n_tokens"":26,""arguments"":[{""role"":""DEATHVICTIM-ARG"",""start"":0,""end"":1},{""role"":""DEATHVICTIM-ARG"",""start"":1,""end"":4},{""role"":""FIRE-EVENT"",""start"":5,""end"":6},{""role"":""AFFECTEDOBJECTS-ARG"",""start"":9,""end"":12},{""role"":""STREET-ARG"",""start"":13,""end"":16},{""role"":""PLACE-ARG"",""start"":17,""end"":18},{""role"":""PLACE-ARG"",""start"":19,""end"":22},{""role"":""TIME-ARG"",""start"":23,""end"":25}],""entities"":[{""type"":""ARG"",""start"":1,""end"":4},{""type"":""EVE"",""start"":5,""end"":6},{""type"":""ARG"",""start"":9,""end"":12},{""type"":""ARG"",""start"":13,""end"":16},{""type"":""PLOC"",""start"":17,""end"":18},{""type"":""PLOC"",""start"":19,""end"":22},{""type"":""ARG"",""start"":23,""end"":24}]}"
c_4f054f85d353,"{""n_tokens"":47,""arguments"":[{""role"":""FIRE-EVENT"",""start"":4,""end"":5},{""role"":""AFFECTEDOBJECTS-ARG"",""start"":7,""end"":9},{""role"":""TIME-ARG"",""start"":9,""end"":12},{""role"":""TIME-ARG"",""start"":13,""end"":14},{""role"":""STREET-ARG"",""start"":16,""end"":23},{""role"":""PLACE-ARG"",""start"":23,""end"":26},{""role"":""TIME-ARG"",""start"":33,""end"":36},{""role"":""TIME-ARG"",""start"":44,""end"":45}],""entities"":[{""type"":""EVE"",""start"":4,""end"":5},{""type"":""ARG"",""start"":7,""end"":9},{""type"":""ARG"",""start"":9,""end"":12},{""type"":""ARG"",""start"":13,""end"":14},{""type"":""ARG"",""start"":16,""end"":20},{""type"":""ARG"",""start"":20,""end"":23},{""type"":""LOC"",""start"":23,""end"":24},{""type"":""PLOC"",""start"":24,""end"":26},{""type"":""ARG"",""start"":33,""end"":36},{""type"":""ARG"",""start"":44,""end"":45}]}"
c_30dd9b6050da,"{""n_tokens"":32,""arguments"":[{""role"":""TIME-ARG"",""start"":0,""end"":1},{""role"":""TIME-ARG"",""start"":2,""end"":3},{""role"":""FIRE-EVENT"",""start"":4,""end"":5},{""role"":""TIME-ARG"",""start"":7,""end"":10},{""role"":""STREET-ARG"",""start"":15,""end"":18},{""role"":""FIRE-EVENT"",""start"":22,""end"":23},{""role"":""AFFECTEDOBJECTS-ARG"",""start"":24,""end"":27}],""entities"":[{""type"":""ARG"",""start"":0,""end"":1},{""type"":""ARG"",""start"":2,""end"":3},{""type"":""EVE"",""start"":4,""end"":5},{""type"":""ARG"",""start"":7,""end"":10},{""type"":""ARG"",""start"":15,""end"":18},{""type"":""PLOC"",""start"":18,""end"":19},{""type"":""EVE"",""start"":22,""end"":23},{""type"":""ARG"",""start"":24,""end"":27}]}"
c_27bf6d280d24,"{""n_tokens"":40,""arguments"":[{""role"":""FALSE-EVENT"",""start"":1,""end"":2}],""entities"":[{""type"":""EVE"",""start"":1,""end"":2}]}"
c_dc4977bd1eb4,"{""n_tokens"":48,""arguments"":[{""role"":""FALSE-EVENT"",""start"":26,""end"":27}],""entities"":[{""type"":""EVE"",""start"":26,""end"":27}]}"
c_7e560107113a,"{""n_tokens"":36,""arguments"":[{""role"":""OFFICER-ARG"",""start"":3,""end"":4},{""role"":""FALSE-EVENT"",""start"":14,""end"":16},{""role"":""PLACE-ARG"",""start"":19,""end"":20},{""role"":""FALSE-EVENT"",""start"":22,""end"":23},{""role"":""PLACE-ARG"",""start"":24,""end"":25},{""role"":""PLACE-ARG"",""start"":27,""end"":29}],""entities"":[{""type"":""ORG"",""start"":3,""end"":4},{""type"":""EVE"",""start"":14,""end"":16},{""type"":""LOC"",""start"":19,""end"":20},{""type"":""EVE"",""start"":22,""end"":23},{""type"":""LOC"",""start"":24,""end"":25}]}"
c_7330beca6e0e,"{""n_tokens"":16,""arguments"":[{""role"":""FIRE-EVENT"",""start"":4,""end"":5},{""role"":""PLACE-ARG"",""start"":6,""end"":8},{""role"":""STREET-ARG"",""start"":8,""end"":10},{""role"":""PLACE-ARG"",""start"":10,""end"":12}],""entities"":[{""type"":""EVE"",""start"":4,""end"":5},{""type"":""LOC"",""start"":6,""end"":8},{""type"":""ARG"",""start"":8,""end"":10},{""type"":""PLOC"",""start"":10,""end"":12}]}"
c_eafb36eea7b6,"{""n_tokens"":19,""arguments"":[{""role"":""FALSE-EVENT"",""start"":11,""end"":12},{""role"":""PLACE-ARG"",""start"":13,""end"":15}],""entities"":[{""type"":""EVE"",""start"":11,""end"":12},{""type"":""LOC"",""start"":13,""end"":14},{""type"":""PLOC"",""start"":14,""end"":15},{""type"":""ARG"",""start"":15,""end"":17}]}"
c_707ab98af7bc,"{""n_tokens"":16,""arguments"":[{""role"":""OFFICER-ARG"",""start"":0,""end"":2},{""role"":""PLACE-ARG"",""start"":2,""end"":3},{""role"":""OFFICER-ARG"",""start"":4,""end"":5},{""role"":""PLACE-ARG"",""start"":5,""end"":6},{""role"":""FALSE-EVENT"",""start"":10,""end"":11}],""entities"":[{""type"":""ORG"",""start"":0,""end"":2},{""type"":""PLOC"",""start"":2,""end"":3},{""type"":""ORG"",""start"":4,""end"":5},{""type"":""PLOC"",""start"":5,""end"":6},{""type"":""EVE"",""start"":10,""end"":11}]}"
c_2e5b28707633,"{""n_tokens"":44,""arguments"":[{""role"":""AFFECTEDOBJECTS-ARG"",""start"":0,""end"":2},{""role"":""PLACE-ARG"",""start"":3,""end"":5},{""role"":""FIRE-EVENT"",""start"":12,""end"":13},{""role"":""AFFECTEDOBJECTS-ARG"",""start"":13,""end"":15},{""role"":""PLACE-ARG"",""start"":28,""end"":30},{""role"":""STREET-ARG"",""start"":30,""end"":32},{""role"":""PLACE-ARG"",""start"":32,""end"":38}],""entities"":[{""type"":""ARG"",""start"":0,""end"":2},{""type"":""LOC"",""start"":3,""end"":5},{""type"":""EVE"",""start"":12,""end"":13},{""type"":""ARG"",""start"":13,""end"":15},{""type"":""LOC"",""start"":28,""end"":30},{""type"":""ARG"",""start"":30,""end"":32},{""type"":""PLOC"",""start"":32,""end"":34},{""type"":""PLOC"",""start"":34,""end"":36},{""type"":""PLOC"",""start"":36,""end"":37},{""type"":""PLOC"",""start"":37,""end"":38}]}"
c_2854327f9df3,"{""n_tokens"":22,""arguments"":[{""role"":""PLACE-ARG"",""start"":0,""end"":1},{""role"":""OFFICER-ARG"",""start"":1,""end"":2},{""role"":""FIRE-EVENT"",""start"":6,""end"":7},{""role"":""AFFECTEDOBJECTS-ARG"",""start"":9,""end"":12},{""role"":""STREET-ARG"",""start"":13,""end"":15},{""role"":""PLACE-ARG"",""start"":15,""end"":20},{""role"":""TIME-ARG"",""start"":21,""end"":22}],""entities"":[{""type"":""PLOC"",""start"":0,""end"":1},{""type"":""ORG"",""start"":1,""end"":2},{""type"":""EVE"",""start"":6,""end"":7},{""type"":""ARG"",""start"":9,""end"":12},{""type"":""ARG"",""start"":13,""end"":15},{""type"":""PLOC"",""start"":15,""end"":18},{""type"":""PLOC"",""start"":18,""end"":20},{""type"":""ARG"",""start"":21,""end"":22}]}"
c_c2c55f1a9437,"{""n_tokens"":44,""arguments"":[{""role"":""FALSE-EVENT"",""start"":1,""end"":2},{""role"":""AFFECTEDOBJECTS-ARG"",""start"":3,""end"":4},{""role"":""PLACE-ARG"",""start"":32,""end"":33}],""entities"":[{""type"":""EVE"",""start"":1,""end"":2},{""type"":""ARG"",""start"":3,""end"":4},{""type"":""PLOC"",""start"":32,""end"":33}]}"
c_f08628d53866,"{""n_tokens"":33,""arguments"":[{""role"":""FIRE-EVENT"",""start"":0,""end"":1},{""role"":""STREET-ARG"",""start"":8,""end"":10},{""role"":""PLACE-ARG"",""start"":11,""end"":12},{""role"":""PLACE-ARG"",""start"":13,""end"":15},{""role"":""OFFICER-ARG"",""start"":16,""end"":20},{""role"":""TIME-ARG"",""start"":25,""end"":26},{""role"":""TIME-ARG"",""start"":27,""end"":28}],""entities"":[{""type"":""EVE"",""start"":0,""end"":1},{""type"":""ARG"",""start"":8,""end"":10},{""type"":""PLOC"",""start"":11,""end"":12},{""type"":""PLOC"",""start"":13,""end"":15},{""type"":""ORG"",""start"":16,""end"":20},{""type"":""ARG"",""start"":25,""end"":26},{""type"":""ARG"",""start"":27,""end"":28}]}"
c_0035cf5e39ef,"{""n_tokens"":38,""arguments"":[{""role"":""FIRE-EVENT"",""start"":1,""end"":2},{""role"":""AFFECTEDOBJECTS-ARG"",""start"":3,""end"":4},{""role"":""TIME-ARG"",""start"":4,""end"":7},{""role"":""STREET-ARG"",""start"":8,""end"":18},{""role"":""PLACE-ARG"",""start"":18,""end"":20},{""role"":""TIME-ARG"",""start"":27,""end"":30},{""role"":""TIME-ARG"",""start"":35,""end"":36}],""entities"":[{""type"":""EVE"",""start"":1,""end"":2},{""type"":""ARG"",""start"":3,""end"":4},{""type"":""ARG"",""start"":4,""end"":7},{""type"":""ARG"",""start"":8,""end"":13},{""type"":""ARG"",""start"":13,""end"":16},{""type"":""ARG"",""start"":16,""end"":18},{""type"":""PLOC"",""start"":18,""end"":20},{""type"":""ARG"",""start"":27,""end"":30},{""type"":""ARG"",""start"":35,""end"":36}]}"
c_65c43f8ff432,"{""n_tokens"":16,""arguments"":[{""role"":""OFFICER-ARG"",""start"":0,""end"":1},{""role"":""FALSE-EVENT"",""start"":4,""end"":5},{""role"":""PLACE-ARG"",""start"":6,""end"":8}],""entities"":[{""type"":""ORG"",""start"":0,""end"":1},{""type"":""EVE"",""start"":4,""end"":5},{""type"":""LOC"",""start"":6,""end"":8}]}"
c_a2cba55aeedd,"{""n_tokens"":9,""arguments"":[{""role"":""OFFICER-ARG"",""start"":0,""end"":1},{""role"":""PLACE-ARG"",""start"":1,""end"":2},{""role"":""FIRE-EVENT"",""start"":4,""end"":5},{""role"":""AFFECTEDOBJECTS-ARG"",""start"":5,""end"":7},{""role"":""PLACE-ARG"",""start"":8,""end"":9}],""entities"":[{""type"":""ORG"",""start"":0,""end"":1},{""type"":""PLOC"",""start"":1,""end"":2},{""type"":""EVE"",""start"":4,""end"":5},{""type"":""ARG"",""start"":5,""end"":7},{""type"":""LOC"",""start"":8,""end"":9}]}"
c_74f6b1d48712,"{""n_tokens"":13,""arguments"":[{""role"":""FIRE-EVENT"",""start"":2,""end"":3},{""role"":""AFFECTEDOBJECTS-ARG"",""start"":3,""end"":6},{""role"":""STREET-ARG"",""start"":7,""end"":10},{""role"":""PLACE-ARG"",""start"":10,""end"":13}],""entities"":[{""type"":""EVE"",""start"":2,""end"":3},{""type"":""ARG"",""start"":3,""end"":6},{""type"":""ARG"",""start"":7,""end"":10},{""type"":""PLOC"",""start"":10,""end"":12},{""type"":""PLOC"",""start"":12,""end"":13}]}"
c_6bae9eb9df64,"{""n_tokens"":9,""arguments"":[{""role"":""FIRE-EVENT"",""start"":0,""end"":1},{""role"":""AFFECTEDOBJECTS-ARG"",""start"":1,""end"":2},{""role"":""PLACE-ARG"",""start"":3,""end"":4},{""role"":""DEATHVICTIM-ARG"",""start"":4,""end"":9}],""entities"":[{""type"":""EVE"",""start"":0,""end"":1},{""type"":""ARG"",""start"":1,""end"":2},{""type"":""LOC"",""start"":3,""end"":4},{""type"":""ARG"",""start"":4,""end"":9}]}"
c_49f30a11f4f7,"{""n_tokens"":12,""arguments"":[{""role"":""FIRE-EVENT"",""start"":0,""end"":1},{""role"":""AFFECTEDOBJECTS-ARG"",""start"":1,""end"":3},{""role"":""PLACE-ARG"",""start"":4,""end"":5},{""role"":""DEATHVICTIM-ARG"",""start"":6,""end"":7},{""role"":""DEATHVICTIM-ARG"",""start"":8,""end"":10}],""entities"":[{""type"":""EVE"",""start"":0,""end"":1},{""type"":""ARG"",""start"":1,""end"":3},{""type"":""LOC"",""start"":4,""end"":5},{""type"":""ARG"",""start"":6,""end"":7},{""type"":""ARG"",""start"":8,""end"":10}]}"
c_81f99de44294,"{""n_tokens"":18,""arguments"":[{""role"":""PLACE-ARG"",""start"":3,""end"":4},{""role"":""AFFECTEDOBJECTS-ARG"",""start"":7,""end"":9},{""role"":""FALSE-EVENT"",""start"":11,""end"":12}],""entities"":[{""type"":""PLOC"",""start"":3,""end"":4},{""type"":""ARG"",""start"":7,""end"":9},{""type"":""EVE"",""start"":11,""end"":12}]}"
c_38bb314b6a32,"{""n_tokens"":11,""arguments"":[{""role"":""FIRE-EVENT"",""start"":2,""end"":3},{""role"":""PLACE-ARG"",""start"":4,""end"":6},{""role"":""PLACE-ARG"",""start"":9,""end"":11}],""entities"":[{""type"":""EVE"",""start"":2,""end"":3},{""type"":""LOC"",""start"":4,""end"":6},{""type"":""PLOC"",""start"":9,""end"":11}]}"
c_5e193fed5a7d,"{""n_tokens"":10,""arguments"":[{""role"":""FALSE-EVENT"",""start"":1,""end"":4},{""role"":""PLACE-ARG"",""start"":5,""end"":8}],""entities"":[{""type"":""EVE"",""start"":1,""end"":4},{""type"":""LOC"",""start"":5,""end"":8}]}"
c_45bd545cd8dd,"{""n_tokens"":9,""arguments"":[{""role"":""TIME-ARG"",""start"":2,""end"":3},{""role"":""FALSE-EVENT"",""start"":4,""end"":5},{""role"":""PLACE-ARG"",""start"":6,""end"":8}],""entities"":[{""type"":""ARG"",""start"":2,""end"":3},{""type"":""EVE"",""start"":4,""end"":5},{""type"":""LOC"",""start"":6,""end"":8}]}"
c_95cd69e2281e,"{""n_tokens"":9,""arguments"":[{""role"":""ACCIDENT-EVENT"",""start"":0,""end"":1},{""role"":""PLACE-ARG"",""start"":3,""end"":4},{""role"":""AFFECTEDOBJECTS-ARG"",""start"":5,""end"":6},{""role"":""WOUNDVICTIM-ARG"",""start"":6,""end"":9}],""entities"":[{""type"":""EVE"",""start"":0,""end"":1},{""type"":""LOC"",""start"":3,""end"":4},{""type"":""ARG"",""start"":5,""end"":6},{""type"":""ARG"",""start"":6,""end"":9}]}"
c_cfd6780db931,"{""n_tokens"":14,""arguments"":[{""role"":""ACCIDENT-EVENT"",""start"":0,""end"":1},{""role"":""AFFECTEDOBJECTS-ARG"",""start"":1,""end"":2},{""role"":""PLACE-ARG"",""start"":7,""end"":9}],""entities"":[{""type"":""EVE"",""start"":0,""end"":1},{""type"":""ARG"",""start"":1,""end"":2},{""type"":""LOC"",""start"":7,""end"":9}]}"
c_633ad6dfe19f,"{""n_tokens"":23,""arguments"":[{""role"":""FALSE-EVENT"",""start"":6,""end"":7}],""entities"":[{""type"":""EVE"",""start"":6,""end"":7}]}"
c_1c4ccbe5e3b1,"{""n_tokens"":10,""arguments"":[{""role"":""DEATHVICTIM-ARG"",""start"":0,""end"":3},{""role"":""PLACE-ARG"",""start"":3,""end"":4},{""role"":""ACCIDENT-EVENT"",""start"":6,""end"":7},{""role"":""PLACE-ARG"",""start"":8,""end"":10}],""entities"":[{""type"":""ARG"",""start"":0,""end"":3},{""type"":""PLOC"",""start"":3,""end"":4},{""type"":""EVE"",""start"":6,""end"":7},{""type"":""LOC"",""start"":8,""end"":10}]}"
c_e9dcf4214fc3,"{""n_tokens"":17,""arguments"":[{""role"":""FALSE-EVENT"",""start"":6,""end"":7},{""role"":""TIME-ARG"",""start"":10,""end"":11},{""role"":""PLACE-ARG"",""start"":12,""end"":13}],""entities"":[{""type"":""EVE"",""start"":6,""end"":7},{""type"":""ARG"",""start"":10,""end"":11},{""type"":""LOC"",""start"":12,""end"":13}]}"
c_546e3a5223c0,"{""n_tokens"":11,""arguments"":[{""role"":""AFFECTEDOBJECTS-ARG"",""start"":0,""end"":1},{""role"":""ACCIDENT-EVENT"",""start"":5,""end"":6},{""role"":""PLACE-ARG"",""start"":7,""end"":8},{""role"":""WOUNDVICTIM-ARG"",""start"":8,""end"":11}],""entities"":[{""type"":""ARG"",""start"":0,""end"":1},{""type"":""EVE"",""start"":5,""end"":6},{""type"":""LOC"",""start"":7,""end"":8},{""type"":""ARG"",""start"":8,""end"":11}]}"
c_ff0f832e020a,"{""n_tokens"":35,""arguments"":[{""role"":""TIME-ARG"",""start"":0,""end"":1},{""role"":""TIME-ARG"",""start"":2,""end"":3},{""role"":""PLACE-ARG"",""start"":7,""end"":9},{""role"":""ACCIDENT-EVENT"",""start"":10,""end"":13},{""role"":""PLACE-ARG"",""start"":18,""end"":20}],""entities"":[{""type"":""ARG"",""start"":0,""end"":1},{""type"":""ARG"",""start"":2,""end"":3},{""type"":""LOC"",""start"":7,""end"":8},{""type"":""PLOC"",""start"":8,""end"":9},{""type"":""EVE"",""start"":10,""end"":13},{""type"":""LOC"",""start"":18,""end"":20},{""type"":""ARG"",""start"":28,""end"":29}]}"
c_784c6bdf34dc,"{""n_tokens"":22,""arguments"":[{""role"":""ACCIDENT-EVENT"",""start"":3,""end"":4},{""role"":""PLACE-ARG"",""start"":8,""end"":10},{""role"":""AFFECTEDOBJECTS-ARG"",""start"":10,""end"":11},{""role"":""AFFECTEDOBJECTS-ARG"",""start"":13,""end"":14}],""entities"":[{""type"":""EVE"",""start"":3,""end"":4},{""type"":""LOC"",""start"":8,""end"":10},{""type"":""ARG"",""start"":10,""end"":11},{""type"":""ARG"",""start"":13,""end"":14}]}"
c_90b8fcbfcf19,"{""n_tokens"":22,""arguments"":[{""role"":""ACCIDENT-EVENT"",""start"":1,""end"":2},{""role"":""AFFECTEDOBJECTS-ARG"",""start"":3,""end"":5},{""role"":""AFFECTEDOBJECTS-ARG"",""start"":9,""end"":11},{""role"":""PLACE-ARG"",""start"":12,""end"":14},{""role"":""INFORMATION-ARG"",""start"":19,""end"":21},{""role"":""OFFICER-ARG"",""start"":21,""end"":22}],""entities"":[{""type"":""EVE"",""start"":1,""end"":2},{""type"":""ARG"",""start"":3,""end"":5},{""type"":""ARG"",""start"":9,""end"":11},{""type"":""LOC"",""start"":12,""end"":14},{""type"":""ARG"",""start"":19,""end"":21},{""type"":""ORG"",""start"":21,""end"":22}]}"
c_beaa542457d8,"{""n_tokens"":24,""arguments"":[{""role"":""TIME-ARG"",""start"":0,""end"":1},{""role"":""ACCIDENT-EVENT"",""start"":1,""end"":2},{""role"":""AFFECTEDOBJECTS-ARG"",""start"":2,""end"":3},{""role"":""AFFECTEDOBJECTS-ARG"",""start"":5,""end"":6},{""role"":""STREET-ARG"",""start"":7,""end"":12},{""role"":""PLACE-ARG"",""start"":12,""end"":13},{""role"":""PLACE-ARG"",""start"":16,""end"":18},{""role"":""INFORMATION-ARG"",""start"":21,""end"":23},{""role"":""OFFICER-ARG"",""start"":23,""end"":24}],""entities"":[{""type"":""ARG"",""start"":0,""end"":1},{""type"":""EVE"",""start"":1,""end"":2},{""type"":""ARG"",""start"":2,""end"":3},{""type"":""ARG"",""start"":5,""end"":6},{""type"":""ARG"",""start"":7,""end"":12},{""type"":""LOC"",""start"":12,""end"":13},{""type"":""ARG"",""start"":21,""end"":23},{""type"":""ORG"",""start"":23,""end"":24}]}"
c_e78fb78b528b,"{""n_tokens"":23,""arguments"":[{""role"":""TIME-ARG"",""start"":0,""end"":1},{""role"":""ACCIDENT-EVENT"",""start"":1,""end"":2},{""role"":""AFFECTEDOBJECTS-ARG"",""start"":2,""end"":3},{""role"":""AFFECTEDOBJECTS-ARG"",""start"":5,""end"":7},{""role"":""STREET-ARG"",""start"":8,""end"":16},{""role"":""INFORMATION-ARG"",""start"":19,""end"":22},{""role"":""OFFICER-ARG"",""start"":22,""end"":23}],""entities"":[{""type"":""ARG"",""start"":0,""end"":1},{""type"":""EVE"",""start"":1,""end"":2},{""type"":""ARG"",""start"":2,""end"":3},{""type"":""ARG"",""start"":5,""end"":7},{""type"":""ARG"",""start"":8,""end"":16},{""type"":""ARG"",""start"":19,""end"":22},{""type"":""ORG"",""start"":22,""end"":23}]}"
c_edc242af2a9f,"{""n_tokens"":14,""arguments"":[{""role"":""FALSE-EVENT"",""start"":8,""end"":9},{""role"":""PLACE-ARG"",""start"":11,""end"":13}],""entities"":[{""type"":""EVE"",""start"":8,""end"":9},{""type"":""LOC"",""start"":11,""end"":13}]}"
c_19d82b802b55,"{""n_tokens"":10,""arguments"":[{""role"":""ACCIDENT-EVENT"",""start"":0,""end"":2},{""role"":""PLACE-ARG"",""start"":9,""end"":10}],""entities"":[{""type"":""EVE"",""start"":0,""end"":2},{""type"":""ARG"",""start"":2,""end"":4},{""type"":""LOC"",""start"":9,""end"":10}]}"
c_19a8067eb2b6,"{""n_tokens"":29,""arguments"":[{""role"":""AFFECTEDOBJECTS-ARG"",""start"":2,""end"":3},{""role"":""AFFECTEDOBJECTS-ARG"",""start"":5,""end"":6},{""role"":""TIME-ARG"",""start"":9,""end"":11},{""role"":""PLACE-ARG"",""start"":15,""end"":17}],""entities"":[{""type"":""ARG"",""start"":2,""end"":3},{""type"":""ARG"",""start"":5,""end"":6},{""type"":""ARG"",""start"":9,""end"":11},{""type"":""ARG"",""start"":19,""end"":22}]}"
c_af364e13adc7,"{""n_tokens"":19,""arguments"":[{""role"":""ACCIDENT-EVENT"",""start"":2,""end"":3},{""role"":""AFFECTEDOBJECTS-ARG"",""start"":3,""end"":4},{""role"":""PLACE-ARG"",""start"":11,""end"":12},{""role"":""PLACE-ARG"",""start"":13,""end"":15}],""entities"":[{""type"":""EVE"",""start"":2,""end"":3},{""type"":""ARG"",""start"":3,""end"":4},{""type"":""LOC"",""start"":11,""end"":12},{""type"":""LOC"",""start"":13,""end"":15}]}"
c_2b0a4ea92dea,"{""n_tokens"":39,""arguments"":[{""role"":""PLACE-ARG"",""start"":3,""end"":4},{""role"":""FALSE-EVENT"",""start"":19,""end"":20},{""role"":""PLACE-ARG"",""start"":30,""end"":31}],""entities"":[{""type"":""PLOC"",""start"":3,""end"":4},{""type"":""EVE"",""start"":19,""end"":20},{""type"":""PLOC"",""start"":30,""end"":31}]}"
c_54d8c7734939,"{""n_tokens"":17,""arguments"":[{""role"":""ACCIDENT-EVENT"",""start"":3,""end"":4},{""role"":""AFFECTEDOBJECTS-ARG"",""start"":4,""end"":5},{""role"":""STREET-ARG"",""start"":6,""end"":8}],""entities"":[{""type"":""EVE"",""start"":3,""end"":4},{""type"":""ARG"",""start"":4,""end"":5},{""type"":""ARG"",""start"":6,""end"":8}]}"
c_1eace110e072,"{""n_tokens"":14,""arguments"":[{""role"":""ACCIDENT-EVENT"",""start"":0,""end"":1},{""role"":""AFFECTEDOBJECTS-ARG"",""start"":1,""end"":2},{""role"":""STREET-ARG"",""start"":3,""end"":7},{""role"":""INFORMATION-ARG"",""start"":7,""end"":11},{""role"":""ACCIDENT-EVENT"",""start"":11,""end"":12}],""entities"":[{""type"":""EVE"",""start"":0,""end"":1},{""type"":""ARG"",""start"":1,""end"":2},{""type"":""ARG"",""start"":3,""end"":7},{""type"":""ARG"",""start"":7,""end"":11},{""type"":""EVE"",""start"":11,""end"":12}]}"
c_642a62470701,"{""n_tokens"":35,""arguments"":[{""role"":""PLACE-ARG"",""start"":14,""end"":15},{""role"":""FALSE-EVENT"",""start"":22,""end"":23},{""role"":""TIME-ARG"",""start"":23,""end"":25}],""entities"":[{""type"":""PLOC"",""start"":14,""end"":15},{""type"":""EVE"",""start"":22,""end"":23},{""type"":""ARG"",""start"":23,""end"":25},{""type"":""PLOC"",""start"":31,""end"":32}]}"
c_18185a32bba2,"{""n_tokens"":10,""arguments"":[{""role"":""ACCIDENT-EVENT"",""start"":0,""end"":1},{""role"":""DEATHVICTIM-ARG"",""start"":6,""end"":8},{""role"":""PLACE-ARG"",""start"":9,""end"":10}],""entities"":[{""type"":""EVE"",""start"":0,""end"":1},{""type"":""ARG"",""start"":6,""end"":8},{""type"":""LOC"",""start"":9,""end"":10}]}"
c_3bfdac3c056a,"{""n_tokens"":37,""arguments"":[{""role"":""FALSE-EVENT"",""start"":9,""end"":10},{""role"":""OFFICER-ARG"",""start"":17,""end"":18},{""role"":""TIME-ARG"",""start"":19,""end"":20},{""role"":""PLACE-ARG"",""start"":26,""end"":28}],""entities"":[{""type"":""EVE"",""start"":9,""end"":10},{""type"":""ORG"",""start"":17,""end"":18},{""type"":""ARG"",""start"":19,""end"":20},{""type"":""LOC"",""start"":26,""end"":28}]}"
c_3dee52d75004,"{""n_tokens"":40,""arguments"":[{""role"":""OFFICER-ARG"",""start"":1,""end"":2},{""role"":""PLACE-ARG"",""start"":2,""end"":3},{""role"":""TIME-ARG"",""start"":6,""end"":7},{""role"":""ACCIDENT-EVENT"",""start"":14,""end"":15},{""role"":""AFFECTEDOBJECTS-ARG"",""start"":17,""end"":18},{""role"":""DEATHVICTIM-ARG"",""start"":20,""end"":22},{""role"":""PLACE-ARG"",""start"":27,""end"":37}],""entities"":[{""type"":""ORG"",""start"":1,""end"":2},{""type"":""PLOC"",""start"":2,""end"":3},{""type"":""ARG"",""start"":6,""end"":7},{""type"":""EVE"",""start"":14,""end"":15},{""type"":""ARG"",""start"":17,""end"":18},{""type"":""ARG"",""start"":20,""end"":22},{""type"":""LOC"",""start"":27,""end"":30},{""type"":""PLOC"",""start"":30,""end"":32},{""type"":""PLOC"",""start"":32,""end"":34},{""type"":""PLOC"",""start"":34,""end"":36},{""type"":""PLOC"",""start"":36,""end"":37}]}"
c_c8ddebb53dc3,"{""n_tokens"":36,""arguments"":[{""role"":""ACCIDENT-EVENT"",""start"":0,""end"":1},{""role"":""PLACE-ARG"",""start"":19,""end"":29},{""role"":""TIME-ARG"",""start"":32,""end"":36}],""entities"":[{""type"":""EVE"",""start"":0,""end"":1},{""type"":""ARG"",""start"":17,""end"":19},{""type"":""LOC"",""start"":19,""end"":21},{""type"":""PLOC"",""start"":21,""end"":23},{""type"":""PLOC"",""start"":23,""end"":25},{""type"":""PLOC"",""start"":25,""end"":27},{""type"":""PLOC"",""start"":27,""end"":29},{""type"":""ARG"",""start"":32,""end"":35},{""type"":""ARG"",""start"":35,""end"":36}]}"
c_218335281350,"{""n_tokens"":8,""arguments"":[{""role"":""ACCIDENT-EVENT"",""start"":0,""end"":1},{""role"":""PLACE-ARG"",""start"":3,""end"":5},{""role"":""DEATHVICTIM-ARG"",""start"":5,""end"":8}],""entities"":[{""type"":""EVE"",""start"":0,""end"":1},{""type"":""LOC"",""start"":3,""end"":4},{""type"":""PLOC"",""start"":4,""end"":5},{""type"":""ARG"",""start"":6,""end"":8}]}"
c_a540631e214e,"{""n_tokens"":32,""arguments"":[{""role"":""PLACE-ARG"",""start"":7,""end"":10},{""role"":""ACCIDENT-EVENT"",""start"":13,""end"":14},{""role"":""FIRE-EVENT"",""start"":17,""end"":18},{""role"":""ACCIDENT-EVENT"",""start"":21,""end"":22},{""role"":""AFFECTEDOBJECTS-ARG"",""start"":23,""end"":27}],""entities"":[{""type"":""PLOC"",""start"":9,""end"":10},{""type"":""EVE"",""start"":13,""end"":14},{""type"":""EVE"",""start"":17,""end"":18},{""type"":""EVE"",""start"":21,""end"":22},{""type"":""ARG"",""start"":23,""end"":27}]}"
c_d5ab69b5c562,"{""n_tokens"":6,""arguments"":[{""role"":""AFFECTEDOBJECTS-ARG"",""start"":0,""end"":2},{""role"":""ACCIDENT-EVENT"",""start"":2,""end"":3},{""role"":""PLACE-ARG"",""start"":4,""end"":6}],""entities"":[{""type"":""ARG"",""start"":0,""end"":2},{""type"":""EVE"",""start"":2,""end"":3},{""type"":""LOC"",""start"":4,""end"":5},{""type"":""PLOC"",""start"":5,""end"":6}]}"
c_0e190706c9f7,"{""n_tokens"":6,""arguments"":[{""role"":""FALSE-EVENT"",""start"":1,""end"":2},{""role"":""OFFICER-ARG"",""start"":3,""end"":4},{""role"":""PLACE-ARG"",""start"":4,""end"":5}],""entities"":[{""type"":""EVE"",""start"":1,""end"":2},{""type"":""PLOC"",""start"":4,""end"":5}]}"
c_886af83a0c0f,"{""n_tokens"":9,""arguments"":[{""role"":""PLACE-ARG"",""start"":1,""end"":2},{""role"":""DEATHVICTIM-ARG"",""start"":2,""end"":3},{""role"":""ACCIDENT-EVENT"",""start"":3,""end"":4},{""role"":""STREET-ARG"",""start"":5,""end"":7},{""role"":""OFFICER-ARG"",""start"":8,""end"":9}],""entities"":[{""type"":""ARG"",""start"":0,""end"":3},{""type"":""EVE"",""start"":3,""end"":4},{""type"":""ARG"",""start"":5,""end"":7},{""type"":""ORG"",""start"":8,""end"":9}]}"
c_fc172347de5b,"{""n_tokens"":32,""arguments"":[{""role"":""FALSE-EVENT"",""start"":10,""end"":12},{""role"":""PLACE-ARG"",""start"":26,""end"":27},{""role"":""STREET-ARG"",""start"":28,""end"":32}],""entities"":[{""type"":""EVE"",""start"":10,""end"":12},{""type"":""PLOC"",""start"":26,""end"":27},{""type"":""ARG"",""start"":28,""end"":32}]}"
c_881710b9e508,"{""n_tokens"":9,""arguments"":[{""role"":""ACCIDENT-EVENT"",""start"":6,""end"":7},{""role"":""PLACE-ARG"",""start"":8,""end"":9}],""entities"":[{""type"":""EVE"",""start"":6,""end"":7},{""type"":""LOC"",""start"":8,""end"":9}]}"
c_8e48f3ebbadc,"{""n_tokens"":18,""arguments"":[{""role"":""ACCIDENT-EVENT"",""start"":0,""end"":1},{""role"":""STREET-ARG"",""start"":2,""end"":7}],""entities"":[{""type"":""EVE"",""start"":0,""end"":1},{""type"":""ARG"",""start"":2,""end"":7},{""type"":""ARG"",""start"":8,""end"":10}]}"
c_87647a814210,"{""n_tokens"":20,""arguments"":[{""role"":""FALSE-EVENT"",""start"":6,""end"":7},{""role"":""PLACE-ARG"",""start"":12,""end"":14}],""entities"":[{""type"":""EVE"",""start"":6,""end"":7},{""type"":""LOC"",""start"":12,""end"":14}]}"
c_b071582e8b2b,"{""n_tokens"":7,""arguments"":[{""role"":""ACCIDENT-EVENT"",""start"":1,""end"":2},{""role"":""AFFECTEDOBJECTS-ARG"",""start"":2,""end"":4},{""role"":""PLACE-ARG"",""start"":5,""end"":7}],""entities"":[{""type"":""EVE"",""start"":1,""end"":2},{""type"":""ARG"",""start"":2,""end"":4},{""type"":""LOC"",""start"":5,""end"":7}]}"
c_fca6bb7c0d33,"{""n_tokens"":14,""arguments"":[{""role"":""ACCIDENT-EVENT"",""start"":3,""end"":4},{""role"":""PLACE-ARG"",""start"":5,""end"":7},{""role"":""STREET-ARG"",""start"":7,""end"":9},{""role"":""PLACE-ARG"",""start"":10,""end"":11}],""entities"":[{""type"":""EVE"",""start"":3,""end"":4},{""type"":""LOC"",""start"":5,""end"":7},{""type"":""ARG"",""start"":7,""end"":9},{""type"":""PLOC"",""start"":10,""end"":11}]}"
c_cc81011545bc,"{""n_tokens"":13,""arguments"":[{""role"":""FALSE-EVENT"",""start"":5,""end"":6},{""role"":""AFFECTEDOBJECTS-ARG"",""start"":6,""end"":7},{""role"":""PLACE-ARG"",""start"":8,""end"":10}],""entities"":[{""type"":""EVE"",""start"":5,""end"":6},{""type"":""ARG"",""start"":6,""end"":7},{""type"":""LOC"",""start"":8,""end"":10}]}"
c_cac986859b88,"{""n_tokens"":11,""arguments"":[{""role"":""ACCIDENT-EVENT"",""start"":0,""end"":1},{""role"":""AFFECTEDOBJECTS-ARG"",""start"":1,""end"":2},{""role"":""PLACE-ARG"",""start"":5,""end"":7}],""entities"":[{""type"":""EVE"",""start"":0,""end"":1},{""type"":""ARG"",""start"":1,""end"":2},{""type"":""LOC"",""start"":5,""end"":7}]}"
c_f6094ac65d3c,"{""n_tokens"":12,""arguments"":[{""role"":""OFFICER-ARG"",""start"":0,""end"":1},{""role"":""FALSE-EVENT"",""start"":6,""end"":7},{""role"":""AFFECTEDOBJECTS-ARG"",""start"":7,""end"":9},{""role"":""PLACE-ARG"",""start"":10,""end"":12}],""entities"":[{""type"":""ORG"",""start"":0,""end"":1},{""type"":""EVE"",""start"":6,""end"":7},{""type"":""ARG"",""start"":7,""end"":9},{""type"":""LOC"",""start"":10,""end"":12}]}"
c_5c9d1b9c7111,"{""n_tokens"":12,""arguments"":[{""role"":""FALSE-EVENT"",""start"":6,""end"":7},{""role"":""PLACE-ARG"",""start"":10,""end"":12}],""entities"":[{""type"":""EVE"",""start"":6,""end"":7},{""type"":""LOC"",""start"":10,""end"":12}]}"
c_bae4ca30644a,"{""n_tokens"":11,""arguments"":[{""role"":""REASON-ARG"",""start"":0,""end"":2},{""role"":""FALSE-EVENT"",""start"":3,""end"":4},{""role"":""PLACE-ARG"",""start"":9,""end"":11}],""entities"":[{""type"":""ARG"",""start"":0,""end"":2},{""type"":""EVE"",""start"":3,""end"":4},{""type"":""LOC"",""start"":9,""end"":11}]}"
c_644f65685d93,"{""n_tokens"":18,""arguments"":[{""role"":""ACCIDENT-EVENT"",""start"":5,""end"":6},{""role"":""AFFECTEDOBJECTS-ARG"",""start"":6,""end"":7},{""role"":""PLACE-ARG"",""start"":8,""end"":10},{""role"":""PLACE-ARG"",""start"":13,""end"":15},{""role"":""PLACE-ARG"",""start"":17,""end"":18}],""entities"":[{""type"":""EVE"",""start"":5,""end"":6},{""type"":""ARG"",""start"":6,""end"":7},{""type"":""LOC"",""start"":8,""end"":10},{""type"":""LOC"",""start"":13,""end"":14},{""type"":""PLOC"",""start"":14,""end"":15},{""type"":""PLOC"",""start"":17,""end"":18}]}"
c_3126d0836fd8,"{""n_tokens"":37,""arguments"":[{""role"":""FALSE-EVENT"",""start"":12,""end"":13},{""role"":""TIME-ARG"",""start"":16,""end"":17},{""role"":""PLACE-ARG"",""start"":18,""end"":20}],""entities"":[{""type"":""EVE"",""start"":12,""end"":13},{""type"":""ARG"",""start"":16,""end"":17},{""type"":""LOC"",""start"":18,""end"":20}]}"
c_a5a05c0ed4e0,"{""n_tokens"":18,""arguments"":[{""role"":""ACCIDENT-EVENT"",""start"":4,""end"":5},{""role"":""AFFECTEDOBJECTS-ARG"",""start"":5,""end"":7},{""role"":""PLACE-ARG"",""start"":10,""end"":12},{""role"":""PLACE-ARG"",""start"":17,""end"":18}],""entities"":[{""type"":""EVE"",""start"":4,""end"":5},{""type"":""ARG"",""start"":5,""end"":7},{""type"":""LOC"",""start"":10,""end"":12},{""type"":""PLOC"",""start"":17,""end"":18}]}"
c_76fb0645bd6e,"{""n_tokens"":11,""arguments"":[{""role"":""ACCIDENT-EVENT"",""start"":0,""end"":1},{""role"":""AFFECTEDOBJECTS-ARG"",""start"":1,""end"":2},{""role"":""STREET-ARG"",""start"":3,""end"":9},{""role"":""INFORMATION-ARG"",""start"":9,""end"":11}],""entities"":[{""type"":""EVE"",""start"":0,""end"":1},{""type"":""ARG"",""start"":1,""end"":2},{""type"":""LOC"",""start"":3,""end"":5},{""type"":""ARG"",""start"":9,""end"":11}]}"
c_63dad579e99a,"{""n_tokens"":19,""arguments"":[{""role"":""ACCIDENT-EVENT"",""start"":3,""end"":4},{""role"":""PLACE-ARG"",""start"":5,""end"":7},{""role"":""PLACE-ARG"",""start"":10,""end"":11},{""role"":""AFFECTEDOBJECTS-ARG"",""start"":11,""end"":13}],""entities"":[{""type"":""EVE"",""start"":3,""end"":4},{""type"":""LOC"",""start"":5,""end"":7},{""type"":""PLOC"",""start"":10,""end"":11},{""type"":""ARG"",""start"":11,""end"":13}]}"
c_8846e8d698b9,"{""n_tokens"":9,""arguments"":[{""role"":""ACCIDENT-EVENT"",""start"":2,""end"":3},{""role"":""AFFECTEDOBJECTS-ARG"",""start"":3,""end"":4},{""role"":""PLACE-ARG"",""start"":7,""end"":9}],""entities"":[{""type"":""EVE"",""start"":2,""end"":3},{""type"":""ARG"",""start"":3,""end"":4},{""type"":""LOC"",""start"":7,""end"":9}]}"
c_6a2198558205,"{""n_tokens"":8,""arguments"":[{""role"":""AFFECTEDOBJECTS-ARG"",""start"":0,""end"":2},{""role"":""ACCIDENT-EVENT"",""start"":3,""end"":4},{""role"":""PLACE-ARG"",""start"":5,""end"":6}],""entities"":[{""type"":""ARG"",""start"":0,""end"":2},{""type"":""EVE"",""start"":3,""end"":4},{""type"":""LOC"",""start"":5,""end"":6}]}"
c_c4745814471f,"{""n_tokens"":9,""arguments"":[{""role"":""FALSE-EVENT"",""start"":1,""end"":2},{""role"":""PLACE-ARG"",""start"":3,""end"":4}],""entities"":[{""type"":""EVE"",""start"":1,""end"":2},{""type"":""LOC"",""start"":3,""end"":4}]}"
c_704becf76f46,"{""n_tokens"":12,""arguments"":[{""role"":""ACCIDENT-EVENT"",""start"":0,""end"":1},{""role"":""PLACE-ARG"",""start"":2,""end"":3},{""role"":""AFFECTEDOBJECTS-ARG"",""start"":4,""end"":6}],""entities"":[{""type"":""EVE"",""start"":0,""end"":1},{""type"":""LOC"",""start"":2,""end"":3},{""type"":""ARG"",""start"":4,""end"":6}]}"
c_202c2ddfd209,"{""n_tokens"":31,""arguments"":[{""role"":""ACCIDENT-EVENT"",""start"":10,""end"":13},{""role"":""STREET-ARG"",""start"":14,""end"":17},{""role"":""PLACE-ARG"",""start"":17,""end"":19},{""role"":""OFFICER-ARG"",""start"":24,""end"":26},{""role"":""PLACE-ARG"",""start"":26,""end"":27}],""entities"":[{""type"":""EVE"",""start"":10,""end"":13},{""type"":""ARG"",""start"":14,""end"":16},{""type"":""LOC"",""start"":16,""end"":17},{""type"":""LOC"",""start"":17,""end"":19},{""type"":""ORG"",""start"":24,""end"":26},{""type"":""PLOC"",""start"":26,""end"":27}]}"
c_01680009d9c7,"{""n_tokens"":31,""arguments"":[{""role"":""FALSE-EVENT"",""start"":5,""end"":6},{""role"":""STREET-ARG"",""start"":14,""end"":17}],""entities"":[{""type"":""EVE"",""start"":5,""end"":6},{""type"":""EVE"",""start"":6,""end"":7},{""type"":""ARG"",""start"":14,""end"":17}]}"
c_5ed2a96aa20f,"{""n_tokens"":15,""arguments"":[{""role"":""FALSE-EVENT"",""start"":11,""end"":12}],""entities"":[{""type"":""EVE"",""start"":11,""end"":12}]}"
c_843c0885879b,"{""n_tokens"":22,""arguments"":[{""role"":""PLACE-ARG"",""start"":2,""end"":3},{""role"":""PLACE-ARG"",""start"":4,""end"":5},{""role"":""FALSE-EVENT"",""start"":14,""end"":15}],""entities"":[{""type"":""PLOC"",""start"":2,""end"":3},{""type"":""PLOC"",""start"":4,""end"":5},{""type"":""EVE"",""start"":14,""end"":15}]}"
c_261e94e65563,"{""n_tokens"":9,""arguments"":[{""role"":""FALSE-EVENT"",""start"":0,""end"":3}],""entities"":[{""type"":""EVE"",""start"":0,""end"":3}]}"
c_ede6f0478c08,"{""n_tokens"":20,""arguments"":[{""role"":""ACCIDENT-EVENT"",""start"":1,""end"":2},{""role"":""AFFECTEDOBJECTS-ARG"",""start"":2,""end"":3},{""role"":""PLACE-ARG"",""start"":11,""end"":13},{""role"":""STREET-ARG"",""start"":14,""end"":16}],""entities"":[{""type"":""EVE"",""start"":1,""end"":2},{""type"":""ARG"",""start"":2,""end"":3},{""type"":""ARG"",""start"":14,""end"":16}]}"
c_4d91375bed39,"{""n_tokens"":30,""arguments"":[{""role"":""ACCIDENT-EVENT"",""start"":6,""end"":7},{""role"":""PLACE-ARG"",""start"":8,""end"":10},{""role"":""PLACE-ARG"",""start"":15,""end"":16},{""role"":""PLACE-ARG"",""start"":17,""end"":18},{""role"":""ACCIDENT-EVENT"",""start"":21,""end"":22},{""role"":""AFFECTEDOBJECTS-ARG"",""start"":23,""end"":26},{""role"":""AFFECTEDOBJECTS-ARG"",""start"":27,""end"":28}],""entities"":[{""type"":""EVE"",""start"":6,""end"":7},{""type"":""LOC"",""start"":8,""end"":9},{""type"":""LOC"",""start"":9,""end"":10},{""type"":""PLOC"",""start"":15,""end"":16},{""type"":""PLOC"",""start"":17,""end"":18},{""type"":""EVE"",""start"":21,""end"":22},{""type"":""ARG"",""start"":23,""end"":26},{""type"":""ARG"",""start"":27,""end"":28}]}"
c_efcc688dfddb,"{""n_tokens"":23,""arguments"":[{""role"":""ACCIDENT-EVENT"",""start"":4,""end"":5},{""role"":""PLACE-ARG"",""start"":14,""end"":16}],""entities"":[{""type"":""EVE"",""start"":4,""end"":5},{""type"":""LOC"",""start"":14,""end"":16}]}"
c_7d539d796a4f,"{""n_tokens"":12,""arguments"":[{""role"":""ACCIDENT-EVENT"",""start"":6,""end"":7}],""entities"":[{""type"":""EVE"",""start"":6,""end"":7}]}"
c_08add5b8e1f2,"{""n_tokens"":16,""arguments"":[{""role"":""FALSE-EVENT"",""start"":3,""end"":4}],""entities"":[{""type"":""ARG"",""start"":0,""end"":2},{""type"":""EVE"",""start"":3,""end"":4}]}"
c_59df60531abd,"{""n_tokens"":14,""arguments"":[{""role"":""ACCIDENT-EVENT"",""start"":1,""end"":2},{""role"":""PLACE-ARG"",""start"":5,""end"":7},{""role"":""PLACE-ARG"",""start"":8,""end"":10}],""entities"":[{""type"":""EVE"",""start"":1,""end"":2},{""type"":""LOC"",""start"":5,""end"":7}]}"
c_9361fa577c24,"{""n_tokens"":30,""arguments"":[{""role"":""ACCIDENT-EVENT"",""start"":3,""end"":4},{""role"":""AFFECTEDOBJECTS-ARG"",""start"":5,""end"":7},{""role"":""AFFECTEDOBJECTS-ARG"",""start"":8,""end"":13},{""role"":""PLACE-ARG"",""start"":15,""end"":17}],""entities"":[{""type"":""EVE"",""start"":3,""end"":4},{""type"":""ARG"",""start"":5,""end"":7},{""type"":""ARG"",""start"":8,""end"":13},{""type"":""LOC"",""start"":15,""end"":16},{""type"":""PLOC"",""start"":16,""end"":17}]}"
c_8738b56af04a,"{""n_tokens"":36,""arguments"":[{""role"":""FALSE-EVENT"",""start"":1,""end"":2},{""role"":""PLACE-ARG"",""start"":6,""end"":9},{""role"":""PLACE-ARG"",""start"":16,""end"":19},{""role"":""PLACE-ARG"",""start"":22,""end"":24}],""entities"":[{""type"":""EVE"",""start"":1,""end"":2},{""type"":""LOC"",""start"":6,""end"":9},{""type"":""PLOC"",""start"":16,""end"":17},{""type"":""PLOC"",""start"":17,""end"":19},{""type"":""LOC"",""start"":22,""end"":24}]}"
c_54e7343692b8,"{""n_tokens"":13,""arguments"":[{""role"":""ACCIDENT-EVENT"",""start"":0,""end"":1},{""role"":""STREET-ARG"",""start"":2,""end"":4},{""role"":""AFFECTEDOBJECTS-ARG"",""start"":4,""end"":6},{""role"":""TIME-ARG"",""start"":12,""end"":13}],""entities"":[{""type"":""EVE"",""start"":0,""end"":1},{""type"":""ARG"",""start"":2,""end"":4},{""type"":""ARG"",""start"":4,""end"":6},{""type"":""ARG"",""start"":12,""end"":13}]}"
c_40b1c9bac4ac,"{""n_tokens"":36,""arguments"":[{""role"":""FALSE-EVENT"",""start"":4,""end"":5}],""entities"":[{""type"":""EVE"",""start"":4,""end"":5}]}"
c_5af21035cb21,"{""n_tokens"":30,""arguments"":[{""role"":""FALSE-EVENT"",""start"":21,""end"":22}],""entities"":[{""type"":""EVE"",""start"":21,""end"":22}]}"
c_0664026293db,"{""n_tokens"":12,""arguments"":[{""role"":""AFFECTEDOBJECTS-ARG"",""start"":0,""end"":3},{""role"":""ACCIDENT-EVENT"",""start"":5,""end"":6},{""role"":""PLACE-ARG"",""start"":7,""end"":8},{""role"":""PLACE-ARG"",""start"":9,""end"":10}],""entities"":[{""type"":""ARG"",""start"":0,""end"":3},{""type"":""EVE"",""start"":5,""end"":6},{""type"":""LOC"",""start"":7,""end"":8},{""type"":""PLOC"",""start"":9,""end"":10}]}"
c_f1b3ead165ec,"{""n_tokens"":14,""arguments"":[{""role"":""TIME-ARG"",""start"":4,""end"":5},{""role"":""ACCIDENT-EVENT"",""start"":8,""end"":9},{""role"":""STREET-ARG"",""start"":11,""end"":14}],""entities"":[{""type"":""ARG"",""start"":4,""end"":5},{""type"":""EVE"",""start"":8,""end"":9},{""type"":""ARG"",""start"":11,""end"":14}]}"
c_9bd2a6abff6b,"{""n_tokens"":9,""arguments"":[{""role"":""ACCIDENT-EVENT"",""start"":2,""end"":3},{""role"":""PLACE-ARG"",""start"":7,""end"":8}],""entities"":[{""type"":""EVE"",""start"":2,""end"":3},{""type"":""LOC"",""start"":7,""end"":8}]}"
c_fe3e5f3c50a1,"{""n_tokens"":41,""arguments"":[{""role"":""TIME-ARG"",""start"":0,""end"":2},{""role"":""PLACE-ARG"",""start"":2,""end"":4},{""role"":""STREET-ARG"",""start"":4,""end"":8},{""role"":""ACCIDENT-EVENT"",""start"":11,""end"":12},{""role"":""PLACE-ARG"",""start"":15,""end"":17},{""role"":""PLACE-ARG"",""start"":18,""end"":20},{""role"":""PLACE-ARG"",""start"":24,""end"":25},{""role"":""PLACE-ARG"",""start"":40,""end"":41}],""entities"":[{""type"":""ARG"",""start"":0,""end"":2},{""type"":""LOC"",""start"":2,""end"":4},{""type"":""ARG"",""start"":4,""end"":8},{""type"":""EVE"",""start"":11,""end"":12},{""type"":""LOC"",""start"":15,""end"":17},{""type"":""PLOC"",""start"":18,""end"":20},{""type"":""PLOC"",""start"":24,""end"":25},{""type"":""PLOC"",""start"":36,""end"":37},{""type"":""PLOC"",""start"":40,""end"":41}]}"
c_209d68b70fd4,"{""n_tokens"":13,""arguments"":[{""role"":""OFFICER-ARG"",""start"":0,""end"":1},{""role"":""PLACE-ARG"",""start"":1,""end"":2},{""role"":""FALSE-EVENT"",""start"":7,""end"":10}],""entities"":[{""type"":""ORG"",""start"":0,""end"":1},{""type"":""PLOC"",""start"":1,""end"":2},{""type"":""EVE"",""start"":7,""end"":10}]}"
c_22ebe0643b8d,"{""n_tokens"":16,""arguments"":[{""role"":""PLACE-ARG"",""start"":1,""end"":2},{""role"":""ACCIDENT-EVENT"",""start"":6,""end"":8},{""role"":""PLACE-ARG"",""start"":9,""end"":10},{""role"":""AFFECTEDOBJECTS-ARG"",""start"":10,""end"":12},{""role"":""ACCIDENT-EVENT"",""start"":12,""end"":13}],""entities"":[{""type"":""PLOC"",""start"":1,""end"":2},{""type"":""EVE"",""start"":6,""end"":8},{""type"":""LOC"",""start"":9,""end"":10},{""type"":""ARG"",""start"":10,""end"":12},{""type"":""EVE"",""start"":12,""end"":13},{""type"":""ARG"",""start"":13,""end"":16}]}"
c_e2ec40ea443b,"{""n_tokens"":30,""arguments"":[{""role"":""ACCIDENT-EVENT"",""start"":2,""end"":3},{""role"":""AFFECTEDOBJECTS-ARG"",""start"":3,""end"":6},{""role"":""AFFECTEDOBJECTS-ARG"",""start"":7,""end"":10},{""role"":""PLACE-ARG"",""start"":11,""end"":15}],""entities"":[{""type"":""EVE"",""start"":2,""end"":3},{""type"":""ARG"",""start"":3,""end"":6},{""type"":""ARG"",""start"":7,""end"":10},{""type"":""LOC"",""start"":11,""end"":14},{""type"":""PLOC"",""start"":14,""end"":15},{""type"":""ARG"",""start"":15,""end"":22}]}"
c_a110baad5c49,"{""n_tokens"":25,""arguments"":[{""role"":""FALSE-EVENT"",""start"":2,""end"":3},{""role"":""PLACE-ARG"",""start"":12,""end"":13}],""entities"":[{""type"":""EVE"",""start"":2,""end"":3},{""type"":""LOC"",""start"":12,""end"":13}]}"
c_f5372ba283da,"{""n_tokens"":9,""arguments"":[{""role"":""FALSE-EVENT"",""start"":2,""end"":3},{""role"":""PLACE-ARG"",""start"":4,""end"":5}],""entities"":[{""type"":""EVE"",""start"":2,""end"":3},{""type"":""LOC"",""start"":4,""end"":5}]}"
c_96b90bb213e8,"{""n_tokens"":13,""arguments"":[{""role"":""DEATHVICTIM-ARG"",""start"":2,""end"":4},{""role"":""FALSE-EVENT"",""start"":5,""end"":6}],""entities"":[{""type"":""ARG"",""start"":2,""end"":4},{""type"":""EVE"",""start"":5,""end"":6}]}"
c_0af2ae71b46d,"{""n_tokens"":16,""arguments"":[{""role"":""TIME-ARG"",""start"":0,""end"":2},{""role"":""PLACE-ARG"",""start"":2,""end"":3},{""role"":""STREET-ARG"",""start"":3,""end"":7},{""role"":""AFFECTEDOBJECTS-ARG"",""start"":11,""end"":12},{""role"":""ACCIDENT-EVENT"",""start"":12,""end"":13}],""entities"":[{""type"":""ARG"",""start"":0,""end"":2},{""type"":""LOC"",""start"":2,""end"":3},{""type"":""ARG"",""start"":3,""end"":7},{""type"":""ARG"",""start"":11,""end"":12},{""type"":""EVE"",""start"":12,""end"":13}]}"
c_c1087c196d3d,"{""n_tokens"":39,""arguments"":[{""role"":""ACCIDENT-EVENT"",""start"":3,""end"":4},{""role"":""AFFECTEDOBJECTS-ARG"",""start"":4,""end"":5},{""role"":""STREET-ARG"",""start"":6,""end"":9}],""entities"":[{""type"":""EVE"",""start"":3,""end"":4},{""type"":""ARG"",""start"":4,""end"":5},{""type"":""ARG"",""start"":6,""end"":9}]}"
c_ab11a403aa80,"{""n_tokens"":13,""arguments"":[{""role"":""FALSE-EVENT"",""start"":1,""end"":2},{""role"":""PLACE-ARG"",""start"":5,""end"":6}],""entities"":[{""type"":""EVE"",""start"":1,""end"":2},{""type"":""LOC"",""start"":5,""end"":6}]}"
c_d0ecf0a8e860,"{""n_tokens"":14,""arguments"":[{""role"":""TIME-ARG"",""start"":0,""end"":2},{""role"":""PLACE-ARG"",""start"":2,""end"":3},{""role"":""PLACE-ARG"",""start"":4,""end"":6},{""role"":""STREET-ARG"",""start"":6,""end"":8},{""role"":""ACCIDENT-EVENT"",""start"":10,""end"":11}],""entities"":[{""type"":""ARG"",""start"":0,""end"":2},{""type"":""LOC"",""start"":2,""end"":3},{""type"":""LOC"",""start"":4,""end"":6},{""type"":""ARG"",""start"":6,""end"":8},{""type"":""EVE"",""start"":10,""end"":11}]}"
c_e9cb8cb3fd05,"{""n_tokens"":15,""arguments"":[{""role"":""PLACE-ARG"",""start"":3,""end"":4},{""role"":""PLACE-ARG"",""start"":5,""end"":7},{""role"":""STREET-ARG"",""start"":7,""end"":9},{""role"":""ACCIDENT-EVENT"",""start"":11,""end"":12}],""entities"":[{""type"":""LOC"",""start"":3,""end"":4},{""type"":""LOC"",""start"":5,""end"":7},{""type"":""ARG"",""start"":7,""end"":9},{""type"":""EVE"",""start"":11,""end"":12}]}"
c_01ffc1861f58,"{""n_tokens"":33,""arguments"":[{""role"":""FALSE-EVENT"",""start"":8,""end"":9},{""role"":""FALSE-EVENT"",""start"":20,""end"":21}],""entities"":[{""type"":""EVE"",""start"":8,""end"":9},{""type"":""EVE"",""start"":20,""end"":21}]}"
c_37b51feda7d8,"{""n_tokens"":9,""arguments"":[{""role"":""FALSE-EVENT"",""start"":4,""end"":5},{""role"":""PLACE-ARG"",""start"":6,""end"":7}],""entities"":[{""type"":""EVE"",""start"":4,""end"":5},{""type"":""PLOC"",""start"":6,""end"":7}]}"
c_e85361d1e530,"{""n_tokens"":19,""arguments"":[{""role"":""STREET-ARG"",""start"":5,""end"":10},{""role"":""ACCIDENT-EVENT"",""start"":15,""end"":16}],""entities"":[{""type"":""EVE"",""start"":15,""end"":16}]}"
c_6a68b9957ae6,"{""n_tokens"":18,""arguments"":[{""role"":""TIME-ARG"",""start"":0,""end"":2},{""role"":""ACCIDENT-EVENT"",""start"":14,""end"":15}],""entities"":[{""type"":""ARG"",""start"":0,""end"":2},{""type"":""EVE"",""start"":14,""end"":15}]}"
c_9b21d7ee5e34,"{""n_tokens"":18,""arguments"":[{""role"":""TIME-ARG"",""start"":0,""end"":2},{""role"":""ACCIDENT-EVENT"",""start"":14,""end"":15}],""entities"":[{""type"":""ARG"",""start"":0,""end"":2},{""type"":""EVE"",""start"":14,""end"":15}]}"
c_8e1812c115ee,"{""n_tokens"":38,""arguments"":[{""role"":""OFFICER-ARG"",""start"":16,""end"":17},{""role"":""FALSE-EVENT"",""start"":21,""end"":23},{""role"":""PLACE-ARG"",""start"":24,""end"":25},{""role"":""PLACE-ARG"",""start"":35,""end"":36}],""entities"":[{""type"":""ORG"",""start"":16,""end"":17},{""type"":""EVE"",""start"":21,""end"":23},{""type"":""LOC"",""start"":24,""end"":25},{""type"":""PLOC"",""start"":35,""end"":36}]}"
c_8abd5f7dfdb5,"{""n_tokens"":22,""arguments"":[{""role"":""FALSE-EVENT"",""start"":2,""end"":3},{""role"":""AFFECTEDOBJECTS-ARG"",""start"":3,""end"":4},{""role"":""PLACE-ARG"",""start"":7,""end"":8}],""entities"":[{""type"":""EVE"",""start"":2,""end"":3},{""type"":""ARG"",""start"":3,""end"":4},{""type"":""LOC"",""start"":7,""end"":8}]}"
c_7576a99a3008,"{""n_tokens"":8,""arguments"":[{""role"":""FALSE-EVENT"",""start"":2,""end"":3},{""role"":""AFFECTEDOBJECTS-ARG"",""start"":3,""end"":4},{""role"":""PLACE-ARG"",""start"":5,""end"":6}],""entities"":[{""type"":""EVE"",""start"":2,""end"":3},{""type"":""ARG"",""start"":3,""end"":4},{""type"":""LOC"",""start"":5,""end"":6}]}"
c_1493f78d5f7b,"{""n_tokens"":13,""arguments"":[{""role"":""ACCIDENT-EVENT"",""start"":1,""end"":2},{""role"":""AFFECTEDOBJECTS-ARG"",""start"":2,""end"":3},{""role"":""STREET-ARG"",""start"":4,""end"":6}],""entities"":[{""type"":""EVE"",""start"":1,""end"":2},{""type"":""ARG"",""start"":2,""end"":3},{""type"":""ARG"",""start"":4,""end"":6},{""type"":""LOC"",""start"":7,""end"":8}]}"
c_538b98070729,"{""n_tokens"":7,""arguments"":[{""role"":""FALSE-EVENT"",""start"":3,""end"":5},{""role"":""PLACE-ARG"",""start"":6,""end"":7}],""entities"":[{""type"":""EVE"",""start"":3,""end"":5},{""type"":""LOC"",""start"":6,""end"":7}]}"
c_20f48ce1c6b6,"{""n_tokens"":21,""arguments"":[{""role"":""ACCIDENT-EVENT"",""start"":4,""end"":5},{""role"":""AFFECTEDOBJECTS-ARG"",""start"":5,""end"":8},{""role"":""PLACE-ARG"",""start"":14,""end"":15},{""role"":""PLACE-ARG"",""start"":16,""end"":17},{""role"":""INFORMATION-ARG"",""start"":18,""end"":21}],""entities"":[{""type"":""EVE"",""start"":4,""end"":5},{""type"":""ARG"",""start"":5,""end"":8},{""type"":""ARG"",""start"":9,""end"":17},{""type"":""ARG"",""start"":18,""end"":21}]}"
c_864e43e75007,"{""n_tokens"":20,""arguments"":[{""role"":""ACCIDENT-EVENT"",""start"":3,""end"":4},{""role"":""PLACE-ARG"",""start"":5,""end"":6},{""role"":""PLACE-ARG"",""start"":9,""end"":10},{""role"":""AFFECTEDOBJECTS-ARG"",""start"":10,""end"":13}],""entities"":[{""type"":""EVE"",""start"":3,""end"":4},{""type"":""LOC"",""start"":5,""end"":6},{""type"":""PLOC"",""start"":9,""end"":10},{""type"":""ARG"",""start"":10,""end"":13}]}"
c_35df159d4684,"{""n_tokens"":14,""arguments"":[{""role"":""AFFECTEDOBJECTS-ARG"",""start"":1,""end"":2},{""role"":""STREET-ARG"",""start"":4,""end"":10},{""role"":""ACCIDENT-EVENT"",""start"":10,""end"":11}],""entities"":[{""type"":""ARG"",""start"":1,""end"":2},{""type"":""ARG"",""start"":4,""end"":10},{""type"":""EVE"",""start"":10,""end"":11}]}"
c_01d2908f640e,"{""n_tokens"":13,""arguments"":[{""role"":""FALSE-EVENT"",""start"":0,""end"":1},{""role"":""OFFICER-ARG"",""start"":4,""end"":5},{""role"":""PLACE-ARG"",""start"":11,""end"":13}],""entities"":[{""type"":""EVE"",""start"":0,""end"":1},{""type"":""ORG"",""start"":4,""end"":5}]}"
c_dfa2d85be462,"{""n_tokens"":13,""arguments"":[{""role"":""FALSE-EVENT"",""start"":8,""end"":9}],""entities"":[{""type"":""EVE"",""start"":8,""end"":9}]}"
c_42e0c0db4255,"{""n_tokens"":43,""arguments"":[{""role"":""FALSE-EVENT"",""start"":10,""end"":11}],""entities"":[{""type"":""EVE"",""start"":10,""end"":11}]}"
c_9109d501dd57,"{""n_tokens"":28,""arguments"":[{""role"":""ACCIDENT-EVENT"",""start"":3,""end"":4},{""role"":""AFFECTEDOBJECTS-ARG"",""start"":4,""end"":6},{""role"":""PLACE-ARG"",""start"":7,""end"":9},{""role"":""OFFICER-ARG"",""start"":16,""end"":17},{""role"":""PLACE-ARG"",""start"":17,""end"":19},{""role"":""ACCIDENT-EVENT"",""start"":25,""end"":26}],""entities"":[{""type"":""EVE"",""start"":3,""end"":4},{""type"":""ARG"",""start"":4,""end"":6},{""type"":""LOC"",""start"":7,""end"":8},{""type"":""LOC"",""start"":8,""end"":9},{""type"":""ORG"",""start"":16,""end"":17},{""type"":""PLOC"",""start"":17,""end"":18},{""type"":""PLOC"",""start"":18,""end"":19},{""type"":""EVE"",""start"":25,""end"":26}]}"
c_d981bac74edf,"{""n_tokens"":8,""arguments"":[{""role"":""FALSE-EVENT"",""start"":0,""end"":1},{""role"":""PLACE-ARG"",""start"":2,""end"":4}],""entities"":[{""type"":""EVE"",""start"":0,""end"":1},{""type"":""LOC"",""start"":2,""end"":3}]}"
c_fe56eb668098,"{""n_tokens"":12,""arguments"":[{""role"":""FALSE-EVENT"",""start"":0,""end"":1},{""role"":""PLACE-ARG"",""start"":2,""end"":4}],""entities"":[{""type"":""EVE"",""start"":0,""end"":1},{""type"":""LOC"",""start"":2,""end"":3}]}"
c_93845b55f08a,"{""n_tokens"":34,""arguments"":[{""role"":""FALSE-EVENT"",""start"":9,""end"":10}],""entities"":[{""type"":""EVE"",""start"":9,""end"":10}]}"
c_abe3d428a968,"{""n_tokens"":7,""arguments"":[{""role"":""ACCIDENT-EVENT"",""start"":0,""end"":2},{""role"":""AFFECTEDOBJECTS-ARG"",""start"":2,""end"":3},{""role"":""STREET-ARG"",""start"":5,""end"":7}],""entities"":[{""type"":""EVE"",""start"":0,""end"":2},{""type"":""ARG"",""start"":2,""end"":3},{""type"":""ARG"",""start"":5,""end"":7}]}"
c_31799a2b00ff,"{""n_tokens"":8,""arguments"":[{""role"":""DEATHVICTIM-ARG"",""start"":0,""end"":2},{""role"":""ACCIDENT-EVENT"",""start"":3,""end"":4},{""role"":""AFFECTEDOBJECTS-ARG"",""start"":4,""end"":5},{""role"":""PLACE-ARG"",""start"":6,""end"":8}],""entities"":[{""type"":""ARG"",""start"":0,""end"":2},{""type"":""EVE"",""start"":3,""end"":4},{""type"":""ARG"",""start"":4,""end"":5},{""type"":""LOC"",""start"":6,""end"":8}]}"
c_53470a318a88,"{""n_tokens"":41,""arguments"":[{""role"":""PLACE-ARG"",""start"":18,""end"":19},{""role"":""PLACE-ARG"",""start"":20,""end"":21},{""role"":""FALSE-EVENT"",""start"":33,""end"":34}],""entities"":[{""type"":""PLOC"",""start"":18,""end"":19},{""type"":""PLOC"",""start"":20,""end"":21},{""type"":""EVE"",""start"":33,""end"":34}]}"
c_55a796bf2089,"{""n_tokens"":23,""arguments"":[{""role"":""TIME-ARG"",""start"":0,""end"":1},{""role"":""ACCIDENT-EVENT"",""start"":1,""end"":2},{""role"":""AFFECTEDOBJECTS-ARG"",""start"":2,""end"":3},{""role"":""REASON-ARG"",""start"":6,""end"":8},{""role"":""STREET-ARG"",""start"":9,""end"":17},{""role"":""INFORMATION-ARG"",""start"":20,""end"":22},{""role"":""OFFICER-ARG"",""start"":22,""end"":23}],""entities"":[{""type"":""ARG"",""start"":0,""end"":1},{""type"":""EVE"",""start"":1,""end"":2},{""type"":""ARG"",""start"":2,""end"":3},{""type"":""ARG"",""start"":6,""end"":8},{""type"":""ARG"",""start"":9,""end"":17},{""type"":""ARG"",""start"":20,""end"":22},{""type"":""ORG"",""start"":22,""end"":23}]}"
c_8fdfa232b9d4,"{""n_tokens"":30,""arguments"":[{""role"":""FALSE-EVENT"",""start"":2,""end"":4},{""role"":""PLACE-ARG"",""start"":5,""end"":6},{""role"":""TIME-ARG"",""start"":6,""end"":7}],""entities"":[{""type"":""EVE"",""start"":2,""end"":4},{""type"":""LOC"",""start"":5,""end"":6},{""type"":""ARG"",""start"":6,""end"":7}]}"
c_4e8b4fdf865d,"{""n_tokens"":32,""arguments"":[{""role"":""FALSE-EVENT"",""start"":12,""end"":14},{""role"":""FALSE-EVENT"",""start"":16,""end"":17}],""entities"":[{""type"":""EVE"",""start"":12,""end"":14},{""type"":""EVE"",""start"":16,""end"":18}]}"
c_ceabaadf7940,"{""n_tokens"":25,""arguments"":[{""role"":""TIME-ARG"",""start"":0,""end"":1},{""role"":""ACCIDENT-EVENT"",""start"":1,""end"":2},{""role"":""AFFECTEDOBJECTS-ARG"",""start"":2,""end"":3},{""role"":""REASON-ARG"",""start"":6,""end"":8},{""role"":""STREET-ARG"",""start"":9,""end"":17}],""entities"":[{""type"":""ARG"",""start"":0,""end"":1},{""type"":""EVE"",""start"":1,""end"":2},{""type"":""ARG"",""start"":2,""end"":3},{""type"":""ARG"",""start"":6,""end"":8},{""type"":""ARG"",""start"":9,""end"":17}]}"
c_5b5746c809cc,"{""n_tokens"":23,""arguments"":[{""role"":""FALSE-EVENT"",""start"":4,""end"":5},{""role"":""OFFICER-ARG"",""start"":12,""end"":13},{""role"":""PLACE-ARG"",""start"":13,""end"":14},{""role"":""OFFICER-ARG"",""start"":14,""end"":15},{""role"":""PLACE-ARG"",""start"":15,""end"":16}],""entities"":[{""type"":""EVE"",""start"":4,""end"":5},{""type"":""ORG"",""start"":12,""end"":13},{""type"":""PLOC"",""start"":13,""end"":14},{""type"":""ORG"",""start"":14,""end"":15},{""type"":""PLOC"",""start"":15,""end"":16}]}"
c_bb7405084d83,"{""n_tokens"":35,""arguments"":[{""role"":""TIME-ARG"",""start"":0,""end"":3},{""role"":""ACCIDENT-EVENT"",""start"":15,""end"":17},{""role"":""STREET-ARG"",""start"":18,""end"":21},{""role"":""TIME-ARG"",""start"":28,""end"":31}],""entities"":[{""type"":""ARG"",""start"":0,""end"":1},{""type"":""ARG"",""start"":1,""end"":3},{""type"":""PLOC"",""start"":11,""end"":12},{""type"":""EVE"",""start"":15,""end"":17},{""type"":""ARG"",""start"":18,""end"":21},{""type"":""ARG"",""start"":28,""end"":31},{""type"":""ORG"",""start"":31,""end"":33}]}"
c_b5da653d9752,"{""n_tokens"":26,""arguments"":[{""role"":""FALSE-EVENT"",""start"":5,""end"":6},{""role"":""AFFECTEDOBJECTS-ARG"",""start"":6,""end"":7}],""entities"":[{""type"":""EVE"",""start"":5,""end"":6},{""type"":""ARG"",""start"":6,""end"":7}]}"
c_83a529b987e4,"{""n_tokens"":34,""arguments"":[{""role"":""OFFICER-ARG"",""start"":6,""end"":7},{""role"":""PLACE-ARG"",""start"":7,""end"":8},{""role"":""FALSE-EVENT"",""start"":17,""end"":18}],""entities"":[{""type"":""ORG"",""start"":6,""end"":7},{""type"":""PLOC"",""start"":7,""end"":8},{""type"":""EVE"",""start"":17,""end"":18}]}"
c_65fa5e5c2020,"{""n_tokens"":22,""arguments"":[{""role"":""FALSE-EVENT"",""start"":3,""end"":4},{""role"":""PLACE-ARG"",""start"":5,""end"":7}],""entities"":[{""type"":""EVE"",""start"":3,""end"":4},{""type"":""LOC"",""start"":5,""end"":7},{""type"":""PLOC"",""start"":20,""end"":21}]}"
c_82a51cf636d1,"{""n_tokens"":36,""arguments"":[{""role"":""FALSE-EVENT"",""start"":6,""end"":7},{""role"":""AFFECTEDOBJECTS-ARG"",""start"":7,""end"":11},{""role"":""PLACE-ARG"",""start"":12,""end"":13},{""role"":""PLACE-ARG"",""start"":14,""end"":19},{""role"":""OFFICER-ARG"",""start"":28,""end"":30},{""role"":""PLACE-ARG"",""start"":30,""end"":31}],""entities"":[{""type"":""EVE"",""start"":6,""end"":7},{""type"":""ARG"",""start"":7,""end"":11},{""type"":""LOC"",""start"":12,""end"":13},{""type"":""LOC"",""start"":14,""end"":15},{""type"":""LOC"",""start"":15,""end"":17},{""type"":""PLOC"",""start"":18,""end"":19},{""type"":""ORG"",""start"":22,""end"":24},{""type"":""ORG"",""start"":28,""end"":30},{""type"":""PLOC"",""start"":30,""end"":31}]}"
c_ee77344d5228,"{""n_tokens"":11,""arguments"":[{""role"":""FALSE-EVENT"",""start"":4,""end"":5},{""role"":""AFFECTEDOBJECTS-ARG"",""start"":5,""end"":6},{""role"":""PLACE-ARG"",""start"":7,""end"":9}],""entities"":[{""type"":""EVE"",""start"":4,""end"":5},{""type"":""ARG"",""start"":5,""end"":6},{""type"":""LOC"",""start"":7,""end"":9}]}"
c_91a05624fb96,"{""n_tokens"":25,""arguments"":[{""role"":""ACCIDENT-EVENT"",""start"":0,""end"":2},{""role"":""PLACE-ARG"",""start"":5,""end"":6},{""role"":""DEATHVICTIM-ARG"",""start"":6,""end"":8}],""entities"":[{""type"":""EVE"",""start"":0,""end"":2},{""type"":""LOC"",""start"":5,""end"":6},{""type"":""ARG"",""start"":6,""end"":8},{""type"":""ARG"",""start"":12,""end"":16}]}"
c_efa9acc6bcde,"{""n_tokens"":40,""arguments"":[{""role"":""FALSE-EVENT"",""start"":1,""end"":2},{""role"":""AFFECTEDOBJECTS-ARG"",""start"":2,""end"":3},{""role"":""ACCIDENT-EVENT"",""start"":13,""end"":14},{""role"":""AFFECTEDOBJECTS-ARG"",""start"":14,""end"":15},{""role"":""FALSE-EVENT"",""start"":25,""end"":26},{""role"":""PLACE-ARG"",""start"":27,""end"":29},{""role"":""TIME-ARG"",""start"":30,""end"":33},{""role"":""DEATHVICTIM-ARG"",""start"":33,""end"":36}],""entities"":[{""type"":""EVE"",""start"":1,""end"":2},{""type"":""ARG"",""start"":2,""end"":3},{""type"":""EVE"",""start"":13,""end"":14},{""type"":""ARG"",""start"":14,""end"":15},{""type"":""EVE"",""start"":25,""end"":26},{""type"":""LOC"",""start"":27,""end"":29},{""type"":""ARG"",""start"":30,""end"":33},{""type"":""ARG"",""start"":33,""end"":36}]}"
c_fedea6cc96d5,"{""n_tokens"":16,""arguments"":[{""role"":""DEATHVICTIM-ARG"",""start"":0,""end"":2},{""role"":""PLACE-ARG"",""start"":2,""end"":3},{""role"":""ACCIDENT-EVENT"",""start"":4,""end"":5},{""role"":""PLACE-ARG"",""start"":6,""end"":8}],""entities"":[{""type"":""ARG"",""start"":0,""end"":2},{""type"":""PLOC"",""start"":2,""end"":3},{""type"":""EVE"",""start"":4,""end"":5},{""type"":""LOC"",""start"":6,""end"":8}]}"
c_5af4d694206e,"{""n_tokens"":18,""arguments"":[{""role"":""ACCIDENT-EVENT"",""start"":5,""end"":6},{""role"":""PLACE-ARG"",""start"":7,""end"":9},{""role"":""DEATHVICTIM-ARG"",""start"":10,""end"":13}],""entities"":[{""type"":""EVE"",""start"":5,""end"":6},{""type"":""LOC"",""start"":7,""end"":8},{""type"":""PLOC"",""start"":8,""end"":9},{""type"":""ARG"",""start"":10,""end"":13}]}"
c_9639eb8fe715,"{""n_tokens"":9,""arguments"":[{""role"":""TIME-ARG"",""start"":1,""end"":3},{""role"":""PLACE-ARG"",""start"":7,""end"":8}],""entities"":[{""type"":""EVE"",""start"":4,""end"":6},{""type"":""LOC"",""start"":7,""end"":8}]}"
c_7a5367744b7c,"{""n_tokens"":40,""arguments"":[{""role"":""FALSE-EVENT"",""start"":2,""end"":3},{""role"":""AFFECTEDOBJECTS-ARG"",""start"":3,""end"":4},{""role"":""FALSE-EVENT"",""start"":9,""end"":10},{""role"":""PLACE-ARG"",""start"":12,""end"":13},{""role"":""FALSE-EVENT"",""start"":19,""end"":20},{""role"":""FALSE-EVENT"",""start"":37,""end"":38}],""entities"":[{""type"":""EVE"",""start"":2,""end"":3},{""type"":""ARG"",""start"":3,""end"":4},{""type"":""EVE"",""start"":9,""end"":10},{""type"":""LOC"",""start"":12,""end"":13},{""type"":""EVE"",""start"":19,""end"":20},{""type"":""EVE"",""start"":37,""end"":38}]}"
c_6153b1e60c3a,"{""n_tokens"":32,""arguments"":[{""role"":""TIME-ARG"",""start"":0,""end"":2},{""role"":""ACCIDENT-EVENT"",""start"":5,""end"":7},{""role"":""STREET-ARG"",""start"":8,""end"":11},{""role"":""PLACE-ARG"",""start"":13,""end"":15},{""role"":""TIME-ARG"",""start"":16,""end"":19},{""role"":""AFFECTEDOBJECTS-ARG"",""start"":19,""end"":22},{""role"":""REASON-ARG"",""start"":22,""end"":25}],""entities"":[{""type"":""ARG"",""start"":0,""end"":2},{""type"":""EVE"",""start"":5,""end"":7},{""type"":""ARG"",""start"":8,""end"":11},{""type"":""LOC"",""start"":13,""end"":15},{""type"":""ARG"",""start"":16,""end"":19},{""type"":""ARG"",""start"":19,""end"":22},{""type"":""ARG"",""start"":22,""end"":25},{""type"":""ARG"",""start"":26,""end"":28}]}"
c_0dece5a072ad,"{""n_tokens"":26,""arguments"":[{""role"":""FALSE-EVENT"",""start"":8,""end"":9},{""role"":""AFFECTEDOBJECTS-ARG"",""start"":9,""end"":10},{""role"":""PLACE-ARG"",""start"":11,""end"":15}],""entities"":[{""type"":""EVE"",""start"":8,""end"":9},{""type"":""ARG"",""start"":9,""end"":10},{""type"":""LOC"",""start"":11,""end"":13},{""type"":""LOC"",""start"":13,""end"":15}]}"
c_526a07c753d9,"{""n_tokens"":22,""arguments"":[{""role"":""FALSE-EVENT"",""start"":7,""end"":8},{""role"":""AFFECTEDOBJECTS-ARG"",""start"":8,""end"":10}],""entities"":[{""type"":""EVE"",""start"":7,""end"":8},{""type"":""ARG"",""start"":8,""end"":10}]}"
c_3d74d1519949,"{""n_tokens"":19,""arguments"":[{""role"":""PLACE-ARG"",""start"":6,""end"":7},{""role"":""ACCIDENT-EVENT"",""start"":8,""end"":10}],""entities"":[{""type"":""LOC"",""start"":6,""end"":7},{""type"":""EVE"",""start"":8,""end"":10},{""type"":""ARG"",""start"":18,""end"":19}]}"
c_0e396e8d79cb,"{""n_tokens"":25,""arguments"":[{""role"":""FALSE-EVENT"",""start"":14,""end"":15},{""role"":""PLACE-ARG"",""start"":17,""end"":18}],""entities"":[{""type"":""EVE"",""start"":14,""end"":15}]}"
c_2a263b975826,"{""n_tokens"":27,""arguments"":[{""role"":""ACCIDENT-EVENT"",""start"":8,""end"":9},{""role"":""PLACE-ARG"",""start"":13,""end"":17},{""role"":""OFFICER-ARG"",""start"":21,""end"":22},{""role"":""PLACE-ARG"",""start"":22,""end"":24}],""entities"":[{""type"":""EVE"",""start"":8,""end"":9},{""type"":""LOC"",""start"":13,""end"":15},{""type"":""LOC"",""start"":15,""end"":17},{""type"":""ORG"",""start"":21,""end"":22},{""type"":""PLOC"",""start"":22,""end"":24}]}"
c_c3983144f196,"{""n_tokens"":31,""arguments"":[{""role"":""FALSE-EVENT"",""start"":4,""end"":5}],""entities"":[{""type"":""EVE"",""start"":4,""end"":5}]}"
c_49cd7b8e7ab6,"{""n_tokens"":32,""arguments"":[{""role"":""FALSE-EVENT"",""start"":6,""end"":7}],""entities"":[{""type"":""EVE"",""start"":6,""end"":7}]}"
c_4c41909ca3a4,"{""n_tokens"":8,""arguments"":[{""role"":""FALSE-EVENT"",""start"":4,""end"":5},{""role"":""PLACE-ARG"",""start"":7,""end"":8}],""entities"":[{""type"":""EVE"",""start"":4,""end"":5},{""type"":""LOC"",""start"":7,""end"":8}]}"
c_87771277b644,"{""n_tokens"":29,""arguments"":[{""role"":""TIME-ARG"",""start"":0,""end"":2},{""role"":""PLACE-ARG"",""start"":2,""end"":3},{""role"":""ACCIDENT-EVENT"",""start"":10,""end"":11},{""role"":""STREET-ARG"",""start"":13,""end"":17}],""entities"":[{""type"":""ARG"",""start"":0,""end"":2},{""type"":""LOC"",""start"":2,""end"":3},{""type"":""EVE"",""start"":10,""end"":11}]}"
c_1827ef245235,"{""n_tokens"":21,""arguments"":[{""role"":""TIME-ARG"",""start"":0,""end"":1},{""role"":""ACCIDENT-EVENT"",""start"":1,""end"":2},{""role"":""AFFECTEDOBJECTS-ARG"",""start"":2,""end"":3},{""role"":""PLACE-ARG"",""start"":10,""end"":12},{""role"":""OFFICER-ARG"",""start"":20,""end"":21}],""entities"":[{""type"":""ARG"",""start"":0,""end"":1},{""type"":""EVE"",""start"":1,""end"":2},{""type"":""ARG"",""start"":2,""end"":3},{""type"":""LOC"",""start"":10,""end"":12},{""type"":""ORG"",""start"":20,""end"":21}]}"
c_729c21cab933,"{""n_tokens"":22,""arguments"":[{""role"":""TIME-ARG"",""start"":0,""end"":1},{""role"":""ACCIDENT-EVENT"",""start"":6,""end"":7},{""role"":""AFFECTEDOBJECTS-ARG"",""start"":7,""end"":8},{""role"":""PLACE-ARG"",""start"":16,""end"":18}],""entities"":[{""type"":""ARG"",""start"":0,""end"":1},{""type"":""EVE"",""start"":6,""end"":7},{""type"":""ARG"",""start"":7,""end"":8},{""type"":""ARG"",""start"":10,""end"":13},{""type"":""LOC"",""start"":16,""end"":18}]}"
c_7d684f2e5891,"{""n_tokens"":25,""arguments"":[{""role"":""TIME-ARG"",""start"":0,""end"":1},{""role"":""ACCIDENT-EVENT"",""start"":1,""end"":2},{""role"":""AFFECTEDOBJECTS-ARG"",""start"":2,""end"":3},{""role"":""ACCIDENT-EVENT"",""start"":6,""end"":7},{""role"":""PLACE-ARG"",""start"":14,""end"":16},{""role"":""OFFICER-ARG"",""start"":24,""end"":25}],""entities"":[{""type"":""ARG"",""start"":0,""end"":1},{""type"":""EVE"",""start"":1,""end"":2},{""type"":""ARG"",""start"":2,""end"":3},{""type"":""ARG"",""start"":8,""end"":11},{""type"":""LOC"",""start"":14,""end"":16},{""type"":""ORG"",""start"":24,""end"":25}]}"
c_c19f97b09a76,"{""n_tokens"":20,""arguments"":[{""role"":""ACCIDENT-EVENT"",""start"":4,""end"":5},{""role"":""AFFECTEDOBJECTS-ARG"",""start"":5,""end"":6},{""role"":""ACCIDENT-EVENT"",""start"":9,""end"":10},{""role"":""PLACE-ARG"",""start"":17,""end"":19}],""entities"":[{""type"":""EVE"",""start"":4,""end"":5},{""type"":""ARG"",""start"":5,""end"":6},{""type"":""EVE"",""start"":9,""end"":10},{""type"":""ARG"",""start"":11,""end"":14},{""type"":""LOC"",""start"":17,""end"":19}]}"
c_c47f74e60085,"{""n_tokens"":47,""arguments"":[{""role"":""ACCIDENT-EVENT"",""start"":3,""end"":4},{""role"":""AFFECTEDOBJECTS-ARG"",""start"":4,""end"":5},{""role"":""AFFECTEDOBJECTS-ARG"",""start"":7,""end"":8},{""role"":""TIME-ARG"",""start"":33,""end"":34}],""entities"":[{""type"":""EVE"",""start"":3,""end"":4},{""type"":""ARG"",""start"":4,""end"":5},{""type"":""ARG"",""start"":7,""end"":8},{""type"":""ARG"",""start"":33,""end"":34}]}"
c_6921bd8f217a,"{""n_tokens"":35,""arguments"":[{""role"":""PLACE-ARG"",""start"":7,""end"":9},{""role"":""OFFICER-ARG"",""start"":11,""end"":12},{""role"":""FALSE-EVENT"",""start"":18,""end"":19},{""role"":""OFFICER-ARG"",""start"":23,""end"":24},{""role"":""PLACE-ARG"",""start"":31,""end"":33}],""entities"":[{""type"":""ORG"",""start"":11,""end"":12},{""type"":""EVE"",""start"":18,""end"":19},{""type"":""ORG"",""start"":23,""end"":24},{""type"":""LOC"",""start"":31,""end"":33}]}"
c_0436a49a9641,"{""n_tokens"":26,""arguments"":[{""role"":""FALSE-EVENT"",""start"":7,""end"":8}],""entities"":[{""type"":""EVE"",""start"":7,""end"":8}]}"
c_626f3358c786,"{""n_tokens"":19,""arguments"":[{""role"":""AFFECTEDOBJECTS-ARG"",""start"":4,""end"":5},{""role"":""ACCIDENT-EVENT"",""start"":6,""end"":8}],""entities"":[{""type"":""ARG"",""start"":4,""end"":5},{""type"":""EVE"",""start"":6,""end"":8}]}"
c_3745324578a5,"{""n_tokens"":25,""arguments"":[{""role"":""ACCIDENT-EVENT"",""start"":2,""end"":3},{""role"":""AFFECTEDOBJECTS-ARG"",""start"":3,""end"":5},{""role"":""ACCIDENT-EVENT"",""start"":5,""end"":6},{""role"":""AFFECTEDOBJECTS-ARG"",""start"":6,""end"":8},{""role"":""PLACE-ARG"",""start"":21,""end"":22},{""role"":""PLACE-ARG"",""start"":24,""end"":25}],""entities"":[{""type"":""EVE"",""start"":2,""end"":3},{""type"":""ARG"",""start"":3,""end"":5},{""type"":""EVE"",""start"":5,""end"":6},{""type"":""ARG"",""start"":6,""end"":8},{""type"":""PLOC"",""start"":21,""end"":22},{""type"":""PLOC"",""start"":24,""end"":25}]}"
c_5b9a30f3ae9a,"{""n_tokens"":23,""arguments"":[{""role"":""TIME-ARG"",""start"":0,""end"":2},{""role"":""ACCIDENT-EVENT"",""start"":5,""end"":6},{""role"":""PLACE-ARG"",""start"":11,""end"":12},{""role"":""PLACE-ARG"",""start"":13,""end"":14},{""role"":""PLACE-ARG"",""start"":16,""end"":17}],""entities"":[{""type"":""ARG"",""start"":0,""end"":2},{""type"":""EVE"",""start"":5,""end"":6},{""type"":""LOC"",""start"":11,""end"":12},{""type"":""LOC"",""start"":16,""end"":17}]}"
c_7c72df311edf,"{""n_tokens"":24,""arguments"":[{""role"":""TIME-ARG"",""start"":0,""end"":1},{""role"":""ACCIDENT-EVENT"",""start"":1,""end"":2},{""role"":""AFFECTEDOBJECTS-ARG"",""start"":2,""end"":3},{""role"":""INFORMATION-ARG"",""start"":6,""end"":7},{""role"":""STREET-ARG"",""start"":8,""end"":17},{""role"":""INFORMATION-ARG"",""start"":20,""end"":23},{""role"":""OFFICER-ARG"",""start"":23,""end"":24}],""entities"":[{""type"":""ARG"",""start"":0,""end"":1},{""type"":""EVE"",""start"":1,""end"":2},{""type"":""ARG"",""start"":2,""end"":3},{""type"":""ARG"",""start"":6,""end"":7},{""type"":""ARG"",""start"":8,""end"":17},{""type"":""ARG"",""start"":20,""end"":23},{""type"":""ORG"",""start"":23,""end"":24}]}"
c_e8fb660a5cde,"{""n_tokens"":25,""arguments"":[{""role"":""OFFICER-ARG"",""start"":0,""end"":1},{""role"":""FALSE-EVENT"",""start"":11,""end"":12},{""role"":""PLACE-ARG"",""start"":17,""end"":19}],""entities"":[{""type"":""ORG"",""start"":0,""end"":1},{""type"":""EVE"",""start"":11,""end"":12},{""type"":""LOC"",""start"":17,""end"":19}]}"
c_1a0e972a1568,"{""n_tokens"":21,""arguments"":[{""role"":""TIME-ARG"",""start"":0,""end"":1},{""role"":""ACCIDENT-EVENT"",""start"":1,""end"":2},{""role"":""AFFECTEDOBJECTS-ARG"",""start"":2,""end"":4},{""role"":""STREET-ARG"",""start"":5,""end"":14},{""role"":""INFORMATION-ARG"",""start"":17,""end"":20},{""role"":""OFFICER-ARG"",""start"":20,""end"":21}],""entities"":[{""type"":""ARG"",""start"":0,""end"":1},{""type"":""EVE"",""start"":1,""end"":2},{""type"":""ARG"",""start"":2,""end"":4},{""type"":""ARG"",""start"":5,""end"":14},{""type"":""ARG"",""start"":17,""end"":20},{""type"":""ORG"",""start"":20,""end"":21}]}"
c_557163d3a708,"{""n_tokens"":36,""arguments"":[{""role"":""ACCIDENT-EVENT"",""start"":11,""end"":12},{""role"":""ACCIDENT-EVENT"",""start"":15,""end"":16},{""role"":""AFFECTEDOBJECTS-ARG"",""start"":16,""end"":17},{""role"":""PLACE-ARG"",""start"":18,""end"":24},{""role"":""TIME-ARG"",""start"":24,""end"":25},{""role"":""TIME-ARG"",""start"":26,""end"":27}],""entities"":[{""type"":""EVE"",""start"":11,""end"":12},{""type"":""EVE"",""start"":15,""end"":16},{""type"":""ARG"",""start"":16,""end"":17},{""type"":""LOC"",""start"":18,""end"":20},{""type"":""LOC"",""start"":20,""end"":22},{""type"":""LOC"",""start"":22,""end"":24},{""type"":""ARG"",""start"":24,""end"":25},{""type"":""ARG"",""start"":26,""end"":27}]}"
c_25772080e136,"{""n_tokens"":32,""arguments"":[{""role"":""ACCIDENT-EVENT"",""start"":6,""end"":7},{""role"":""AFFECTEDOBJECTS-ARG"",""start"":9,""end"":11},{""role"":""AFFECTEDOBJECTS-ARG"",""start"":12,""end"":16},{""role"":""STREET-ARG"",""start"":17,""end"":20},{""role"":""PLACE-ARG"",""start"":20,""end"":21}],""entities"":[{""type"":""EVE"",""start"":6,""end"":7},{""type"":""ARG"",""start"":9,""end"":11},{""type"":""ARG"",""start"":12,""end"":16},{""type"":""ARG"",""start"":17,""end"":20},{""type"":""LOC"",""start"":20,""end"":21}]}"
c_1bc0dcc5c0cd,"{""n_tokens"":14,""arguments"":[{""role"":""TIME-ARG"",""start"":0,""end"":2},{""role"":""STREET-ARG"",""start"":2,""end"":7},{""role"":""ACCIDENT-EVENT"",""start"":10,""end"":11}],""entities"":[{""type"":""ARG"",""start"":0,""end"":2},{""type"":""ARG"",""start"":5,""end"":7},{""type"":""EVE"",""start"":10,""end"":11}]}"
c_747f422aa8c2,"{""n_tokens"":28,""arguments"":[{""role"":""PLACE-ARG"",""start"":8,""end"":10},{""role"":""FALSE-EVENT"",""start"":13,""end"":14},{""role"":""OFFICER-ARG"",""start"":27,""end"":28}],""entities"":[{""type"":""LOC"",""start"":8,""end"":10},{""type"":""EVE"",""start"":13,""end"":14},{""type"":""ORG"",""start"":27,""end"":28}]}"
c_dd2cb26b9307,"{""n_tokens"":17,""arguments"":[{""role"":""TIME-ARG"",""start"":0,""end"":1},{""role"":""ACCIDENT-EVENT"",""start"":1,""end"":2},{""role"":""STREET-ARG"",""start"":3,""end"":11},{""role"":""INFORMATION-ARG"",""start"":14,""end"":16},{""role"":""OFFICER-ARG"",""start"":16,""end"":17}],""entities"":[{""type"":""ARG"",""start"":0,""end"":1},{""type"":""EVE"",""start"":1,""end"":2},{""type"":""ARG"",""start"":3,""end"":11},{""type"":""ARG"",""start"":14,""end"":16},{""type"":""ORG"",""start"":16,""end"":17}]}"
c_af44de339fe6,"{""n_tokens"":22,""arguments"":[{""role"":""ACCIDENT-EVENT"",""start"":2,""end"":3},{""role"":""PLACE-ARG"",""start"":13,""end"":14},{""role"":""INFORMATION-ARG"",""start"":18,""end"":21}],""entities"":[{""type"":""EVE"",""start"":2,""end"":3},{""type"":""ARG"",""start"":18,""end"":21}]}"
c_52ea40f354f1,"{""n_tokens"":8,""arguments"":[{""role"":""ACCIDENT-EVENT"",""start"":0,""end"":1},{""role"":""STREET-ARG"",""start"":2,""end"":4},{""role"":""AFFECTEDOBJECTS-ARG"",""start"":4,""end"":6},{""role"":""INFORMATION-ARG"",""start"":6,""end"":8}],""entities"":[{""type"":""EVE"",""start"":0,""end"":1},{""type"":""ARG"",""start"":2,""end"":4},{""type"":""ARG"",""start"":4,""end"":6},{""type"":""ARG"",""start"":6,""end"":8}]}"
c_b2a6f5f9c5ed,"{""n_tokens"":13,""arguments"":[{""role"":""ACCIDENT-EVENT"",""start"":0,""end"":1},{""role"":""PLACE-ARG"",""start"":2,""end"":4},{""role"":""PLACE-ARG"",""start"":5,""end"":6},{""role"":""AFFECTEDOBJECTS-ARG"",""start"":6,""end"":10},{""role"":""AFFECTEDOBJECTS-ARG"",""start"":10,""end"":12}],""entities"":[{""type"":""EVE"",""start"":0,""end"":1},{""type"":""LOC"",""start"":2,""end"":4},{""type"":""ARG"",""start"":6,""end"":10},{""type"":""ARG"",""start"":10,""end"":12}]}"
c_5ce24f1098a0,"{""n_tokens"":10,""arguments"":[{""role"":""ACCIDENT-EVENT"",""start"":0,""end"":1},{""role"":""PLACE-ARG"",""start"":2,""end"":4},{""role"":""PLACE-ARG"",""start"":5,""end"":6},{""role"":""AFFECTEDOBJECTS-ARG"",""start"":6,""end"":10}],""entities"":[{""type"":""EVE"",""start"":0,""end"":1},{""type"":""LOC"",""start"":2,""end"":4},{""type"":""PLOC"",""start"":5,""end"":6},{""type"":""ARG"",""start"":6,""end"":10}]}"
c_0e9069725dd7,"{""n_tokens"":30,""arguments"":[{""role"":""ACCIDENT-EVENT"",""start"":2,""end"":4},{""role"":""AFFECTEDOBJECTS-ARG"",""start"":4,""end"":6},{""role"":""STREET-ARG"",""start"":15,""end"":18},{""role"":""PLACE-ARG"",""start"":18,""end"":21},{""role"":""TIME-ARG"",""start"":22,""end"":25},{""role"":""TIME-ARG"",""start"":28,""end"":29}],""entities"":[{""type"":""EVE"",""start"":2,""end"":4},{""type"":""ARG"",""start"":4,""end"":6},{""type"":""ARG"",""start"":15,""end"":18},{""type"":""LOC"",""start"":18,""end"":21},{""type"":""ARG"",""start"":22,""end"":25},{""type"":""ARG"",""start"":28,""end"":29}]}"
c_000973780995,"{""n_tokens"":29,""arguments"":[{""role"":""FALSE-EVENT"",""start"":6,""end"":7},{""role"":""PLACE-ARG"",""start"":10,""end"":12},{""role"":""DEATHVICTIM-ARG"",""start"":13,""end"":16},{""role"":""WOUNDVICTIM-ARG"",""start"":17,""end"":20}],""entities"":[{""type"":""EVE"",""start"":6,""end"":7},{""type"":""LOC"",""start"":10,""end"":11},{""type"":""PLOC"",""start"":11,""end"":12},{""type"":""ARG"",""start"":13,""end"":16},{""type"":""ARG"",""start"":17,""end"":20}]}"
c_10a38c95516a,"{""n_tokens"":31,""arguments"":[{""role"":""FALSE-EVENT"",""start"":2,""end"":5},{""role"":""PLACE-ARG"",""start"":6,""end"":7},{""role"":""PLACE-ARG"",""start"":10,""end"":11},{""role"":""PLACE-ARG"",""start"":20,""end"":21},{""role"":""FALSE-EVENT"",""start"":24,""end"":27},{""role"":""PLACE-ARG"",""start"":30,""end"":31}],""entities"":[{""type"":""EVE"",""start"":2,""end"":5},{""type"":""LOC"",""start"":6,""end"":7},{""type"":""PLOC"",""start"":10,""end"":11},{""type"":""PLOC"",""start"":20,""end"":21},{""type"":""EVE"",""start"":24,""end"":27},{""type"":""PLOC"",""start"":30,""end"":31}]}"
c_31b51be74528,"{""n_tokens"":43,""arguments"":[{""role"":""FALSE-EVENT"",""start"":16,""end"":17},{""role"":""REASON-ARG"",""start"":19,""end"":22}],""entities"":[{""type"":""EVE"",""start"":16,""end"":17},{""type"":""ARG"",""start"":19,""end"":22}]}"
c_c633f9f97d8f,"{""n_tokens"":19,""arguments"":[{""role"":""ACCIDENT-EVENT"",""start"":9,""end"":10},{""role"":""STREET-ARG"",""start"":11,""end"":14},{""role"":""PLACE-ARG"",""start"":14,""end"":15}],""entities"":[{""type"":""ARG"",""start"":5,""end"":7},{""type"":""EVE"",""start"":9,""end"":10},{""type"":""ARG"",""start"":11,""end"":14},{""type"":""LOC"",""start"":14,""end"":15}]}"
c_ad9ee45641f2,"{""n_tokens"":45,""arguments"":[{""role"":""FALSE-EVENT"",""start"":34,""end"":35}],""entities"":[{""type"":""EVE"",""start"":34,""end"":35}]}"
c_43a10ffae450,"{""n_tokens"":23,""arguments"":[{""role"":""TIME-ARG"",""start"":0,""end"":1},{""role"":""ACCIDENT-EVENT"",""start"":1,""end"":2},{""role"":""AFFECTEDOBJECTS-ARG"",""start"":2,""end"":4},{""role"":""PLACE-ARG"",""start"":16,""end"":17},{""role"":""INFORMATION-ARG"",""start"":20,""end"":22},{""role"":""OFFICER-ARG"",""start"":22,""end"":23}],""entities"":[{""type"":""ARG"",""start"":0,""end"":1},{""type"":""EVE"",""start"":1,""end"":2},{""type"":""ARG"",""start"":2,""end"":4},{""type"":""PLOC"",""start"":16,""end"":17},{""type"":""ARG"",""start"":20,""end"":22},{""type"":""ORG"",""start"":22,""end"":23}]}"
c_59b79eeae64e,"{""n_tokens"":10,""arguments"":[{""role"":""FALSE-EVENT"",""start"":1,""end"":2},{""role"":""AFFECTEDOBJECTS-ARG"",""start"":2,""end"":3}],""entities"":[{""type"":""EVE"",""start"":1,""end"":2},{""type"":""ARG"",""start"":2,""end"":3},{""type"":""ARG"",""start"":3,""end"":5}]}"
c_96d09293ef94,"{""n_tokens"":37,""arguments"":[{""role"":""ACCIDENT-EVENT"",""start"":16,""end"":17},{""role"":""AFFECTEDOBJECTS-ARG"",""start"":17,""end"":18}],""entities"":[{""type"":""PLOC"",""start"":10,""end"":11},{""type"":""EVE"",""start"":16,""end"":17},{""type"":""ARG"",""start"":17,""end"":18}]}"
c_794a14bcef7f,"{""n_tokens"":21,""arguments"":[{""role"":""ACCIDENT-EVENT"",""start"":3,""end"":4},{""role"":""AFFECTEDOBJECTS-ARG"",""start"":4,""end"":6},{""role"":""STREET-ARG"",""start"":7,""end"":11},{""role"":""PLACE-ARG"",""start"":12,""end"":13},{""role"":""PLACE-ARG"",""start"":15,""end"":16},{""role"":""INFORMATION-ARG"",""start"":18,""end"":21}],""entities"":[{""type"":""EVE"",""start"":3,""end"":4},{""type"":""ARG"",""start"":4,""end"":6},{""type"":""ARG"",""start"":7,""end"":11},{""type"":""LOC"",""start"":12,""end"":13},{""type"":""PLOC"",""start"":15,""end"":16},{""type"":""ARG"",""start"":18,""end"":21}]}"
c_d645137d06f7,"{""n_tokens"":18,""arguments"":[{""role"":""DEATHVICTIM-ARG"",""start"":12,""end"":13},{""role"":""FALSE-EVENT"",""start"":14,""end"":15}],""entities"":[{""type"":""EVE"",""start"":14,""end"":15}]}"
c_b875810f706f,"{""n_tokens"":23,""arguments"":[{""role"":""ACCIDENT-EVENT"",""start"":4,""end"":5},{""role"":""AFFECTEDOBJECTS-ARG"",""start"":5,""end"":7},{""role"":""STREET-ARG"",""start"":13,""end"":16},{""role"":""DEATHVICTIM-ARG"",""start"":19,""end"":21}],""entities"":[{""type"":""EVE"",""start"":4,""end"":5},{""type"":""ARG"",""start"":5,""end"":7},{""type"":""ARG"",""start"":13,""end"":16},{""type"":""ARG"",""start"":19,""end"":21}]}"
c_72ff6786db2a,"{""n_tokens"":11,""arguments"":[{""role"":""ACCIDENT-EVENT"",""start"":0,""end"":2},{""role"":""PLACE-ARG"",""start"":3,""end"":5},{""role"":""DEATHVICTIM-ARG"",""start"":5,""end"":7},{""role"":""ACCIDENT-EVENT"",""start"":9,""end"":10}],""entities"":[{""type"":""EVE"",""start"":0,""end"":2},{""type"":""LOC"",""start"":3,""end"":5},{""type"":""ARG"",""start"":5,""end"":7},{""type"":""EVE"",""start"":9,""end"":10}]}"
c_af7d04147fca,"{""n_tokens"":12,""arguments"":[{""role"":""ACCIDENT-EVENT"",""start"":0,""end"":1},{""role"":""AFFECTEDOBJECTS-ARG"",""start"":1,""end"":2},{""role"":""PLACE-ARG"",""start"":3,""end"":5},{""role"":""DEATHVICTIM-ARG"",""start"":5,""end"":8},{""role"":""ACCIDENT-EVENT"",""start"":9,""end"":10}],""entities"":[{""type"":""EVE"",""start"":0,""end"":1},{""type"":""ARG"",""start"":1,""end"":2},{""type"":""LOC"",""start"":3,""end"":5},{""type"":""ARG"",""start"":5,""end"":8},{""type"":""EVE"",""start"":9,""end"":10}]}"
c_d1653180ffed,"{""n_tokens"":32,""arguments"":[{""role"":""ACCIDENT-EVENT"",""start"":3,""end"":4},{""role"":""AFFECTEDOBJECTS-ARG"",""start"":5,""end"":7},{""role"":""OFFICER-ARG"",""start"":15,""end"":16},{""role"":""PLACE-ARG"",""start"":16,""end"":18},{""role"":""ACCIDENT-EVENT"",""start"":23,""end"":24},{""role"":""AFFECTEDOBJECTS-ARG"",""start"":25,""end"":27}],""entities"":[{""type"":""EVE"",""start"":3,""end"":4},{""type"":""ARG"",""start"":5,""end"":7},{""type"":""ORG"",""start"":15,""end"":16},{""type"":""PLOC"",""start"":16,""end"":17},{""type"":""PLOC"",""start"":17,""end"":18},{""type"":""EVE"",""start"":23,""end"":24},{""type"":""ARG"",""start"":25,""end"":27}]}"
c_9585b91d99d7,"{""n_tokens"":40,""arguments"":[{""role"":""ACCIDENT-EVENT"",""start"":5,""end"":6},{""role"":""AFFECTEDOBJECTS-ARG"",""start"":6,""end"":7},{""role"":""PLACE-ARG"",""start"":8,""end"":9},{""role"":""TIME-ARG"",""start"":14,""end"":15},{""role"":""TIME-ARG"",""start"":16,""end"":17},{""role"":""PLACE-ARG"",""start"":23,""end"":25},{""role"":""ACCIDENT-EVENT"",""start"":29,""end"":30},{""role"":""AFFECTEDOBJECTS-ARG"",""start"":30,""end"":31}],""entities"":[{""type"":""EVE"",""start"":5,""end"":6},{""type"":""ARG"",""start"":6,""end"":7},{""type"":""LOC"",""start"":8,""end"":9},{""type"":""ARG"",""start"":14,""end"":15},{""type"":""ARG"",""start"":16,""end"":17},{""type"":""LOC"",""start"":23,""end"":24},{""type"":""LOC"",""start"":24,""end"":25},{""type"":""EVE"",""start"":29,""end"":30},{""type"":""ARG"",""start"":30,""end"":31}]}"
c_52fd7ecd0a74,"{""n_tokens"":23,""arguments"":[{""role"":""ACCIDENT-EVENT"",""start"":4,""end"":5},{""role"":""AFFECTEDOBJECTS-ARG"",""start"":5,""end"":7},{""role"":""AFFECTEDOBJECTS-ARG"",""start"":8,""end"":11},{""role"":""PLACE-ARG"",""start"":16,""end"":17},{""role"":""PLACE-ARG"",""start"":19,""end"":20}],""entities"":[{""type"":""EVE"",""start"":4,""end"":5},{""type"":""ARG"",""start"":5,""end"":7},{""type"":""ARG"",""start"":8,""end"":11},{""type"":""ARG"",""start"":11,""end"":14},{""type"":""LOC"",""start"":16,""end"":17},{""type"":""PLOC"",""start"":19,""end"":20}]}"
c_49dce822cfda,"{""n_tokens"":11,""arguments"":[{""role"":""ACCIDENT-EVENT"",""start"":0,""end"":1},{""role"":""AFFECTEDOBJECTS-ARG"",""start"":1,""end"":3},{""role"":""STREET-ARG"",""start"":4,""end"":7},{""role"":""AFFECTEDOBJECTS-ARG"",""start"":7,""end"":10}],""entities"":[{""type"":""EVE"",""start"":0,""end"":1},{""type"":""ARG"",""start"":1,""end"":3},{""type"":""ARG"",""start"":4,""end"":7},{""type"":""ARG"",""start"":7,""end"":10}]}"
c_dd37b9af275d,"{""n_tokens"":12,""arguments"":[{""role"":""ACCIDENT-EVENT"",""start"":2,""end"":3},{""role"":""STREET-ARG"",""start"":4,""end"":10}],""entities"":[{""type"":""EVE"",""start"":2,""end"":3},{""type"":""ARG"",""start"":4,""end"":10}]}"
c_7c557c4df6c3,"{""n_tokens"":21,""arguments"":[{""role"":""FALSE-EVENT"",""start"":6,""end"":7}],""entities"":[{""type"":""EVE"",""start"":6,""end"":7}]}"
c_6ba39d24a1f0,"{""n_tokens"":21,""arguments"":[{""role"":""FALSE-EVENT"",""start"":16,""end"":17}],""entities"":[{""type"":""EVE"",""start"":16,""end"":17}]}"
